=== 2026-09-07T15:19:58Z staging sources
  staged QDDSSRC/AWARDDB.pf -> ASHIBATA1/QDDSSRC(AWARDDB)
  staged QDDSSRC/BMOVDB.pf -> ASHIBATA1/QDDSSRC(BMOVDB)
  staged QDDSSRC/EXHBDB.pf -> ASHIBATA1/QDDSSRC(EXHBDB)
  staged QDDSSRC/GUESTBKDB.pf -> ASHIBATA1/QDDSSRC(GUESTBKDB)
  staged QDDSSRC/LRN400STR.pf -> ASHIBATA1/QDDSSRC(LRN400STR)
  staged QDDSSRC/SECOFRS.pf -> ASHIBATA1/QDDSSRC(SECOFRS)
  staged QDDSSRC/SETTINGS.pf -> ASHIBATA1/QDDSSRC(SETTINGS)
  staged QDDSSRC/VOTINGDB.pf -> ASHIBATA1/QDDSSRC(VOTINGDB)
  staged QSDASRC/ADMSCR.dspf -> ASHIBATA1/QSDASRC(ADMSCR)
  staged QSDASRC/ADMVOTERES.dspf -> ASHIBATA1/QSDASRC(ADMVOTERES)
  staged QSDASRC/BMOVSCR.dspf -> ASHIBATA1/QSDASRC(BMOVSCR)
  staged QSDASRC/CREDITSSCR.dspf -> ASHIBATA1/QSDASRC(CREDITSSCR)
  staged QSDASRC/EXHBMENUSC.dspf -> ASHIBATA1/QSDASRC(EXHBMENUSC)
  staged QSDASRC/GUESTBKSCR.dspf -> ASHIBATA1/QSDASRC(GUESTBKSCR)
  staged QSDASRC/INTERSCR.dspf -> ASHIBATA1/QSDASRC(INTERSCR)
  staged QSDASRC/LRN400SCR.dspf -> ASHIBATA1/QSDASRC(LRN400SCR)
  staged QSDASRC/LRNAUTO.dspf -> ASHIBATA1/QSDASRC(LRNAUTO)
  staged QSDASRC/PASSSCR.dspf -> ASHIBATA1/QSDASRC(PASSSCR)
  staged QSDASRC/SETUPSCR.dspf -> ASHIBATA1/QSDASRC(SETUPSCR)
  staged QSDASRC/TESTSUITE.dspf -> ASHIBATA1/QSDASRC(TESTSUITE)
  staged QSDASRC/VOTESCR.dspf -> ASHIBATA1/QSDASRC(VOTESCR)
  staged QRLUSRC/CMTPRTF.dds -> ASHIBATA1/QRLUSRC(CMTPRTF)
  staged QRLUSRC/CMTTST.dds -> ASHIBATA1/QRLUSRC(CMTTST)
  staged QRLUSRC/TESTPRT2.dds -> ASHIBATA1/QRLUSRC(TESTPRT2)
  staged QRLUSRC/VOTEPRTF.dds -> ASHIBATA1/QRLUSRC(VOTEPRTF)
  staged QMNUSRC/ADMMAIN.mnudds -> ASHIBATA1/QMNUSRC(ADMMAIN)
  staged QMNUSRC/MAIN.mnudds -> ASHIBATA1/QMNUSRC(MAIN)
  staged QMNUSRC/VCFMAIN.mnudds -> ASHIBATA1/QMNUSRC(VCFMAIN)
  staged QMNUSRC/ADMMAINQQ.mnucmd -> ASHIBATA1/QMNUSRC(ADMMAINQQ)
  staged QMNUSRC/MAINQQ.mnucmd -> ASHIBATA1/QMNUSRC(MAINQQ)
  staged QMNUSRC/VCFMAINQQ.mnucmd -> ASHIBATA1/QMNUSRC(VCFMAINQQ)
  staged QCLSRC/ADDGBSTUB.clp -> ASHIBATA1/QCLSRC(ADDGBSTUB)
  staged QCLSRC/LRN400STUB.clp -> ASHIBATA1/QCLSRC(LRN400STUB)
  staged QCLSRC/READGBSTUB.clp -> ASHIBATA1/QCLSRC(READGBSTUB)
  staged QCLSRC/VCFSTUB.clp -> ASHIBATA1/QCLSRC(VCFSTUB)
  staged QCLSRC/VOTESTUB.clp -> ASHIBATA1/QCLSRC(VOTESTUB)
  staged QCMDSRC/STRCMTEDT.CMD -> ASHIBATA1/QCMDSRC(STRCMTEDT)
  staged QCMDSRC/STREXHB.CMD -> ASHIBATA1/QCMDSRC(STREXHB)
  staged QCMDSRC/STREXHBEDT.CMD -> ASHIBATA1/QCMDSRC(STREXHBEDT)
  staged QCMDSRC/STRVOTERPT.CMD -> ASHIBATA1/QCMDSRC(STRVOTERPT)
  staged QRPGLESRC/ADDGBCMT.rpgle -> ASHIBATA1/QRPGLESRC(ADDGBCMT)
  staged QRPGLESRC/ADDVOTE.rpgle -> ASHIBATA1/QRPGLESRC(ADDVOTE)
  staged QRPGLESRC/ADMADDSOFR.rpgle -> ASHIBATA1/QRPGLESRC(ADMADDSOFR)
  staged QRPGLESRC/ADMCRTEXHB.rpgle -> ASHIBATA1/QRPGLESRC(ADMCRTEXHB)
  staged QRPGLESRC/ADMHIDECMT.rpgle -> ASHIBATA1/QRPGLESRC(ADMHIDECMT)
  staged QRPGLESRC/ADMLRN400.rpgle -> ASHIBATA1/QRPGLESRC(ADMLRN400)
  staged QRPGLESRC/ADMOFRLIST.rpgle -> ASHIBATA1/QRPGLESRC(ADMOFRLIST)
  staged QRPGLESRC/ADMSETTING.rpgle -> ASHIBATA1/QRPGLESRC(ADMSETTING)
  staged QRPGLESRC/ADMVOTERPT.rpgle -> ASHIBATA1/QRPGLESRC(ADMVOTERPT)
  staged QRPGLESRC/BEEMOVIE.rpgle -> ASHIBATA1/QRPGLESRC(BEEMOVIE)
  staged QRPGLESRC/CREDITS.rpgle -> ASHIBATA1/QRPGLESRC(CREDITS)
  staged QRPGLESRC/EXHBMENU.rpgle -> ASHIBATA1/QRPGLESRC(EXHBMENU)
  staged QRPGLESRC/LRN400.rpgle -> ASHIBATA1/QRPGLESRC(LRN400)
  staged QRPGLESRC/LRN400AUT.rpgle -> ASHIBATA1/QRPGLESRC(LRN400AUT)
  staged QRPGLESRC/NTRSTIT.rpgle -> ASHIBATA1/QRPGLESRC(NTRSTIT)
  staged QRPGLESRC/OLDADDVOTE.rpgle -> ASHIBATA1/QRPGLESRC(OLDADDVOTE)
  staged QRPGLESRC/OLDVOTE.rpgle -> ASHIBATA1/QRPGLESRC(OLDVOTE)
  staged QRPGLESRC/PARAMETER.rpgle -> ASHIBATA1/QRPGLESRC(PARAMETER)
  staged QRPGLESRC/PRINTER.rpgle -> ASHIBATA1/QRPGLESRC(PRINTER)
  staged QRPGLESRC/PRTLSTCMT.rpgle -> ASHIBATA1/QRPGLESRC(PRTLSTCMT)
  staged QRPGLESRC/PRTLSTVOTE.rpgle -> ASHIBATA1/QRPGLESRC(PRTLSTVOTE)
  staged QRPGLESRC/READGBCMT.rpgle -> ASHIBATA1/QRPGLESRC(READGBCMT)

CPF5813: File QSDASRC in library ASHIBATA1 already exists.
CPF7302: File QSDASRC not created in library ASHIBATA1.
CPF5813: File QRLUSRC in library ASHIBATA1 already exists.
CPF7302: File QRLUSRC not created in library ASHIBATA1.
  uploaded QCLSRC/ADDGBSTUB
  uploaded QCLSRC/BUILDVCF
  uploaded QCLSRC/LRN400STUB
  uploaded QCLSRC/READGBSTUB
  uploaded QCLSRC/VCFSTUB
  uploaded QCLSRC/VOTESTUB
  uploaded QCMDSRC/STRCMTEDT
  uploaded QCMDSRC/STREXHB
  uploaded QCMDSRC/STREXHBEDT
  uploaded QCMDSRC/STRVOTERPT
  uploaded QDDSSRC/AWARDDB
  uploaded QDDSSRC/BMOVDB
  uploaded QDDSSRC/EXHBDB
  uploaded QDDSSRC/GUESTBKDB
  uploaded QDDSSRC/LRN400STR
  uploaded QDDSSRC/SECOFRS
  uploaded QDDSSRC/SETTINGS
  uploaded QDDSSRC/VOTINGDB
  uploaded QMNUSRC/ADMMAIN
  uploaded QMNUSRC/ADMMAINQQ
  uploaded QMNUSRC/MAIN
  uploaded QMNUSRC/MAINQQ
  uploaded QMNUSRC/VCFMAIN
  uploaded QMNUSRC/VCFMAINQQ
  uploaded QRLUSRC/CMTPRTF
  uploaded QRLUSRC/CMTTST
  uploaded QRLUSRC/TESTPRT2
  uploaded QRLUSRC/VOTEPRTF
  uploaded QRPGLESRC/ADDGBCMT
  uploaded QRPGLESRC/ADDVOTE
  uploaded QRPGLESRC/ADMADDSOFR
  uploaded QRPGLESRC/ADMCRTEXHB
  uploaded QRPGLESRC/ADMHIDECMT
  uploaded QRPGLESRC/ADMLRN400
  uploaded QRPGLESRC/ADMOFRLIST
  uploaded QRPGLESRC/ADMSETTING
  uploaded QRPGLESRC/ADMVOTERPT
  uploaded QRPGLESRC/BEEMOVIE
  uploaded QRPGLESRC/CREDITS
  uploaded QRPGLESRC/EXHBMENU
  uploaded QRPGLESRC/LRN400
  uploaded QRPGLESRC/LRN400AUT
  uploaded QRPGLESRC/NTRSTIT
  uploaded QRPGLESRC/OLDADDVOTE
  uploaded QRPGLESRC/OLDVOTE
  uploaded QRPGLESRC/PARAMETER
  uploaded QRPGLESRC/PRINTER
  uploaded QRPGLESRC/PRTLSTCMT
  uploaded QRPGLESRC/PRTLSTVOTE
  uploaded QRPGLESRC/READGBCMT
  uploaded QSDASRC/ADMSCR
  uploaded QSDASRC/ADMVOTERES
  uploaded QSDASRC/BMOVSCR
  uploaded QSDASRC/CREDITSSCR
  uploaded QSDASRC/EXHBMENUSC
  uploaded QSDASRC/GUESTBKSCR
  uploaded QSDASRC/INTERSCR
  uploaded QSDASRC/LRN400SCR
  uploaded QSDASRC/LRNAUTO
  uploaded QSDASRC/PASSSCR
  uploaded QSDASRC/SETUPSCR
  uploaded QSDASRC/TESTSUITE
  uploaded QSDASRC/VOTESCR
=== 2026-09-07T15:22:50Z compiling on PUB400

CPC2191: Object BUILDVCF in ASHIBATA1 type *PGM deleted.
CPC0815: Program BUILDVCF created in library ASHIBATA1.
 5770SS1 V7R5M0  220415                  Control Language         ASHIBATA1/BUILDVCF    PUB400 26-09-07 17:22:52         Page    1
 Program . . . . . . . . . . . . . . . . . . . :   BUILDVCF
   Library . . . . . . . . . . . . . . . . . . :     ASHIBATA1
 Source file . . . . . . . . . . . . . . . . . :   QCLSRC
   Library . . . . . . . . . . . . . . . . . . :     ASHIBATA1
 Source member name  . . . . . . . . . . . . . :   BUILDVCF   26-09-07 17:20:07
 Source printing options . . . . . . . . . . . :   *XREF  *NOSECLVL  *NOEVENTF  *NODOSLTLVL
 User profile  . . . . . . . . . . . . . . . . :   *USER
 Program logging . . . . . . . . . . . . . . . :   *JOB
 Allow RTVCLSRC command  . . . . . . . . . . . :   *YES
 Default activation group  . . . . . . . . . . :   *YES
 Activation group  . . . . . . . . . . . . . . :
 Replace program . . . . . . . . . . . . . . . :   *YES
 Target release  . . . . . . . . . . . . . . . :   V7R5M0
 Authority . . . . . . . . . . . . . . . . . . :   *LIBCRTAUT
 Sort sequence . . . . . . . . . . . . . . . . :   *HEX
 Language identifier . . . . . . . . . . . . . :   *JOBRUN
 Text  . . . . . . . . . . . . . . . . . . . . :
 Optimization  . . . . . . . . . . . . . . . . :   *NONE
 Debugging view  . . . . . . . . . . . . . . . :   *STMT
 Debug encryption key  . . . . . . . . . . . . :   *NONE
 Enable performance collection . . . . . . . . :   *PEP
 Storage model . . . . . . . . . . . . . . . . :   *SNGLVL
 Compiler  . . . . . . . . . . . . . . . . . . :   IBM Control Language Compiler
                                      Control Language Source
 SEQNBR  *...+... 1 ...+... 2 ...+... 3 ...+... 4 ...+... 5 ...+... 6 ...+... 7 ...+... 8 ...+... 9 ...+.  DATE
    100-              PGM
    200-              CHGLIBL LIBL(ASHIBATA2 ASHIBATA1 QGPL QTEMP) CURLIB(ASHIBATA2)
    300-              CHKOBJ OBJ(ASHIBATA2/AWARDDB) OBJTYPE(*FILE)
    400-              MONMSG MSGID(CPF9801) EXEC(DO)
    500-              CRTPF FILE(ASHIBATA2/AWARDDB) SRCFILE(ASHIBATA1/QDDSSRC) SRCMBR(AWARDDB) +
    600                 SIZE(*NOMAX)
    700-              MONMSG MSGID(CPF0000 RNS0000)
    800-              ENDDO
    900-              CHKOBJ OBJ(ASHIBATA2/BMOVDB) OBJTYPE(*FILE)
   1000-              MONMSG MSGID(CPF9801) EXEC(DO)
   1100-              CRTPF FILE(ASHIBATA2/BMOVDB) SRCFILE(ASHIBATA1/QDDSSRC) SRCMBR(BMOVDB) +
   1200                 SIZE(*NOMAX)
   1300-              MONMSG MSGID(CPF0000 RNS0000)
   1400-              ENDDO
   1500-              CHKOBJ OBJ(ASHIBATA2/EXHBDB) OBJTYPE(*FILE)
   1600-              MONMSG MSGID(CPF9801) EXEC(DO)
   1700-              CRTPF FILE(ASHIBATA2/EXHBDB) SRCFILE(ASHIBATA1/QDDSSRC) SRCMBR(EXHBDB) +
   1800                 SIZE(*NOMAX)
   1900-              MONMSG MSGID(CPF0000 RNS0000)
   2000-              ENDDO
   2100-              CHKOBJ OBJ(ASHIBATA2/GUESTBKDB) OBJTYPE(*FILE)
   2200-              MONMSG MSGID(CPF9801) EXEC(DO)
   2300-              CRTPF FILE(ASHIBATA2/GUESTBKDB) SRCFILE(ASHIBATA1/QDDSSRC) +
   2400                 SRCMBR(GUESTBKDB) SIZE(*NOMAX)
   2500-              MONMSG MSGID(CPF0000 RNS0000)
   2600-              ENDDO
                                                   -=* http://pub400.com *=-
 5770SS1 V7R5M0  220415                  Control Language         ASHIBATA1/BUILDVCF    PUB400 26-09-07 17:22:52         Page    2
                                      Control Language Source
 SEQNBR  *...+... 1 ...+... 2 ...+... 3 ...+... 4 ...+... 5 ...+... 6 ...+... 7 ...+... 8 ...+... 9 ...+.  DATE
   2700-              CHKOBJ OBJ(ASHIBATA2/LRN400STR) OBJTYPE(*FILE)
   2800-              MONMSG MSGID(CPF9801) EXEC(DO)
   2900-              CRTPF FILE(ASHIBATA2/LRN400STR) SRCFILE(ASHIBATA1/QDDSSRC) +
   3000                 SRCMBR(LRN400STR) SIZE(*NOMAX)
   3100-              MONMSG MSGID(CPF0000 RNS0000)
   3200-              ENDDO
   3300-              CHKOBJ OBJ(ASHIBATA2/SECOFRS) OBJTYPE(*FILE)
   3400-              MONMSG MSGID(CPF9801) EXEC(DO)
   3500-              CRTPF FILE(ASHIBATA2/SECOFRS) SRCFILE(ASHIBATA1/QDDSSRC) SRCMBR(SECOFRS) +
   3600                 SIZE(*NOMAX)
   3700-              MONMSG MSGID(CPF0000 RNS0000)
   3800-              ENDDO
   3900-              CHKOBJ OBJ(ASHIBATA2/SETTINGS) OBJTYPE(*FILE)
   4000-              MONMSG MSGID(CPF9801) EXEC(DO)
   4100-              CRTPF FILE(ASHIBATA2/SETTINGS) SRCFILE(ASHIBATA1/QDDSSRC) S+
   4200                 RCMBR(SETTINGS) SIZE(*NOMAX)
   4300-              MONMSG MSGID(CPF0000 RNS0000)
   4400-              ENDDO
   4500-              CHKOBJ OBJ(ASHIBATA2/VOTINGDB) OBJTYPE(*FILE)
   4600-              MONMSG MSGID(CPF9801) EXEC(DO)
   4700-              CRTPF FILE(ASHIBATA2/VOTINGDB) SRCFILE(ASHIBATA1/QDDSSRC) S+
   4800                 RCMBR(VOTINGDB) SIZE(*NOMAX)
   4900-              MONMSG MSGID(CPF0000 RNS0000)
   5000-              ENDDO
   5100-              DLTF FILE(ASHIBATA2/ADMSCR)
   5200-              MONMSG MSGID(CPF0000)
   5300-              CRTDSPF FILE(ASHIBATA2/ADMSCR) SRCFILE(ASHIBATA1/QSDASRC) SRCMBR(ADMSCR)
   5400-              MONMSG MSGID(CPF0000 RNS0000)
   5500-              DLTF FILE(ASHIBATA2/ADMVOTERES)
   5600-              MONMSG MSGID(CPF0000)
   5700-              CRTDSPF FILE(ASHIBATA2/ADMVOTERES) SRCFILE(ASHIBATA1/QSDASRC) +
   5800                 SRCMBR(ADMVOTERES)
   5900-              MONMSG MSGID(CPF0000 RNS0000)
   6000-              DLTF FILE(ASHIBATA2/BMOVSCR)
   6100-              MONMSG MSGID(CPF0000)
   6200-              CRTDSPF FILE(ASHIBATA2/BMOVSCR) SRCFILE(ASHIBATA1/QSDASRC) SRCMBR(BMOVSCR)
   6300-              MONMSG MSGID(CPF0000 RNS0000)
   6400-              DLTF FILE(ASHIBATA2/CREDITSSCR)
   6500-              MONMSG MSGID(CPF0000)
   6600-              CRTDSPF FILE(ASHIBATA2/CREDITSSCR) SRCFILE(ASHIBATA1/QSDASRC) +
   6700                 SRCMBR(CREDITSSCR)
   6800-              MONMSG MSGID(CPF0000 RNS0000)
   6900-              DLTF FILE(ASHIBATA2/EXHBMENUSC)
   7000-              MONMSG MSGID(CPF0000)
   7100-              CRTDSPF FILE(ASHIBATA2/EXHBMENUSC) SRCFILE(ASHIBATA1/QSDASRC) +
   7200                 SRCMBR(EXHBMENUSC)
   7300-              MONMSG MSGID(CPF0000 RNS0000)
   7400-              DLTF FILE(ASHIBATA2/GUESTBKSCR)
   7500-              MONMSG MSGID(CPF0000)
   7600-              CRTDSPF FILE(ASHIBATA2/GUESTBKSCR) SRCFILE(ASHIBATA1/QSDASRC) +
   7700                 SRCMBR(GUESTBKSCR)
   7800-              MONMSG MSGID(CPF0000 RNS0000)
   7900-              DLTF FILE(ASHIBATA2/INTERSCR)
                                                   -=* http://pub400.com *=-
 5770SS1 V7R5M0  220415                  Control Language         ASHIBATA1/BUILDVCF    PUB400 26-09-07 17:22:52         Page    3
                                      Control Language Source
 SEQNBR  *...+... 1 ...+... 2 ...+... 3 ...+... 4 ...+... 5 ...+... 6 ...+... 7 ...+... 8 ...+... 9 ...+.  DATE
   8000-              MONMSG MSGID(CPF0000)
   8100-              CRTDSPF FILE(ASHIBATA2/INTERSCR) SRCFILE(ASHIBATA1/QSDASRC) SRCMBR(INTERSCR)
   8200-              MONMSG MSGID(CPF0000 RNS0000)
   8300-              DLTF FILE(ASHIBATA2/LRN400SCR)
   8400-              MONMSG MSGID(CPF0000)
   8500-              CRTDSPF FILE(ASHIBATA2/LRN400SCR) SRCFILE(ASHIBATA1/QSDASRC) +
   8600                 SRCMBR(LRN400SCR)
   8700-              MONMSG MSGID(CPF0000 RNS0000)
   8800-              DLTF FILE(ASHIBATA2/LRNAUTO)
   8900-              MONMSG MSGID(CPF0000)
   9000-              CRTDSPF FILE(ASHIBATA2/LRNAUTO) SRCFILE(ASHIBATA1/QSDASRC) S+
   9100                 RCMBR(LRNAUTO) WAITRCD(10)
   9200-              MONMSG MSGID(CPF0000 RNS0000)
   9300-              DLTF FILE(ASHIBATA2/PASSSCR)
   9400-              MONMSG MSGID(CPF0000)
   9500-              CRTDSPF FILE(ASHIBATA2/PASSSCR) SRCFILE(ASHIBATA1/QSDASRC) SRCMBR(PASSSCR)
   9600-              MONMSG MSGID(CPF0000 RNS0000)
   9700-              DLTF FILE(ASHIBATA2/SETUPSCR)
   9800-              MONMSG MSGID(CPF0000)
   9900-              CRTDSPF FILE(ASHIBATA2/SETUPSCR) SRCFILE(ASHIBATA1/QSDASRC) SRCMBR(SETUPSCR)
  10000-              MONMSG MSGID(CPF0000 RNS0000)
  10100-              DLTF FILE(ASHIBATA2/TESTSUITE)
  10200-              MONMSG MSGID(CPF0000)
  10300-              CRTDSPF FILE(ASHIBATA2/TESTSUITE) SRCFILE(ASHIBATA1/QSDASRC) +
  10400                 SRCMBR(TESTSUITE)
  10500-              MONMSG MSGID(CPF0000 RNS0000)
  10600-              DLTF FILE(ASHIBATA2/VOTESCR)
  10700-              MONMSG MSGID(CPF0000)
  10800-              CRTDSPF FILE(ASHIBATA2/VOTESCR) SRCFILE(ASHIBATA1/QSDASRC) SRCMBR(VOTESCR)
  10900-              MONMSG MSGID(CPF0000 RNS0000)
  11000-              DLTF FILE(ASHIBATA2/CMTPRTF)
  11100-              MONMSG MSGID(CPF0000)
  11200-              CRTPRTF FILE(ASHIBATA2/CMTPRTF) SRCFILE(ASHIBATA1/QRLUSRC) SRCMBR(CMTPRTF)
  11300-              MONMSG MSGID(CPF0000 RNS0000)
  11400-              DLTF FILE(ASHIBATA2/CMTTST)
  11500-              MONMSG MSGID(CPF0000)
  11600-              CRTPRTF FILE(ASHIBATA2/CMTTST) SRCFILE(ASHIBATA1/QRLUSRC) SRCMBR(CMTTST)
  11700-              MONMSG MSGID(CPF0000 RNS0000)
  11800-              DLTF FILE(ASHIBATA2/TESTPRT2)
  11900-              MONMSG MSGID(CPF0000)
  12000-              CRTPRTF FILE(ASHIBATA2/TESTPRT2) SRCFILE(ASHIBATA1/QRLUSRC) SRCMBR(TESTPRT2)
  12100-              MONMSG MSGID(CPF0000 RNS0000)
  12200-              DLTF FILE(ASHIBATA2/VOTEPRTF)
  12300-              MONMSG MSGID(CPF0000)
  12400-              CRTPRTF FILE(ASHIBATA2/VOTEPRTF) SRCFILE(ASHIBATA1/QRLUSRC) SRCMBR(VOTEPRTF)
  12500-              MONMSG MSGID(CPF0000 RNS0000)
  12600-              DLTMNU MENU(ASHIBATA2/VCFMAIN)
  12700-              MONMSG MSGID(CPF0000)
  12800-              DLTF FILE(ASHIBATA2/VCFMAIN)
  12900-              MONMSG MSGID(CPF0000)
  13000-              DLTMSGF MSGF(ASHIBATA2/VCFMAINQQ)
  13100-              MONMSG MSGID(CPF0000)
  13200-              CRTDSPF FILE(ASHIBATA2/VCFMAIN) SRCFILE(ASHIBATA1/QMNUSRC) SRCMBR(VCFMAIN)
                                                   -=* http://pub400.com *=-
 5770SS1 V7R5M0  220415                  Control Language         ASHIBATA1/BUILDVCF    PUB400 26-09-07 17:22:52         Page    4
                                      Control Language Source
 SEQNBR  *...+... 1 ...+... 2 ...+... 3 ...+... 4 ...+... 5 ...+... 6 ...+... 7 ...+... 8 ...+... 9 ...+.  DATE
  13300-              MONMSG MSGID(CPF0000 RNS0000)
  13400-              CRTMSGF MSGF(ASHIBATA2/VCFMAINQQ)
  13500-              MONMSG MSGID(CPF0000)
  13600-              CRTMNU MENU(ASHIBATA2/VCFMAIN) TYPE(*DSPF) DSPF(ASHIBATA2/VCFMAIN) +
  13700                 MSGF(ASHIBATA2/VCFMAINQQ)
  13800-              MONMSG MSGID(CPF0000)
  13900-              ADDMSGD MSGID(USR0001) MSGF(ASHIBATA2/VCFMAINQQ) MSG('call ASHIBATA2/lrn400')
  14000-              MONMSG MSGID(CPF0000)
  14100-              ADDMSGD MSGID(USR0011) MSGF(ASHIBATA2/VCFMAINQQ) MSG('CALL +
  14200                 ASHIBATA2/VOTESTUB')
  14300-              MONMSG MSGID(CPF0000)
  14400-              ADDMSGD MSGID(USR0012) MSGF(ASHIBATA2/VCFMAINQQ) MSG('CALL +
  14500                 ASHIBATA2/ADDGBSTUB')
  14600-              MONMSG MSGID(CPF0000)
  14700-              ADDMSGD MSGID(USR0013) MSGF(ASHIBATA2/VCFMAINQQ) MSG('CALL +
  14800                 ASHIBATA2/READGBSTUB')
  14900-              MONMSG MSGID(CPF0000)
  15000-              ADDMSGD MSGID(USR0080) MSGF(ASHIBATA2/VCFMAINQQ) MSG('signoff')
  15100-              MONMSG MSGID(CPF0000)
  15200-              DLTMNU MENU(ASHIBATA2/MAIN)
  15300-              MONMSG MSGID(CPF0000)
  15400-              DLTF FILE(ASHIBATA2/MAIN)
  15500-              MONMSG MSGID(CPF0000)
  15600-              DLTMSGF MSGF(ASHIBATA2/MAINQQ)
  15700-              MONMSG MSGID(CPF0000)
  15800-              CRTDSPF FILE(ASHIBATA2/MAIN) SRCFILE(ASHIBATA1/QMNUSRC) SRCMBR(MAIN)
  15900-              MONMSG MSGID(CPF0000 RNS0000)
  16000-              CRTMSGF MSGF(ASHIBATA2/MAINQQ)
  16100-              MONMSG MSGID(CPF0000)
  16200-              CRTMNU MENU(ASHIBATA2/MAIN) TYPE(*DSPF) DSPF(ASHIBATA2/MAIN) +
  16300                 MSGF(ASHIBATA2/MAINQQ)
  16400-              MONMSG MSGID(CPF0000)
  16500-              ADDMSGD MSGID(USR0001) MSGF(ASHIBATA2/MAINQQ) MSG('GO VCFEXPO/NAV001')
  16600-              MONMSG MSGID(CPF0000)
  16700-              ADDMSGD MSGID(USR0002) MSGF(ASHIBATA2/MAINQQ) MSG('GO VCFEXPO/HISTMNU')
  16800-              MONMSG MSGID(CPF0000)
  16900-              ADDMSGD MSGID(USR0003) MSGF(ASHIBATA2/MAINQQ) MSG('GO VCFEXPO/ABOUT150')
  17000-              MONMSG MSGID(CPF0000)
  17100-              ADDMSGD MSGID(USR0004) MSGF(ASHIBATA2/MAINQQ) MSG('GO VCFEXPO/ABTGRTIE')
  17200-              MONMSG MSGID(CPF0000)
  17300-              ADDMSGD MSGID(USR0080) MSGF(ASHIBATA2/MAINQQ) MSG('signoff')
  17400-              MONMSG MSGID(CPF0000)
  17500-              DLTMNU MENU(ASHIBATA2/ADMMAIN)
  17600-              MONMSG MSGID(CPF0000)
  17700-              DLTF FILE(ASHIBATA2/ADMMAIN)
  17800-              MONMSG MSGID(CPF0000)
  17900-              DLTMSGF MSGF(ASHIBATA2/ADMMAINQQ)
  18000-              MONMSG MSGID(CPF0000)
  18100-              CRTDSPF FILE(ASHIBATA2/ADMMAIN) SRCFILE(ASHIBATA1/QMNUSRC) SRCMBR(ADMMAIN)
  18200-              MONMSG MSGID(CPF0000 RNS0000)
  18300-              CRTMSGF MSGF(ASHIBATA2/ADMMAINQQ)
  18400-              MONMSG MSGID(CPF0000)
  18500-              CRTMNU MENU(ASHIBATA2/ADMMAIN) TYPE(*DSPF) DSPF(ASHIBATA2/ADMMAIN) +
                                                   -=* http://pub400.com *=-
 5770SS1 V7R5M0  220415                  Control Language         ASHIBATA1/BUILDVCF    PUB400 26-09-07 17:22:52         Page    5
                                      Control Language Source
 SEQNBR  *...+... 1 ...+... 2 ...+... 3 ...+... 4 ...+... 5 ...+... 6 ...+... 7 ...+... 8 ...+... 9 ...+.  DATE
  18600                 MSGF(ASHIBATA2/ADMMAINQQ)
  18700-              MONMSG MSGID(CPF0000)
  18800-              DLTPGM PGM(ASHIBATA2/NTRSTIT)
  18900-              MONMSG MSGID(CPF0000)
  19000-              CRTBNDRPG PGM(ASHIBATA2/NTRSTIT) SRCFILE(ASHIBATA1/QRPGLESRC) +
  19100                 SRCMBR(NTRSTIT) DBGVIEW(*SOURCE)
  19200-              MONMSG MSGID(CPF0000 RNS0000)
  19300-              DLTPGM PGM(ASHIBATA2/PARAMETER)
  19400-              MONMSG MSGID(CPF0000)
  19500-              CRTBNDRPG PGM(ASHIBATA2/PARAMETER) SRCFILE(ASHIBATA1/QRPGLESRC) +
  19600                 SRCMBR(PARAMETER) DBGVIEW(*SOURCE)
  19700-              MONMSG MSGID(CPF0000 RNS0000)
  19800-              DLTPGM PGM(ASHIBATA2/PRTLSTVOTE)
  19900-              MONMSG MSGID(CPF0000)
  20000-              CRTBNDRPG PGM(ASHIBATA2/PRTLSTVOTE) SRCFILE(ASHIBATA1/QRPGLESRC) +
  20100                 SRCMBR(PRTLSTVOTE) DBGVIEW(*SOURCE)
  20200-              MONMSG MSGID(CPF0000 RNS0000)
  20300-              DLTPGM PGM(ASHIBATA2/PRTLSTCMT)
  20400-              MONMSG MSGID(CPF0000)
  20500-              CRTBNDRPG PGM(ASHIBATA2/PRTLSTCMT) SRCFILE(ASHIBATA1/QRPGLESRC) +
  20600                 SRCMBR(PRTLSTCMT) DBGVIEW(*SOURCE)
  20700-              MONMSG MSGID(CPF0000 RNS0000)
  20800-              DLTPGM PGM(ASHIBATA2/PRINTER)
  20900-              MONMSG MSGID(CPF0000)
  21000-              CRTBNDRPG PGM(ASHIBATA2/PRINTER) SRCFILE(ASHIBATA1/QRPGLESRC) +
  21100                 SRCMBR(PRINTER) DBGVIEW(*SOURCE)
  21200-              MONMSG MSGID(CPF0000 RNS0000)
  21300-              DLTPGM PGM(ASHIBATA2/CREDITS)
  21400-              MONMSG MSGID(CPF0000)
  21500-              CRTBNDRPG PGM(ASHIBATA2/CREDITS) SRCFILE(ASHIBATA1/QRPGLESRC) +
  21600                 SRCMBR(CREDITS) DBGVIEW(*SOURCE)
  21700-              MONMSG MSGID(CPF0000 RNS0000)
  21800-              DLTPGM PGM(ASHIBATA2/BEEMOVIE)
  21900-              MONMSG MSGID(CPF0000)
  22000-              CRTBNDRPG PGM(ASHIBATA2/BEEMOVIE) SRCFILE(ASHIBATA1/QRPGLESRC) +
  22100                 SRCMBR(BEEMOVIE) DBGVIEW(*SOURCE)
  22200-              MONMSG MSGID(CPF0000 RNS0000)
  22300-              DLTPGM PGM(ASHIBATA2/ADDVOTE)
  22400-              MONMSG MSGID(CPF0000)
  22500-              CRTBNDRPG PGM(ASHIBATA2/ADDVOTE) SRCFILE(ASHIBATA1/QRPGLESRC) +
  22600                 SRCMBR(ADDVOTE) DBGVIEW(*SOURCE)
  22700-              MONMSG MSGID(CPF0000 RNS0000)
  22800-              DLTPGM PGM(ASHIBATA2/ADDGBCMT)
  22900-              MONMSG MSGID(CPF0000)
  23000-              CRTBNDRPG PGM(ASHIBATA2/ADDGBCMT) SRCFILE(ASHIBATA1/QRPGLESRC) +
  23100                 SRCMBR(ADDGBCMT) DBGVIEW(*SOURCE)
  23200-              MONMSG MSGID(CPF0000 RNS0000)
  23300-              DLTPGM PGM(ASHIBATA2/READGBCMT)
  23400-              MONMSG MSGID(CPF0000)
  23500-              CRTBNDRPG PGM(ASHIBATA2/READGBCMT) SRCFILE(ASHIBATA1/QRPGLESRC) +
  23600                 SRCMBR(READGBCMT) DBGVIEW(*SOURCE)
  23700-              MONMSG MSGID(CPF0000 RNS0000)
  23800-              DLTPGM PGM(ASHIBATA2/LRN400)
                                                   -=* http://pub400.com *=-
 5770SS1 V7R5M0  220415                  Control Language         ASHIBATA1/BUILDVCF    PUB400 26-09-07 17:22:52         Page    6
                                      Control Language Source
 SEQNBR  *...+... 1 ...+... 2 ...+... 3 ...+... 4 ...+... 5 ...+... 6 ...+... 7 ...+... 8 ...+... 9 ...+.  DATE
  23900-              MONMSG MSGID(CPF0000)
  24000-              CRTBNDRPG PGM(ASHIBATA2/LRN400) SRCFILE(ASHIBATA1/QRPGLESRC) +
  24100                 SRCMBR(LRN400) DBGVIEW(*SOURCE)
  24200-              MONMSG MSGID(CPF0000 RNS0000)
  24300-              DLTPGM PGM(ASHIBATA2/LRN400AUT)
  24400-              MONMSG MSGID(CPF0000)
  24500-              CRTBNDRPG PGM(ASHIBATA2/LRN400AUT) SRCFILE(ASHIBATA1/QRPGLESRC) +
  24600                 SRCMBR(LRN400AUT) DBGVIEW(*SOURCE)
  24700-              MONMSG MSGID(CPF0000 RNS0000)
  24800-              DLTPGM PGM(ASHIBATA2/EXHBMENU)
  24900-              MONMSG MSGID(CPF0000)
  25000-              CRTBNDRPG PGM(ASHIBATA2/EXHBMENU) SRCFILE(ASHIBATA1/QRPGLESRC) +
  25100                 SRCMBR(EXHBMENU) DBGVIEW(*SOURCE)
  25200-              MONMSG MSGID(CPF0000 RNS0000)
  25300-              DLTPGM PGM(ASHIBATA2/ADMADDSOFR)
  25400-              MONMSG MSGID(CPF0000)
  25500-              CRTBNDRPG PGM(ASHIBATA2/ADMADDSOFR) SRCFILE(ASHIBATA1/QRPGLESRC) +
  25600                 SRCMBR(ADMADDSOFR) DBGVIEW(*SOURCE)
  25700-              MONMSG MSGID(CPF0000 RNS0000)
  25800-              DLTPGM PGM(ASHIBATA2/ADMCRTEXHB)
  25900-              MONMSG MSGID(CPF0000)
  26000-              CRTBNDRPG PGM(ASHIBATA2/ADMCRTEXHB) SRCFILE(ASHIBATA1/QRPGLESRC) +
  26100                 SRCMBR(ADMCRTEXHB) DBGVIEW(*SOURCE)
  26200-              MONMSG MSGID(CPF0000 RNS0000)
  26300-              DLTPGM PGM(ASHIBATA2/ADMHIDECMT)
  26400-              MONMSG MSGID(CPF0000)
  26500-              CRTBNDRPG PGM(ASHIBATA2/ADMHIDECMT) SRCFILE(ASHIBATA1/QRPGLESRC) +
  26600                 SRCMBR(ADMHIDECMT) DBGVIEW(*SOURCE)
  26700-              MONMSG MSGID(CPF0000 RNS0000)
  26800-              DLTPGM PGM(ASHIBATA2/ADMLRN400)
  26900-              MONMSG MSGID(CPF0000)
  27000-              CRTBNDRPG PGM(ASHIBATA2/ADMLRN400) SRCFILE(ASHIBATA1/QRPGLESRC) +
  27100                 SRCMBR(ADMLRN400) DBGVIEW(*SOURCE)
  27200-              MONMSG MSGID(CPF0000 RNS0000)
  27300-              DLTPGM PGM(ASHIBATA2/ADMOFRLIST)
  27400-              MONMSG MSGID(CPF0000)
  27500-              CRTBNDRPG PGM(ASHIBATA2/ADMOFRLIST) SRCFILE(ASHIBATA1/QRPGLESRC) +
  27600                 SRCMBR(ADMOFRLIST) DBGVIEW(*SOURCE)
  27700-              MONMSG MSGID(CPF0000 RNS0000)
  27800-              DLTPGM PGM(ASHIBATA2/ADMSETTING)
  27900-              MONMSG MSGID(CPF0000)
  28000-              CRTBNDRPG PGM(ASHIBATA2/ADMSETTING) SRCFILE(ASHIBATA1/QRPGLESRC) +
  28100                 SRCMBR(ADMSETTING) DBGVIEW(*SOURCE)
  28200-              MONMSG MSGID(CPF0000 RNS0000)
  28300-              DLTPGM PGM(ASHIBATA2/ADMVOTERPT)
  28400-              MONMSG MSGID(CPF0000)
  28500-              CRTBNDRPG PGM(ASHIBATA2/ADMVOTERPT) SRCFILE(ASHIBATA1/QRPGLESRC) +
  28600                 SRCMBR(ADMVOTERPT) DBGVIEW(*SOURCE)
  28700-              MONMSG MSGID(CPF0000 RNS0000)
  28800-              DLTPGM PGM(ASHIBATA2/VOTESTUB)
  28900-              MONMSG MSGID(CPF0000)
  29000-              CRTCLPGM PGM(ASHIBATA2/VOTESTUB) SRCFILE(ASHIBATA1/QCLSRC) SRCMBR(VOTESTUB)
  29100-              MONMSG MSGID(CPF0000 RNS0000)
                                                   -=* http://pub400.com *=-
 5770SS1 V7R5M0  220415                  Control Language         ASHIBATA1/BUILDVCF    PUB400 26-09-07 17:22:52         Page    7
                                      Control Language Source
 SEQNBR  *...+... 1 ...+... 2 ...+... 3 ...+... 4 ...+... 5 ...+... 6 ...+... 7 ...+... 8 ...+... 9 ...+.  DATE
  29200-              DLTPGM PGM(ASHIBATA2/ADDGBSTUB)
  29300-              MONMSG MSGID(CPF0000)
  29400-              CRTCLPGM PGM(ASHIBATA2/ADDGBSTUB) SRCFILE(ASHIBATA1/QCLSRC) SRCMBR(ADDGBSTUB)
  29500-              MONMSG MSGID(CPF0000 RNS0000)
  29600-              DLTPGM PGM(ASHIBATA2/READGBSTUB)
  29700-              MONMSG MSGID(CPF0000)
  29800-              CRTCLPGM PGM(ASHIBATA2/READGBSTUB) SRCFILE(ASHIBATA1/QCLSRC) +
  29900                 SRCMBR(READGBSTUB)
  30000-              MONMSG MSGID(CPF0000 RNS0000)
  30100-              DLTPGM PGM(ASHIBATA2/VCFSTUB)
  30200-              MONMSG MSGID(CPF0000)
  30300-              CRTCLPGM PGM(ASHIBATA2/VCFSTUB) SRCFILE(ASHIBATA1/QCLSRC) SRCMBR(VCFSTUB)
  30400-              MONMSG MSGID(CPF0000 RNS0000)
  30500-              DLTPGM PGM(ASHIBATA2/LRN400STUB)
  30600-              MONMSG MSGID(CPF0000)
  30700-              CRTCLPGM PGM(ASHIBATA2/LRN400STUB) SRCFILE(ASHIBATA1/QCLSRC) +
  30800                 SRCMBR(LRN400STUB)
  30900-              MONMSG MSGID(CPF0000 RNS0000)
  31000-              DLTCMD CMD(ASHIBATA2/STREXHB)
  31100-              MONMSG MSGID(CPF0000)
  31200-              CRTCMD CMD(ASHIBATA2/STREXHB) PGM(ASHIBATA2/VCFSTUB) +
  31300                 SRCFILE(ASHIBATA1/QCMDSRC) SRCMBR(STREXHB)
  31400-              MONMSG MSGID(CPF0000)
  31500-              DLTCMD CMD(ASHIBATA2/STREXHBEDT)
  31600-              MONMSG MSGID(CPF0000)
  31700-              CRTCMD CMD(ASHIBATA2/STREXHBEDT) PGM(ASHIBATA2/ADMCRTEXHB) +
  31800                 SRCFILE(ASHIBATA1/QCMDSRC) SRCMBR(STREXHBEDT)
  31900-              MONMSG MSGID(CPF0000)
  32000-              DLTCMD CMD(ASHIBATA2/STRVOTERPT)
  32100-              MONMSG MSGID(CPF0000)
  32200-              CRTCMD CMD(ASHIBATA2/STRVOTERPT) PGM(ASHIBATA2/ADMVOTERPT) +
  32300                 SRCFILE(ASHIBATA1/QCMDSRC) SRCMBR(STRVOTERPT)
  32400-              MONMSG MSGID(CPF0000)
  32500-              DLTCMD CMD(ASHIBATA2/STRCMTEDT)
  32600-              MONMSG MSGID(CPF0000)
  32700-              CRTCMD CMD(ASHIBATA2/STRCMTEDT) PGM(ASHIBATA2/ADMHIDECMT) +
  32800                 SRCFILE(ASHIBATA1/QCMDSRC) SRCMBR(STRCMTEDT)
  32900-              MONMSG MSGID(CPF0000)
  33000-              DSPJOBLOG OUTPUT(*PRINT)
  33100-              MONMSG MSGID(CPF0000)
  33200-              ENDPGM
                               * * * * *   E N D   O F   S O U R C E   * * * * *
                                                   -=* http://pub400.com *=-
 5770SS1 V7R5M0  220415                  Control Language         ASHIBATA1/BUILDVCF    PUB400 26-09-07 17:22:52         Page    8
                                          Cross Reference
* CPD0792 10  No data areas, variables, or labels used in program.
                     * * * * *   E N D   O F   C R O S S   R E F E R E N C E   * * * * *
                                                   -=* http://pub400.com *=-
 5770SS1 V7R5M0  220415                  Control Language         ASHIBATA1/BUILDVCF    PUB400 26-09-07 17:22:52         Page    9
                                          Message Summary
               Severity
 Total         0-9  10-19  20-29  30-39  40-49  50-59  60-69  70-79  80-89  90-99
      1          0      1      0      0      0      0      0      0      0      0
 Program BUILDVCF created in library ASHIBATA1 on 26-09-07 at 17:22:53.
 Program BUILDVCF created in library ASHIBATA1. Maximum error severity 10.
                               * * * * *   E N D   O F   M E S S A G E   S U M M A R Y   * * * * *
                                 * * * * *   E N D   O F   C O M P I L A T I O N   * * * * *
                                                   -=* http://pub400.com *=-
 5770SS1 V7R5M0  220415                  Data Description               ASHIBATA2/ADMSCR        26-09-07 17:22:53        Page    1
 File name . . . . . . . . . . . . . . . . . . . . . :   ADMSCR
   Library name  . . . . . . . . . . . . . . . . . . :   ASHIBATA2
 File attribute  . . . . . . . . . . . . . . . . . . :   Display
 Source file containing DDS  . . . . . . . . . . . . :   QSDASRC
   Library name  . . . . . . . . . . . . . . . . . . :   ASHIBATA1
 Source member containing DDS  . . . . . . . . . . . :   ADMSCR
 Source member last changed  . . . . . . . . . . . . :   26-09-07  17:22:18
 Source listing options  . . . . . . . . . . . . . . :   *SOURCE    *LIST      *NOSECLVL  *NOEVENTF
 DDS generation severity level . . . . . . . . . . . :   20
 DDS flagging severity level . . . . . . . . . . . . :   00
 Authority . . . . . . . . . . . . . . . . . . . . . :   *LIBCRTAUT
 Replace file  . . . . . . . . . . . . . . . . . . . :   *YES
 Text  . . . . . . . . . . . . . . . . . . . . . . . :
 Compiler  . . . . . . . . . . . . . . . . . . . . . :   IBM System i5 Data Description Processor
                                      Data Description Source
 SEQNBR  *...+....1....+....2....+....3....+....4....+....5....+....6....+....7....+....8  Date
    100       A*%%TS  SD  20231209  124709  QSECOFR     REL-V4R4M0  5769-PW1
    200       A*%%EC
    300       A                                      DSPSIZ(24 80 *DS3)
    400       A          R ADDADM
    500       A*%%TS  SD  20231209  124709  QSECOFR     REL-V4R4M0  5769-PW1
    600       A                                  1  3'VCF/400 - Add Admin'
    700       A                                  3  3'Admin USRPRF to add:'
    800       A            INADMNAME      9A  I  4  4
    900       A                                  8  3'Press ENTER to add admin to DB'
   1000       A          R LISTADMRCD
   1100       A*%%TS  SD  20231209  124038  QSECOFR     REL-V4R4M0  5769-PW1
   1200       A                                  1  3'VCF/400 - View List of Admins'
   1300       A                                  3  3'This is a placeholder page. I need-
   1400       A                                       to implement this as a SUBFILE!'
   1500       A                                  9  3'Press ENTER to EXIT'
                         * * * * *   E N D   O F   S O U R C E   * * * * *
                                                   -=* http://pub400.com *=-
 5770SS1 V7R5M0  220415                  Data Description               ASHIBATA2/ADMSCR        26-09-07 17:22:53        Page    2
                                          Expanded Source
                                                                                          Field       Buffer position
 SEQNBR  *...+....1....+....2....+....3....+....4....+....5....+....6....+....7....+....8 length        Out     In
    300                                              DSPSIZ(24 80 *DS3)
    400                  R ADDADM
    600                                          1  3'VCF/400 - Add Admin'                   19
    700                                          3  3'Admin USRPRF to add:'                  20
    800                    INADMNAME      9A  I  4  4                                         9                    1
    900                                          8  3'Press ENTER to add admin to DB'        30
   1000                  R LISTADMRCD
   1200                                          1  3'VCF/400 - View List of Admins'         29
   1300                                          3  3'This is a placeholder page. I need-    66
   1300                                               to implement this as a SUBFILE!'
   1500                                          9  3'Press ENTER to EXIT'                   19
                 * * * * *   E N D   O F   E X P A N D E D   S O U R C E   * * * * *
                                                   -=* http://pub400.com *=-
 5770SS1 V7R5M0  220415                  Data Description               ASHIBATA2/ADMSCR        26-09-07 17:22:53        Page    3
                                          Message Summary
    Total          Informational          Warning        Error       Severe
                       (0-9)              (10-19)       (20-29)      (30-99)
        0                 0                    0             0            0
* CPC7301      00               Message . . . . :   File ADMSCR created in library ASHIBATA2.
                         * * * * *   E N D   O F   C O M P I L A T I O N   * * * * *
                                                   -=* http://pub400.com *=-
 5770SS1 V7R5M0  220415                  Data Description               ASHIBATA2/ADMVOTERES    26-09-07 17:22:53        Page    1
 File name . . . . . . . . . . . . . . . . . . . . . :   ADMVOTERES
   Library name  . . . . . . . . . . . . . . . . . . :   ASHIBATA2
 File attribute  . . . . . . . . . . . . . . . . . . :   Display
 Source file containing DDS  . . . . . . . . . . . . :   QSDASRC
   Library name  . . . . . . . . . . . . . . . . . . :   ASHIBATA1
 Source member containing DDS  . . . . . . . . . . . :   ADMVOTERES
 Source member last changed  . . . . . . . . . . . . :   26-09-07  17:22:20
 Source listing options  . . . . . . . . . . . . . . :   *SOURCE    *LIST      *NOSECLVL  *NOEVENTF
 DDS generation severity level . . . . . . . . . . . :   20
 DDS flagging severity level . . . . . . . . . . . . :   00
 Authority . . . . . . . . . . . . . . . . . . . . . :   *LIBCRTAUT
 Replace file  . . . . . . . . . . . . . . . . . . . :   *YES
 Text  . . . . . . . . . . . . . . . . . . . . . . . :
 Compiler  . . . . . . . . . . . . . . . . . . . . . :   IBM System i5 Data Description Processor
                                      Data Description Source
 SEQNBR  *...+....1....+....2....+....3....+....4....+....5....+....6....+....7....+....8  Date
    100       A*%%TS  SD  20231029  212043  QSECOFR     REL-V4R4M0  5769-PW1
    200       A*%%EC
    300       A                                      DSPSIZ(24 80 *DS3)
    400       A          R VOTERES
    500       A*%%TS  SD  20231029  212043  QSECOFR     REL-V4R4M0  5769-PW1
    600       A                                      CF03(03 'Exit')
    700       A                                  1  3'VCF/400 - Voting Results Inquiry'
    800       A                                  3  3'Exhibit Name:'
    900       A                                  5  3'-----------------------------------
   1000       A                                      ------------------------------------
   1100       A                                      --------'
   1200       A            OUTTITLE      50A  O  6  3
   1300       A                                  8  3'Number of Votes for Ed Fair Award:'
   1400       A            OUTEFA         4A  O  8 40
   1500       A                                 10  3'Number of Votes for Best in Show:'
   1600       A            OUTBIS         4A  O 10 40
   1700       A                                 12  3'-----------------------------------
   1800       A                                      ------------------------------------
   1900       A                                      --------'
   2000       A                                 23  3'ENTER = Submit Inquiry  F3 = Exit'
   2100       A            ERRLINE       40A  O 13  3
   2200       A            INUSRPRF       9A  B  3 19
   2300       A                                 15  3'Inquiring User:'
   2400       A                                 15 20USER
   2500       A                                 16  3'Current Date:'
   2600       A                                 16 20DATE
   2700       A                                      EDTCDE(Y)
   2800       A                                 17  3'Current Time:'
   2900       A                                 17 20TIME
   3000       A                                 19  3'Votes in DB:'
   3100       A            OUTVOTEN       4A  O 19 20
                         * * * * *   E N D   O F   S O U R C E   * * * * *
                                                   -=* http://pub400.com *=-
 5770SS1 V7R5M0  220415                  Data Description               ASHIBATA2/ADMVOTERES    26-09-07 17:22:53        Page    2
                                          Expanded Source
                                                                                          Field       Buffer position
 SEQNBR  *...+....1....+....2....+....3....+....4....+....5....+....6....+....7....+....8 length        Out     In
    300                                              DSPSIZ(24 80 *DS3)
               * Response indicator input buffer positions:
               *  *IN03 0001
    400                  R VOTERES                   CF03(03 'Exit')
    700                                          1  3'VCF/400 - Voting Results Inquiry'      32
    800                                          3  3'Exhibit Name:'                         13
    900                                          5  3'-----------------------------------    77
    900                                              ------------------------------------
    900                                              --------'
   1200                    OUTTITLE      50A  O  6  3                                        50            1
   1300                                          8  3'Number of Votes for Ed Fair Award:-    34
   1300                                              '
   1400                    OUTEFA         4A  O  8 40                                         4           51
   1500                                         10  3'Number of Votes for Best in Show:'     33
   1600                    OUTBIS         4A  O 10 40                                         4           55
   1700                                         12  3'-----------------------------------    77
   1700                                              ------------------------------------
   1700                                              --------'
   2000                                         23  3'ENTER = Submit Inquiry  F3 = Exit'     33
   2100                    ERRLINE       40A  O 13  3                                        40           59
   2200                    INUSRPRF       9A  B  3 19                                         9           99       2
   2300                                         15  3'Inquiring User:'                       15
   2400                                         15 20USER                                    10
   2500                                         16  3'Current Date:'                         13
   2600                                         16 20DATE EDTCDE(Y)                           8
   2800                                         17  3'Current Time:'                         13
   2900                                         17 20TIME                                     8
   3000                                         19  3'Votes in DB:'                          12
   3100                    OUTVOTEN       4A  O 19 20                                         4          108
                 * * * * *   E N D   O F   E X P A N D E D   S O U R C E   * * * * *
                                                   -=* http://pub400.com *=-
 5770SS1 V7R5M0  220415                  Data Description               ASHIBATA2/ADMVOTERES    26-09-07 17:22:53        Page    3
                                          Message Summary
    Total          Informational          Warning        Error       Severe
                       (0-9)              (10-19)       (20-29)      (30-99)
        0                 0                    0             0            0
* CPC7301      00               Message . . . . :   File ADMVOTERES created in library ASHIBATA2.
                         * * * * *   E N D   O F   C O M P I L A T I O N   * * * * *
                                                   -=* http://pub400.com *=-
 5770SS1 V7R5M0  220415                  Data Description               ASHIBATA2/BMOVSCR       26-09-07 17:22:53        Page    1
 File name . . . . . . . . . . . . . . . . . . . . . :   BMOVSCR
   Library name  . . . . . . . . . . . . . . . . . . :   ASHIBATA2
 File attribute  . . . . . . . . . . . . . . . . . . :   Display
 Source file containing DDS  . . . . . . . . . . . . :   QSDASRC
   Library name  . . . . . . . . . . . . . . . . . . :   ASHIBATA1
 Source member containing DDS  . . . . . . . . . . . :   BMOVSCR
 Source member last changed  . . . . . . . . . . . . :   26-09-07  17:22:23
 Source listing options  . . . . . . . . . . . . . . :   *SOURCE    *LIST      *NOSECLVL  *NOEVENTF
 DDS generation severity level . . . . . . . . . . . :   20
 DDS flagging severity level . . . . . . . . . . . . :   00
 Authority . . . . . . . . . . . . . . . . . . . . . :   *LIBCRTAUT
 Replace file  . . . . . . . . . . . . . . . . . . . :   *YES
 Text  . . . . . . . . . . . . . . . . . . . . . . . :
 Compiler  . . . . . . . . . . . . . . . . . . . . . :   IBM System i5 Data Description Processor
                                      Data Description Source
 SEQNBR  *...+....1....+....2....+....3....+....4....+....5....+....6....+....7....+....8  Date
    100       A*%%TS  SD  20231219  212526  QSECOFR     REL-V4R4M0  5769-PW1
    200       A*%%EC
    300       A                                      DSPSIZ(24 80 *DS3)
    400       A          R SFLDATA                   SFL
    500       A*%%TS  SD  20231219  212526  QSECOFR     REL-V4R4M0  5769-PW1
    600       A            SPEAKER   R        O  7  2REFFLD(BMOVREC/SPEAKER BMOVDB)
    700       A                                      COLOR(BLU)
    800       A            LINE      R        O  7 13REFFLD(BMOVREC/LINE BMOVDB)
    900       A                                      COLOR(BLU)
   1000       A          R SFLCTL                    SFLCTL(SFLDATA)
   1100       A*%%TS  SD  20231219  212526  QSECOFR     REL-V4R4M0  5769-PW1
   1200       A  50                                  SFLDSP
   1300       A  50                                  SFLDSPCTL
   1400       A N50                                  SFLCLR
   1500       A  50                                  SFLEND(*MORE)
   1600       A                                      SFLSIZ(0100)
   1700       A                                      SFLPAG(0010)
   1800       A                                  1  2DATE
   1900       A                                      EDTCDE(Y)
   2000       A                                  1 11TIME
   2100       A                                  1 24'SCREENPLAY DATABASE PROGRAM'
   2200       A                                      COLOR(WHT)
   2300       A                                  3  3'Roll Up / Down = Scroll  F3 = Exit'
   2400       A                                      COLOR(BLU)
   2500       A                                  5  2'Character'
   2600       A                                      COLOR(WHT)
   2700       A                                  5 13'Spoken Line'
   2800       A                                      COLOR(WHT)
                         * * * * *   E N D   O F   S O U R C E   * * * * *
                                                   -=* http://pub400.com *=-
 5770SS1 V7R5M0  220415                  Data Description               ASHIBATA2/BMOVSCR       26-09-07 17:22:53        Page    2
                                          Expanded Source
                                                                                          Field       Buffer position
 SEQNBR  *...+....1....+....2....+....3....+....4....+....5....+....6....+....7....+....8 length        Out     In
    300                                              DSPSIZ(24 80 *DS3)
    400                  R SFLDATA                   SFL
    600                    SPEAKER        9A  O  7  2                                         9            1       1
 * Referenced Field  . . . . . . . . . . . :   SPEAKER
 *   Format  . . . . . . . . . . . . . . . :   BMOVREC
 *   File  . . . . . . . . . . . . . . . . :   BMOVDB
 *   Library . . . . . . . . . . . . . . . :   ASHIBATA2
    700                                              COLOR(BLU)
    800                    LINE          50A  O  7 13                                        50           10      10
 * Referenced Field  . . . . . . . . . . . :   LINE
 *   Format  . . . . . . . . . . . . . . . :   BMOVREC
 *   File  . . . . . . . . . . . . . . . . :   BMOVDB
 *   Library . . . . . . . . . . . . . . . :   ASHIBATA2
    900                                              COLOR(BLU)
               * Option indicator output buffer positions:
               *  *IN50 0001
   1000                  R SFLCTL
                 *DS3                                SFLSIZ(0100) SFLPAG(010)
   1000                                              SFLCTL(SFLDATA)
   1200          50                                  SFLDSP
   1300          50                                  SFLDSPCTL
   1400         N50                                  SFLCLR
   1500          50                                  SFLEND(*MORE)
   1800                                          1  2DATE EDTCDE(Y)                           8
   2000                                          1 11TIME                                     8
   2100                                          1 24'SCREENPLAY DATABASE PROGRAM' +         27
   2200                                              COLOR(WHT)
   2300                                          3  3'Roll Up / Down = Scroll  F3 = Exit-    34
   2300                                              ' COLOR(BLU)
   2500                                          5  2'Character' COLOR(WHT)                   9
   2700                                          5 13'Spoken Line' COLOR(WHT)                11
                 * * * * *   E N D   O F   E X P A N D E D   S O U R C E   * * * * *
                                                   -=* http://pub400.com *=-
 5770SS1 V7R5M0  220415                  Data Description               ASHIBATA2/BMOVSCR       26-09-07 17:22:53        Page    3
                                          Message Summary
    Total          Informational          Warning        Error       Severe
                       (0-9)              (10-19)       (20-29)      (30-99)
        0                 0                    0             0            0
* CPC7301      00               Message . . . . :   File BMOVSCR created in library ASHIBATA2.
                         * * * * *   E N D   O F   C O M P I L A T I O N   * * * * *
                                                   -=* http://pub400.com *=-
 5770SS1 V7R5M0  220415                  Data Description               ASHIBATA2/CREDITSSCR    26-09-07 17:22:53        Page    1
 File name . . . . . . . . . . . . . . . . . . . . . :   CREDITSSCR
   Library name  . . . . . . . . . . . . . . . . . . :   ASHIBATA2
 File attribute  . . . . . . . . . . . . . . . . . . :   Display
 Source file containing DDS  . . . . . . . . . . . . :   QSDASRC
   Library name  . . . . . . . . . . . . . . . . . . :   ASHIBATA1
 Source member containing DDS  . . . . . . . . . . . :   CREDITSSCR
 Source member last changed  . . . . . . . . . . . . :   26-09-07  17:22:25
 Source listing options  . . . . . . . . . . . . . . :   *SOURCE    *LIST      *NOSECLVL  *NOEVENTF
 DDS generation severity level . . . . . . . . . . . :   20
 DDS flagging severity level . . . . . . . . . . . . :   00
 Authority . . . . . . . . . . . . . . . . . . . . . :   *LIBCRTAUT
 Replace file  . . . . . . . . . . . . . . . . . . . :   *YES
 Text  . . . . . . . . . . . . . . . . . . . . . . . :
 Compiler  . . . . . . . . . . . . . . . . . . . . . :   IBM System i5 Data Description Processor
                                      Data Description Source
 SEQNBR  *...+....1....+....2....+....3....+....4....+....5....+....6....+....7....+....8  Date
    100       A*%%TS  SD  20231214  205023  QSECOFR     REL-V4R4M0  5769-PW1
    200       A*%%EC
    300       A                                      DSPSIZ(24 80 *DS3)
    400       A          R SCREEN1
    500       A*%%TS  SD  20231214  205023  QSECOFR     REL-V4R4M0  5769-PW1
    600       A                                  1  3'VCF/400 - Credits and Copyright'
    700       A                                      COLOR(WHT)
    800       A                                  3  3'VCF/400 V1R0 - Copyright (c) 2023--
    900       A                                      2024 The Little Beige Box'
   1000       A                                  4  3'https://github.com/LBBNetwork'
   1100       A                                  6  3'With special thanks to:'
   1200       A                                  7  3' - The Atlanta Historical Computin-
   1300       A                                      g Society'
   1400       A                                      COLOR(BLU)
   1500       A                                  8  3' - The Southern-Fried Gaming Expo'
   1600       A                                      COLOR(BLU)
   1700       A                                  9  4'- The IBM i Hobbyists Community'
   1800       A                                      COLOR(BLU)
   1900       A                                 10  4'- Joe G.'
   2000       A                                      COLOR(BLU)
   2100       A                                 11  4'- James M.'
   2200       A                                      COLOR(BLU)
   2300       A                                 12  4'- Ben S.'
   2400       A                                      COLOR(BLU)
   2500       A                                 13  4'- Mainframes with Matthew / racing-
   2600       A                                      mars'
   2700       A                                      COLOR(BLU)
   2800       A                                 19 32'Dedicated to A.,'
   2900       A                                      COLOR(RED)
   3000       A                                 20 34'my Dear One'
   3100       A                                      COLOR(RED)
   3200       A                                 22 17'Press ENTER to return to the VCF/4-
   3300       A                                      00 main menu.'
                         * * * * *   E N D   O F   S O U R C E   * * * * *
                                                   -=* http://pub400.com *=-
 5770SS1 V7R5M0  220415                  Data Description               ASHIBATA2/CREDITSSCR    26-09-07 17:22:53        Page    2
                                          Expanded Source
                                                                                          Field       Buffer position
 SEQNBR  *...+....1....+....2....+....3....+....4....+....5....+....6....+....7....+....8 length        Out     In
    300                                              DSPSIZ(24 80 *DS3)
    400                  R SCREEN1
    600                                          1  3'VCF/400 - Credits and Copyright' +     31
    700                                              COLOR(WHT)
    800                                          3  3'VCF/400 V1R0 - Copyright (c) 2023--    59
    800                                              2024 The Little Beige Box'
   1000                                          4  3'https://github.com/LBBNetwork'         29
   1100                                          6  3'With special thanks to:'               23
   1200                                          7  3' - The Atlanta Historical Computin-    43
   1200                                              g Society' COLOR(BLU)
   1500                                          8  3' - The Southern-Fried Gaming Expo' +   33
   1600                                              COLOR(BLU)
   1700                                          9  4'- The IBM i Hobbyists Community' +     31
   1800                                              COLOR(BLU)
   1900                                         10  4'- Joe G.' COLOR(BLU)                    8
   2100                                         11  4'- James M.' COLOR(BLU)                 10
   2300                                         12  4'- Ben S.' COLOR(BLU)                    8
   2500                                         13  4'- Mainframes with Matthew / racing-    38
   2500                                              mars' COLOR(BLU)
   2800                                         19 32'Dedicated to A.,' COLOR(RED)           16
   3000                                         20 34'my Dear One' COLOR(RED)                11
   3200                                         22 17'Press ENTER to return to the VCF/4-    47
   3200                                              00 main menu.'
                 * * * * *   E N D   O F   E X P A N D E D   S O U R C E   * * * * *
                                                   -=* http://pub400.com *=-
 5770SS1 V7R5M0  220415                  Data Description               ASHIBATA2/CREDITSSCR    26-09-07 17:22:53        Page    3
                                          Message Summary
    Total          Informational          Warning        Error       Severe
                       (0-9)              (10-19)       (20-29)      (30-99)
        0                 0                    0             0            0
* CPC7301      00               Message . . . . :   File CREDITSSCR created in library ASHIBATA2.
                         * * * * *   E N D   O F   C O M P I L A T I O N   * * * * *
                                                   -=* http://pub400.com *=-
 5770SS1 V7R5M0  220415                  Data Description               ASHIBATA2/EXHBMENUSC    26-09-07 17:22:53        Page    1
 File name . . . . . . . . . . . . . . . . . . . . . :   EXHBMENUSC
   Library name  . . . . . . . . . . . . . . . . . . :   ASHIBATA2
 File attribute  . . . . . . . . . . . . . . . . . . :   Display
 Source file containing DDS  . . . . . . . . . . . . :   QSDASRC
   Library name  . . . . . . . . . . . . . . . . . . :   ASHIBATA1
 Source member containing DDS  . . . . . . . . . . . :   EXHBMENUSC
 Source member last changed  . . . . . . . . . . . . :   26-09-07  17:22:28
 Source listing options  . . . . . . . . . . . . . . :   *SOURCE    *LIST      *NOSECLVL  *NOEVENTF
 DDS generation severity level . . . . . . . . . . . :   20
 DDS flagging severity level . . . . . . . . . . . . :   00
 Authority . . . . . . . . . . . . . . . . . . . . . :   *LIBCRTAUT
 Replace file  . . . . . . . . . . . . . . . . . . . :   *YES
 Text  . . . . . . . . . . . . . . . . . . . . . . . :
 Compiler  . . . . . . . . . . . . . . . . . . . . . :   IBM System i5 Data Description Processor
                                      Data Description Source
 SEQNBR  *...+....1....+....2....+....3....+....4....+....5....+....6....+....7....+....8  Date
    100       A*%%TS  SD  20240310  144605  QSECOFR     REL-V4R4M0  5769-PW1
    200       A*%%EC
    300       A                                      DSPSIZ(24 80 *DS3)
    400       A          R MENU
    500       A*%%TS  SD  20240310  144605  QSECOFR     REL-V4R4M0  5769-PW1
    600       A                                 19  3'-----------------------------------
    700       A                                      ------------------------------------
    800       A                                      -------'
    900       A                                 20  4'1. Nominate This Exhibit for Award'
   1000       A                                      COLOR(BLU)
   1100       A  41                                  DSPATR(ND)
   1200       A                                 21  4'2. Learn More About This Exhibit'
   1300       A                                      COLOR(BLU)
   1400       A  40                                  DSPATR(ND)
   1500       A                                 22  4'3. Sign Exhibit Guestbook'
   1600       A                                      COLOR(BLU)
   1700       A                                 23 44'Select Menu Option, Press ENTER:'
   1800       A                                      COLOR(BLU)
   1900       A                                  1  3'WELCOME TO...'
   2000       A            OUTTITLE      75A  O  2  6COLOR(WHT)
   2100       A                                  3  3'HOSTED'
   2200       A                                  3 10'BY'
   2300       A            OUTNAME       25A  O  3 13COLOR(WHT)
   2400       A                                  3 39'OF'
   2500       A            OUTCITY       15A  O  3 42COLOR(WHT)
   2600       A            OUTSTATE       2A  O  3 58COLOR(WHT)
   2700       A                                  4  3'-----------------------------------
   2800       A                                      ------------------------------------
   2900       A                                      -------'
   3000       A            OUTDESC     1000A  O  5  2COLOR(WHT)
   3100       A            INOPT          1Y 0I 23 78CHECK(ME)
   3200       A                                      CHECK(MF)
   3300       A                                      COLOR(BLU)
   3400       A                                 23  4'4. Read Exhibit Guestbook'
   3500       A                                      COLOR(BLU)
   3600       A          R ADMCREATE
   3700       A*%%TS  SD  20231205  185250  QSECOFR     REL-V4R4M0  5769-PW1
   3800       A                                      CF05(05 'Delete')
                                                   -=* http://pub400.com *=-
 5770SS1 V7R5M0  220415                  Data Description               ASHIBATA2/EXHBMENUSC    26-09-07 17:22:53        Page    2
                                      Data Description Source
 SEQNBR  *...+....1....+....2....+....3....+....4....+....5....+....6....+....7....+....8  Date
   3900       A                                      CF12(12 'Cancel')
   4000       A                                 19  3'-----------------------------------
   4100       A                                      ------------------------------------
   4200       A                                      -------'
   4300       A                                 20  4'1. Nominate This Exhibit for Award'
   4400       A                                 21  4'2. Sign Exhibit Guestbook'
   4500       A                                 22  4'3. Read Exhibit Guestbook'
   4600       A                                 23 33'LRN400? (0 No / 1 Yes)'
   4700       A                                  1  3'WELCOME TO...'
   4800       A                                  3  3'HOSTED'
   4900       A                                  3 10'BY'
   5000       A                                  3 39'OF'
   5100       A                                  4  3'-----------------------------------
   5200       A                                      ------------------------------------
   5300       A                                      -------'
   5400       A                                 22 33'Type Associated USRPRF:'
   5500       A            INUSRPRF       9A  B 22 66
   5600       A            INTITLE       60A  B  2  7CHECK(LC)
   5700       A            INNAME        20A  B  3 13CHECK(LC)
   5800       A            INCITY        15A  B  3 42CHECK(LC)
   5900       A            INSTATE        2A  B  3 58
   6000       A                                 21 33'Award Eligible? (0 No / 1 Yes)'
   6100       A            INELIGIBLE     1A  B 21 66
   6200       A            INDESC      1000A  B  5  1CHECK(LC)
   6300       A            ERRLINE       30A  O 18  3
   6400       A                                 24  5'ENTER = Save  F5 = Delete  F12 = C-
   6500       A                                      ancel'
   6600       A            INLRN400EN     1   B 23 66
   6700       A          R ADMPSWRD
   6800       A*%%TS  SD  20231219  203507  QSECOFR     REL-V4R4M0  5769-PW1
   6900       A                                  4  5'Are you sure you want to exit the -
   7000       A                                      kiosk?'
   7100       A                                  5  5'Type the Administrator password, p-
   7200       A                                      ress ENTER to sign off'
   7300       A            INPWD          9A  I  7  5
   7400       A          R ADMDELETE
   7500       A*%%TS  SD  20231028  213249  QSECOFR     REL-V4R4M0  5769-PW1
   7600       A                                      CF12(12 'Cancel')
   7700       A                                  4  5'Are you sure you want to delete th-
   7800       A                                      is exhibit?'
   7900       A                                  5  5'This change is PERMANENT and CANNO-
   8000       A                                      T BE UNDONE.'
   8100       A                                 10  5'Press ENTER to delete.'
   8200       A                                 12  5'Press F12 to cancel.'
   8300       A            DLTEXHNAM      9A  O  7  5
   8400       A          R ADMDELETE2
   8500       A*%%TS  SD  20231028  213518  QSECOFR     REL-V4R4M0  5769-PW1
   8600       A                                      CF12(12 'Cancel')
   8700       A                                  4  5'Are you sure you want to delete th-
   8800       A                                      is exhibit?'
   8900       A                                  5  5'This change is PERMANENT and CANNO-
   9000       A                                      T BE UNDONE.'
   9100       A                                 10  5'Press ENTER to delete.'
                                                   -=* http://pub400.com *=-
 5770SS1 V7R5M0  220415                  Data Description               ASHIBATA2/EXHBMENUSC    26-09-07 17:22:53        Page    3
                                      Data Description Source
 SEQNBR  *...+....1....+....2....+....3....+....4....+....5....+....6....+....7....+....8  Date
   9200       A                                 12  5'Press F12 to cancel.'
   9300       A            DLTEXHNAM      9A  O  7  5
                         * * * * *   E N D   O F   S O U R C E   * * * * *
                                                   -=* http://pub400.com *=-
 5770SS1 V7R5M0  220415                  Data Description               ASHIBATA2/EXHBMENUSC    26-09-07 17:22:53        Page    4
                                          Expanded Source
                                                                                          Field       Buffer position
 SEQNBR  *...+....1....+....2....+....3....+....4....+....5....+....6....+....7....+....8 length        Out     In
    300                                              DSPSIZ(24 80 *DS3)
               * Option indicator output buffer positions:
               *  *IN40 0002   *IN41 0001
    400                  R MENU
    600                                         19  3'-----------------------------------    76
    600                                              ------------------------------------
    600                                              -------'
    900                                         20  4'1. Nominate This Exhibit for Award-    34
    900                                              ' COLOR(BLU)
   1100          41                                  DSPATR(ND)
   1200                                         21  4'2. Learn More About This Exhibit' +    32
   1300                                              COLOR(BLU)
   1400          40                                  DSPATR(ND)
   1500                                         22  4'3. Sign Exhibit Guestbook' +           25
   1600                                              COLOR(BLU)
   1700                                         23 44'Select Menu Option, Press ENTER:' +    32
   1800                                              COLOR(BLU)
   1900                                          1  3'WELCOME TO...'                         13
   2000                    OUTTITLE      75A  O  2  6COLOR(WHT)                              75            3
   2100                                          3  3'HOSTED'                                 6
   2200                                          3 10'BY'                                     2
   2300                    OUTNAME       25A  O  3 13COLOR(WHT)                              25           78
   2400                                          3 39'OF'                                     2
   2500                    OUTCITY       15A  O  3 42COLOR(WHT)                              15          103
   2600                    OUTSTATE       2A  O  3 58COLOR(WHT)                               2          118
   2700                                          4  3'-----------------------------------    76
   2700                                              ------------------------------------
   2700                                              -------'
   3000                    OUTDESC     1000A  O  5  2COLOR(WHT)                            1000          120
   3100                    INOPT          1Y 0I 23 78CHECK(ME) CHECK(MF) COLOR(BLU)           1                    1
   3400                                         23  4'4. Read Exhibit Guestbook' +           25
   3500                                              COLOR(BLU)
               * Response indicator input buffer positions:
               *  *IN05 0001   *IN12 0002
   3600                  R ADMCREATE                 CF05(05 'Delete') +
   3900                                              CF12(12 'Cancel')
   4000                                         19  3'-----------------------------------    76
   4000                                              ------------------------------------
   4000                                              -------'
   4300                                         20  4'1. Nominate This Exhibit for Award-    34
   4300                                              '
   4400                                         21  4'2. Sign Exhibit Guestbook'             25
   4500                                         22  4'3. Read Exhibit Guestbook'             25
   4600                                         23 33'LRN400? (0 No / 1 Yes)'                22
   4700                                          1  3'WELCOME TO...'                         13
   4800                                          3  3'HOSTED'                                 6
   4900                                          3 10'BY'                                     2
   5000                                          3 39'OF'                                     2
   5100                                          4  3'-----------------------------------    76
   5100                                              ------------------------------------
   5100                                              -------'
   5400                                         22 33'Type Associated USRPRF:'               23
   5500                    INUSRPRF       9A  B 22 66                                         9            1       3
                                                   -=* http://pub400.com *=-
 5770SS1 V7R5M0  220415                  Data Description               ASHIBATA2/EXHBMENUSC    26-09-07 17:22:53        Page    5
                                          Expanded Source
                                                                                          Field       Buffer position
 SEQNBR  *...+....1....+....2....+....3....+....4....+....5....+....6....+....7....+....8 length        Out     In
   5600                    INTITLE       60A  B  2  7CHECK(LC)                               60           10      12
   5700                    INNAME        20A  B  3 13CHECK(LC)                               20           70      72
   5800                    INCITY        15A  B  3 42CHECK(LC)                               15           90      92
   5900                    INSTATE        2A  B  3 58                                         2          105     107
   6000                                         21 33'Award Eligible? (0 No / 1 Yes)'        30
   6100                    INELIGIBLE     1A  B 21 66                                         1          107     109
   6200                    INDESC      1000A  B  5  1CHECK(LC)                             1000          108     110
   6300                    ERRLINE       30A  O 18  3                                        30         1108
   6400                                         24  5'ENTER = Save  F5 = Delete  F12 = C-    39
   6400                                              ancel'
   6600                    INLRN400EN     1A  B 23 66                                         1         1138    1110
   6700                  R ADMPSWRD
   6900                                          4  5'Are you sure you want to exit the -    40
   6900                                              kiosk?'
   7100                                          5  5'Type the Administrator password, p-    56
   7100                                              ress ENTER to sign off'
   7300                    INPWD          9A  I  7  5                                         9                    1
               * Response indicator input buffer positions:
               *  *IN12 0001
   7400                  R ADMDELETE                 CF12(12 'Cancel')
   7700                                          4  5'Are you sure you want to delete th-    45
   7700                                              is exhibit?'
   7900                                          5  5'This change is PERMANENT and CANNO-    46
   7900                                              T BE UNDONE.'
   8100                                         10  5'Press ENTER to delete.'                22
   8200                                         12  5'Press F12 to cancel.'                  20
   8300                    DLTEXHNAM      9A  O  7  5                                         9            1
               * Response indicator input buffer positions:
               *  *IN12 0001
   8400                  R ADMDELETE2                CF12(12 'Cancel')
   8700                                          4  5'Are you sure you want to delete th-    45
   8700                                              is exhibit?'
   8900                                          5  5'This change is PERMANENT and CANNO-    46
   8900                                              T BE UNDONE.'
   9100                                         10  5'Press ENTER to delete.'                22
   9200                                         12  5'Press F12 to cancel.'                  20
   9300                    DLTEXHNAM      9A  O  7  5                                         9            1
                 * * * * *   E N D   O F   E X P A N D E D   S O U R C E   * * * * *
                                                   -=* http://pub400.com *=-
 5770SS1 V7R5M0  220415                  Data Description               ASHIBATA2/EXHBMENUSC    26-09-07 17:22:53        Page    6
                                          Message Summary
    Total          Informational          Warning        Error       Severe
                       (0-9)              (10-19)       (20-29)      (30-99)
        0                 0                    0             0            0
* CPC7301      00               Message . . . . :   File EXHBMENUSC created in library ASHIBATA2.
                         * * * * *   E N D   O F   C O M P I L A T I O N   * * * * *
                                                   -=* http://pub400.com *=-
 5770SS1 V7R5M0  220415                  Data Description               ASHIBATA2/GUESTBKSCR    26-09-07 17:22:53        Page    1
 File name . . . . . . . . . . . . . . . . . . . . . :   GUESTBKSCR
   Library name  . . . . . . . . . . . . . . . . . . :   ASHIBATA2
 File attribute  . . . . . . . . . . . . . . . . . . :   Display
 Source file containing DDS  . . . . . . . . . . . . :   QSDASRC
   Library name  . . . . . . . . . . . . . . . . . . :   ASHIBATA1
 Source member containing DDS  . . . . . . . . . . . :   GUESTBKSCR
 Source member last changed  . . . . . . . . . . . . :   26-09-07  17:22:31
 Source listing options  . . . . . . . . . . . . . . :   *SOURCE    *LIST      *NOSECLVL  *NOEVENTF
 DDS generation severity level . . . . . . . . . . . :   20
 DDS flagging severity level . . . . . . . . . . . . :   00
 Authority . . . . . . . . . . . . . . . . . . . . . :   *LIBCRTAUT
 Replace file  . . . . . . . . . . . . . . . . . . . :   *YES
 Text  . . . . . . . . . . . . . . . . . . . . . . . :
 Compiler  . . . . . . . . . . . . . . . . . . . . . :   IBM System i5 Data Description Processor
                                      Data Description Source
 SEQNBR  *...+....1....+....2....+....3....+....4....+....5....+....6....+....7....+....8  Date
    100       A*%%TS  SD  20231106  193901  QSECOFR     REL-V4R4M0  5769-PW1
    200       A*%%EC
    300       A                                      DSPSIZ(24 80 *DS3)
    400       A          R ADDCMT
    500       A*%%TS  SD  20231106  193901  QSECOFR     REL-V4R4M0  5769-PW1
    600       A                                      CF05(05 'Submit')
    700       A                                      CF12(12 'Cancel')
    800       A                                  1  3'VINTAGE COMPUTER FESTIVAL'
    900       A                                  1 32'GUESTBOOK/400 - ADD COMMENT'
   1000       A                                  3  3'Your Name................:'
   1100       A                                  4  3'Exhibit'
   1200       A                                  4 11'ID...............:'
   1300       A            INNAME        16A  I  3 32CHECK(LC)
   1400       A                                      CHECK(ME)
   1500       A                                      COLOR(WHT)
   1600       A                                  5  3'Comment..................:'
   1700       A            INCMT        200A  I  6  3CHECK(LC)
   1800       A                                      CHECK(ME)
   1900       A                                      COLOR(WHT)
   2000       A            ERRLINE       21A  O 10  5COLOR(RED)
   2100       A                                 24  3'Cmd5 / F5 = Submit Comment'
   2200       A                                      COLOR(BLU)
   2300       A                                 24 34'Cmd12 / F12 = Cancel'
   2400       A                                      COLOR(BLU)
   2500       A            INID           9A  B  4 32CHECK(ME)
   2600       A  70                                  DSPATR(PR)
   2700       A                                      COLOR(WHT)
   2800       A          R ENDCMT
   2900       A*%%TS  SD  20230904  092204  QSECOFR     REL-V4R4M0  5769-PW1
   3000       A                                  2  5' _______ _    _          _   _ _  -
   3100       A                                      __ _____          '
   3200       A                                  3  5'|__   __| |  | |   /\   | \ | | |/-
   3300       A                                       // ____|         '
   3400       A                                  4  5'   | |  | |__| |  /  \  |  \| |   -
   3500       A                                      /| (___           '
   3600       A                                  4 58'                          '
   3700       A                                  5  5'   | |  |  __  | / /\ \ | . ` |  /-
   3800       A                                        \___ \          '
                                                   -=* http://pub400.com *=-
 5770SS1 V7R5M0  220415                  Data Description               ASHIBATA2/GUESTBKSCR    26-09-07 17:22:53        Page    2
                                      Data Description Source
 SEQNBR  *...+....1....+....2....+....3....+....4....+....5....+....6....+....7....+....8  Date
   3900       A                                  5 58'                          '
   4000       A                                  6  5'   | |  | |  | |/ ____ \| |\  | . -
   4100       A                                      \ ____) |         '
   4200       A                                  6 58'                          '
   4300       A                                  7  5' __|_|_ |_|_ |_/_/_   \_\_|_\_|_|\-
   4400       A                                      _\_____/__        '
   4500       A                                  7 58'                          '
   4600       A                                  8  5'|  ____/ __ \|  __ \  |__   __| | -
   4700       A                                       | |  ____|       '
   4800       A                                  8 58'                          '
   4900       A                                  9  5'| |__ | |  | | |__) |    | |  | |_-
   5000       A                                      _| | |__          '
   5100       A                                  9 58'                          '
   5200       A                                 10  5'|  __|| |  | |  _  /     | |  |  _-
   5300       A                                      _  |  __|         '
   5400       A                                 10 58'                          '
   5500       A                                 11  5'| |   | |__| | | \ \     | |  | | -
   5600       A                                       | | |____        '
   5700       A                                 11 58'                          '
   5800       A                                 12  5'|_|____\____/|_|  \_\__  |_|__|_|_-
   5900       A                                       |_|______|___ _  '
   6000       A                                 12 58'                          '
   6100       A                                 13  5' / ____/ __ \|  \/  |  \/  |  ____-
   6200       A                                      | \ | |__   __| | '
   6300       A                                 13 58'                          '
   6400       A                                 14  5'| |   | |  | | \  / | \  / | |__  -
   6500       A                                      |  \| |  | |  | | '
   6600       A                                 14 58'                          '
   6700       A                                 15  5'| |   | |  | | |\/| | |\/| |  __| -
   6800       A                                      | . ` |  | |  | | '
   6900       A                                 15 58'                          '
   7000       A                                 16  5'| |___| |__| | |  | | |  | | |____-
   7100       A                                      | |\  |  | |  |_| '
   7200       A                                 16 58'                          '
   7300       A                                 17  5' \_____\____/|_|  |_|_|  |_|______-
   7400       A                                      |_| \_|  |_|  (_) '
   7500       A                                 19  4'Thank you for commenting on this e-
   7600       A                                      xhibit! Your Comment ID Is:'
   7700       A                                 21  4'Press ENTER to exit.'
   7800       A          R READCMT
   7900       A*%%TS  SD  20231106  193901  QSECOFR     REL-V4R4M0  5769-PW1
   8000       A                                      CF05(05 'Submit')
   8100       A                                      CF12(12 'Cancel')
   8200       A                                  1  4'VINTAGE COMPUTER FESTIVAL'
   8300       A                                  1 33'GUESTBOOK/400 - Read a Comment'
   8400       A                                  3  4'Enter a Comment ID:'
   8500       A                                  5  4'-----------------------------------
   8600       A                                      ------------------------------------
   8700       A                                      -----'
   8800       A            OUTNAME       11   O  6  4COLOR(WHT)
   8900       A                                  6 18'says to:  '
   9000       A            OUTCMT       200   O  8  4COLOR(WHT)
   9100       A                                 21  5'Is this comment inappropriate? Ple-
                                                   -=* http://pub400.com *=-
 5770SS1 V7R5M0  220415                  Data Description               ASHIBATA2/GUESTBKSCR    26-09-07 17:22:53        Page    3
                                      Data Description Source
 SEQNBR  *...+....1....+....2....+....3....+....4....+....5....+....6....+....7....+....8  Date
   9200       A                                      ase report the Comment ID to the'
   9300       A                                 22  5'folks at the Midrange Madness tabl-
   9400       A                                      e and we will address the comment.'
   9500       A                                 24  5'Cmd5 / F5 = Submit  Cmd12 / F12 = -
   9600       A                                      Cancel'
   9700       A                                      COLOR(BLU)
   9800       A            ERRLINE       20A  O  4  4COLOR(RED)
   9900       A            INCMTID        4Y 0I  3 25CHECK(ME)
  10000       A                                      CHECK(RZ)
  10100       A                                      COLOR(WHT)
  10200       A                                 11  4'-----------------------------------
  10300       A                                      ------------------------------------
  10400       A                                      -----'
  10500       A                                  3 49'Currently hosting'
  10600       A            WTFCMTNUM      4   O  3 67COLOR(TRQ)
  10700       A                                  4 49'comments and counting.'
  10800       A            OUTTITLE      50   O  6 29COLOR(WHT)
  10900       A                                 23  4'-----------------------------------
  11000       A                                      ------------------------------------
  11100       A                                      -----'
  11200       A          R HIDECMT
  11300       A*%%TS  SD  20230826  153521  QSECOFR     REL-V4R4M0  5769-PW1
  11400       A                                      CF05(05 'Submit')
  11500       A                                      CF12(12 'Cancel')
  11600       A                                  1  4'VINTAGE COMPUTER FESTIVAL'
  11700       A                                  1 33'GUESTBOOK/400 - Comment Administra-
  11800       A                                      tor'
  11900       A                                  3  4'Comment ID:'
  12000       A                                  4  4'-----------------------------------
  12100       A                                      ------------------------------------
  12200       A                                      -----'
  12300       A            OUTNAME       11A  O  5  4
  12400       A                                  5 18'says...'
  12500       A            OUTCMT       200A  O  7  5
  12600       A                                 24  5'Cmd5 / F5 = Submit  Cmd12 / F12 = -
  12700       A                                      Cancel'
  12800       A            ERRLINE       20A  O  3 39COLOR(RED)
  12900       A            HIDECMTID      4A  O  3 18
  13000       A                                 14  5'Change Status? (Y/N)    '
  13100       A            INHIDEYN       1A  I 14 32
  13200       A                                 11  5'Currently Visible?'
  13300       A            CURRHIDE       1A  O 11 32
  13400       A                                 16  5'Y = Comment is visible to all atte-
  13500       A                                      ndees and exhibitors'
  13600       A                                 17  5'N = Comment is only visible to SEC-
  13700       A                                      OFR'
                         * * * * *   E N D   O F   S O U R C E   * * * * *
                                                   -=* http://pub400.com *=-
 5770SS1 V7R5M0  220415                  Data Description               ASHIBATA2/GUESTBKSCR    26-09-07 17:22:53        Page    4
                                          Expanded Source
                                                                                          Field       Buffer position
 SEQNBR  *...+....1....+....2....+....3....+....4....+....5....+....6....+....7....+....8 length        Out     In
    300                                              DSPSIZ(24 80 *DS3)
               * Option indicator output buffer positions:
               *  *IN70 0001
               * Response indicator input buffer positions:
               *  *IN05 0001   *IN12 0002
    400                  R ADDCMT                    CF05(05 'Submit') +
    700                                              CF12(12 'Cancel')
    800                                          1  3'VINTAGE COMPUTER FESTIVAL'             25
    900                                          1 32'GUESTBOOK/400 - ADD COMMENT'           27
   1000                                          3  3'Your Name................:'            26
   1100                                          4  3'Exhibit'                                7
   1200                                          4 11'ID...............:'                    18
   1300                    INNAME        16A  I  3 32CHECK(LC) CHECK(ME) COLOR(WHT)          16                    3
   1600                                          5  3'Comment..................:'            26
   1700                    INCMT        200A  I  6  3CHECK(LC) CHECK(ME) COLOR(WHT)         200                   19
   2000                    ERRLINE       21A  O 10  5COLOR(RED)                              21            2
   2100                                         24  3'Cmd5 / F5 = Submit Comment' +          26
   2200                                              COLOR(BLU)
   2300                                         24 34'Cmd12 / F12 = Cancel' COLOR(BLU)       20
   2500                    INID           9A  B  4 32CHECK(ME)                                9           23     219
   2600          70                                  DSPATR(PR)
   2700                                              COLOR(WHT)
   2800                  R ENDCMT
   3000                                          2  5' _______ _    _          _   _ _  -    52
   3000                                              __ _____          '
   3200                                          3  5'|__   __| |  | |   /\   | \ | | |/-    52
   3200                                               // ____|         '
   3400                                          4  5'   | |  | |__| |  /  \  |  \| |   -    52
   3400                                              /| (___           '
   3600                                          4 58'                          '            26
   3700                                          5  5'   | |  |  __  | / /\ \ | . ` |  /-    52
   3700                                                \___ \          '
   3900                                          5 58'                          '            26
   4000                                          6  5'   | |  | |  | |/ ____ \| |\  | . -    52
   4000                                              \ ____) |         '
   4200                                          6 58'                          '            26
   4300                                          7  5' __|_|_ |_|_ |_/_/_   \_\_|_\_|_|\-    52
   4300                                              _\_____/__        '
   4500                                          7 58'                          '            26
   4600                                          8  5'|  ____/ __ \|  __ \  |__   __| | -    52
   4600                                               | |  ____|       '
   4800                                          8 58'                          '            26
   4900                                          9  5'| |__ | |  | | |__) |    | |  | |_-    52
   4900                                              _| | |__          '
   5100                                          9 58'                          '            26
   5200                                         10  5'|  __|| |  | |  _  /     | |  |  _-    52
   5200                                              _  |  __|         '
   5400                                         10 58'                          '            26
   5500                                         11  5'| |   | |__| | | \ \     | |  | | -    52
   5500                                               | | |____        '
   5700                                         11 58'                          '            26
   5800                                         12  5'|_|____\____/|_|  \_\__  |_|__|_|_-    52
   5800                                               |_|______|___ _  '
                                                   -=* http://pub400.com *=-
 5770SS1 V7R5M0  220415                  Data Description               ASHIBATA2/GUESTBKSCR    26-09-07 17:22:53        Page    5
                                          Expanded Source
                                                                                          Field       Buffer position
 SEQNBR  *...+....1....+....2....+....3....+....4....+....5....+....6....+....7....+....8 length        Out     In
   6000                                         12 58'                          '            26
   6100                                         13  5' / ____/ __ \|  \/  |  \/  |  ____-    52
   6100                                              | \ | |__   __| | '
   6300                                         13 58'                          '            26
   6400                                         14  5'| |   | |  | | \  / | \  / | |__  -    52
   6400                                              |  \| |  | |  | | '
   6600                                         14 58'                          '            26
   6700                                         15  5'| |   | |  | | |\/| | |\/| |  __| -    52
   6700                                              | . ` |  | |  | | '
   6900                                         15 58'                          '            26
   7000                                         16  5'| |___| |__| | |  | | |  | | |____-    52
   7000                                              | |\  |  | |  |_| '
   7200                                         16 58'                          '            26
   7300                                         17  5' \_____\____/|_|  |_|_|  |_|______-    52
   7300                                              |_| \_|  |_|  (_) '
   7500                                         19  4'Thank you for commenting on this e-    61
   7500                                              xhibit! Your Comment ID Is:'
   7700                                         21  4'Press ENTER to exit.'                  20
               * Response indicator input buffer positions:
               *  *IN05 0001   *IN12 0002
   7800                  R READCMT                   CF05(05 'Submit') +
   8100                                              CF12(12 'Cancel')
   8200                                          1  4'VINTAGE COMPUTER FESTIVAL'             25
   8300                                          1 33'GUESTBOOK/400 - Read a Comment'        30
   8400                                          3  4'Enter a Comment ID:'                   19
   8500                                          5  4'-----------------------------------    74
   8500                                              ------------------------------------
   8500                                              -----'
   8800                    OUTNAME       11A  O  6  4COLOR(WHT)                              11            1
   8900                                          6 18'says to:  '                            10
   9000                    OUTCMT       200A  O  8  4COLOR(WHT)                             200           12
   9100                                         21  5'Is this comment inappropriate? Ple-    66
   9100                                              ase report the Comment ID to the'
   9300                                         22  5'folks at the Midrange Madness tabl-    68
   9300                                              e and we will address the comment.'
   9500                                         24  5'Cmd5 / F5 = Submit  Cmd12 / F12 = -    40
   9500                                              Cancel' COLOR(BLU)
   9800                    ERRLINE       20A  O  4  4COLOR(RED)                              20          212
   9900                    INCMTID        4Y 0I  3 25CHECK(ME) CHECK(RZ) COLOR(WHT)           4                    3
  10200                                         11  4'-----------------------------------    74
  10200                                              ------------------------------------
  10200                                              -----'
  10500                                          3 49'Currently hosting'                     17
  10600                    WTFCMTNUM      4A  O  3 67COLOR(TRQ)                               4          232
  10700                                          4 49'comments and counting.'                22
  10800                    OUTTITLE      50A  O  6 29COLOR(WHT)                              50          236
  10900                                         23  4'-----------------------------------    74
  10900                                              ------------------------------------
  10900                                              -----'
               * Response indicator input buffer positions:
               *  *IN05 0001   *IN12 0002
  11200                  R HIDECMT                   CF05(05 'Submit') +
  11500                                              CF12(12 'Cancel')
                                                   -=* http://pub400.com *=-
 5770SS1 V7R5M0  220415                  Data Description               ASHIBATA2/GUESTBKSCR    26-09-07 17:22:53        Page    6
                                          Expanded Source
                                                                                          Field       Buffer position
 SEQNBR  *...+....1....+....2....+....3....+....4....+....5....+....6....+....7....+....8 length        Out     In
  11600                                          1  4'VINTAGE COMPUTER FESTIVAL'             25
  11700                                          1 33'GUESTBOOK/400 - Comment Administra-    37
  11700                                              tor'
  11900                                          3  4'Comment ID:'                           11
  12000                                          4  4'-----------------------------------    74
  12000                                              ------------------------------------
  12000                                              -----'
  12300                    OUTNAME       11A  O  5  4                                        11            1
  12400                                          5 18'says...'                                7
  12500                    OUTCMT       200A  O  7  5                                       200           12
  12600                                         24  5'Cmd5 / F5 = Submit  Cmd12 / F12 = -    40
  12600                                              Cancel'
  12800                    ERRLINE       20A  O  3 39COLOR(RED)                              20          212
  12900                    HIDECMTID      4A  O  3 18                                         4          232
  13000                                         14  5'Change Status? (Y/N)    '              24
  13100                    INHIDEYN       1A  I 14 32                                         1                    3
  13200                                         11  5'Currently Visible?'                    18
  13300                    CURRHIDE       1A  O 11 32                                         1          236
  13400                                         16  5'Y = Comment is visible to all atte-    54
  13400                                              ndees and exhibitors'
  13600                                         17  5'N = Comment is only visible to SEC-    37
  13600                                              OFR'
                 * * * * *   E N D   O F   E X P A N D E D   S O U R C E   * * * * *
                                                   -=* http://pub400.com *=-
 5770SS1 V7R5M0  220415                  Data Description               ASHIBATA2/GUESTBKSCR    26-09-07 17:22:53        Page    7
                                          Message Summary
    Total          Informational          Warning        Error       Severe
                       (0-9)              (10-19)       (20-29)      (30-99)
        0                 0                    0             0            0
* CPC7301      00               Message . . . . :   File GUESTBKSCR created in library ASHIBATA2.
                         * * * * *   E N D   O F   C O M P I L A T I O N   * * * * *
                                                   -=* http://pub400.com *=-
 5770SS1 V7R5M0  220415                  Data Description               ASHIBATA2/INTERSCR      26-09-07 17:22:53        Page    1
 File name . . . . . . . . . . . . . . . . . . . . . :   INTERSCR
   Library name  . . . . . . . . . . . . . . . . . . :   ASHIBATA2
 File attribute  . . . . . . . . . . . . . . . . . . :   Display
 Source file containing DDS  . . . . . . . . . . . . :   QSDASRC
   Library name  . . . . . . . . . . . . . . . . . . :   ASHIBATA1
 Source member containing DDS  . . . . . . . . . . . :   INTERSCR
 Source member last changed  . . . . . . . . . . . . :   26-09-07  17:22:34
 Source listing options  . . . . . . . . . . . . . . :   *SOURCE    *LIST      *NOSECLVL  *NOEVENTF
 DDS generation severity level . . . . . . . . . . . :   20
 DDS flagging severity level . . . . . . . . . . . . :   00
 Authority . . . . . . . . . . . . . . . . . . . . . :   *LIBCRTAUT
 Replace file  . . . . . . . . . . . . . . . . . . . :   *YES
 Text  . . . . . . . . . . . . . . . . . . . . . . . :
 Compiler  . . . . . . . . . . . . . . . . . . . . . :   IBM System i5 Data Description Processor
                                      Data Description Source
 SEQNBR  *...+....1....+....2....+....3....+....4....+....5....+....6....+....7....+....8  Date
    100       A*%%TS  SD  20240310  142358  QSECOFR     REL-V4R4M0  5769-PW1
    200       A*%%EC
    300       A                                      DSPSIZ(24 80 *DS3)
    400       A          R INTERTEST
    500       A*%%TS  SD  20240310  142358  QSECOFR     REL-V4R4M0  5769-PW1
    600       A                                  1  3'VCF/400 - How to Navigate'
    700       A                                  3  3'Before you start, here is how to n-
    800       A                                      avigate:'
    900       A                                  4  3'-----------------------------------
   1000       A                                      ------------------------------------
   1100       A                                      --------'
   1200       A                                      COLOR(WHT)
   1300       A                                  5  3'Use'
   1400       A                                  5  7'ARROW KEYS'
   1500       A                                      COLOR(BLU)
   1600       A                                  5 18'or'
   1700       A                                  5 21'TAB KEY'
   1800       A                                      COLOR(BLU)
   1900       A                                  5 29'to move between fields.'
   2000       A                                  7  3'Use'
   2100       A                                  7  7'F5'
   2200       A                                      COLOR(BLU)
   2300       A                                  7 10'or'
   2400       A                                  7 13'ENTER'
   2500       A                                      COLOR(BLU)
   2600       A                                  7 19'to perform your action.  '
   2700       A                                  9  3'Use'
   2800       A                                  9  7'F12'
   2900       A                                      COLOR(BLU)
   3000       A                                  9 11'to quit at any time.'
   3100       A                                 12  3'Keyboard not responding? If you se-
   3200       A                                      e'
   3300       A                                 12 39'X II'
   3400       A                                      COLOR(RED)
   3500       A                                 12 44'in the left corner, press'
   3600       A                                 12 70'RIGHT CTRL'
   3700       A                                      COLOR(BLU)
   3800       A                                 13  3'to continue.'
                                                   -=* http://pub400.com *=-
 5770SS1 V7R5M0  220415                  Data Description               ASHIBATA2/INTERSCR      26-09-07 17:22:53        Page    2
                                      Data Description Source
 SEQNBR  *...+....1....+....2....+....3....+....4....+....5....+....6....+....7....+....8  Date
   3900       A                                 14  3'-----------------------------------
   4000       A                                      ------------------------------------
   4100       A                                      --------'
   4200       A                                      COLOR(WHT)
   4300       A                                 16 33'Got all that?'
   4400       A                                 17 28'Press ENTER to continue.'
                         * * * * *   E N D   O F   S O U R C E   * * * * *
                                                   -=* http://pub400.com *=-
 5770SS1 V7R5M0  220415                  Data Description               ASHIBATA2/INTERSCR      26-09-07 17:22:53        Page    3
                                          Expanded Source
                                                                                          Field       Buffer position
 SEQNBR  *...+....1....+....2....+....3....+....4....+....5....+....6....+....7....+....8 length        Out     In
    300                                              DSPSIZ(24 80 *DS3)
    400                  R INTERTEST
    600                                          1  3'VCF/400 - How to Navigate'             25
    700                                          3  3'Before you start, here is how to n-    42
    700                                              avigate:'
    900                                          4  3'-----------------------------------    77
    900                                              ------------------------------------
    900                                              --------' COLOR(WHT)
   1300                                          5  3'Use'                                    3
   1400                                          5  7'ARROW KEYS' COLOR(BLU)                 10
   1600                                          5 18'or'                                     2
   1700                                          5 21'TAB KEY' COLOR(BLU)                     7
   1900                                          5 29'to move between fields.'               23
   2000                                          7  3'Use'                                    3
   2100                                          7  7'F5' COLOR(BLU)                          2
   2300                                          7 10'or'                                     2
   2400                                          7 13'ENTER' COLOR(BLU)                       5
   2600                                          7 19'to perform your action.  '             25
   2700                                          9  3'Use'                                    3
   2800                                          9  7'F12' COLOR(BLU)                         3
   3000                                          9 11'to quit at any time.'                  20
   3100                                         12  3'Keyboard not responding? If you se-    35
   3100                                              e'
   3300                                         12 39'X II' COLOR(RED)                        4
   3500                                         12 44'in the left corner, press'             25
   3600                                         12 70'RIGHT CTRL' COLOR(BLU)                 10
   3800                                         13  3'to continue.'                          12
   3900                                         14  3'-----------------------------------    77
   3900                                              ------------------------------------
   3900                                              --------' COLOR(WHT)
   4300                                         16 33'Got all that?'                         13
   4400                                         17 28'Press ENTER to continue.'              24
                 * * * * *   E N D   O F   E X P A N D E D   S O U R C E   * * * * *
                                                   -=* http://pub400.com *=-
 5770SS1 V7R5M0  220415                  Data Description               ASHIBATA2/INTERSCR      26-09-07 17:22:53        Page    4
                                          Message Summary
    Total          Informational          Warning        Error       Severe
                       (0-9)              (10-19)       (20-29)      (30-99)
        0                 0                    0             0            0
* CPC7301      00               Message . . . . :   File INTERSCR created in library ASHIBATA2.
                         * * * * *   E N D   O F   C O M P I L A T I O N   * * * * *
                                                   -=* http://pub400.com *=-
 5770SS1 V7R5M0  220415                  Data Description               ASHIBATA2/LRN400SCR     26-09-07 17:22:53        Page    1
 File name . . . . . . . . . . . . . . . . . . . . . :   LRN400SCR
   Library name  . . . . . . . . . . . . . . . . . . :   ASHIBATA2
 File attribute  . . . . . . . . . . . . . . . . . . :   Display
 Source file containing DDS  . . . . . . . . . . . . :   QSDASRC
   Library name  . . . . . . . . . . . . . . . . . . :   ASHIBATA1
 Source member containing DDS  . . . . . . . . . . . :   LRN400SCR
 Source member last changed  . . . . . . . . . . . . :   26-09-07  17:22:36
 Source listing options  . . . . . . . . . . . . . . :   *SOURCE    *LIST      *NOSECLVL  *NOEVENTF
 DDS generation severity level . . . . . . . . . . . :   20
 DDS flagging severity level . . . . . . . . . . . . :   00
 Authority . . . . . . . . . . . . . . . . . . . . . :   *LIBCRTAUT
 Replace file  . . . . . . . . . . . . . . . . . . . :   *YES
 Text  . . . . . . . . . . . . . . . . . . . . . . . :
 Compiler  . . . . . . . . . . . . . . . . . . . . . :   IBM System i5 Data Description Processor
                                      Data Description Source
 SEQNBR  *...+....1....+....2....+....3....+....4....+....5....+....6....+....7....+....8  Date
    100       A*%%TS  SD  20231118  135705  QSECOFR     REL-V4R4M0  5769-PW1
    200       A*%%EC
    300       A                                      DSPSIZ(24 80 *DS3)
    400       A          R MAIN
    500       A*%%TS  SD  20231116  225034  QSECOFR     REL-V4R4M0  5769-PW1
    600       A                                      CF03(03 'Exit')
    700       A                                      CF05(05 'Fwd')
    800       A                                      CF08(08 'Back')
    900       A                                  1  3'LEARN/400'
   1000       A            OUTPAGENBR     4A  O  1 76
   1100       A                                  1 70'Page'
   1200       A                                  2  3'__________________________________-
   1300       A                                      ___________________________________-
   1400       A                                      ________'
   1500       A                                 23  3'Cmd3/F3 = Exit  Cmd5/F5 = Forwards-
   1600       A                                        Cmd8 / F8 = Backwards'
   1700       A                                      COLOR(BLU)
   1800       A                                 22  3'__________________________________-
   1900       A                                      ___________________________________-
   2000       A                                      ________'
   2100       A                                      COLOR(BLU)
   2200       A            OUTCONTENT  1500A  O  3  1COLOR(WHT)
   2300       A          R MAINADMIN
   2400       A*%%TS  SD  20231118  135705  QSECOFR     REL-V4R4M0  5769-PW1
   2500       A                                      CF05(05 'Fwd')
   2600       A                                      CF08(08 'Back')
   2700       A                                      CF03(03 'Exit')
   2800       A                                      CF10(10 'Save')
   2900       A                                  1  3'LEARN/400'
   3000       A            OUTPAGENBR     4A  O  1 76
   3100       A                                  1 70'Page'
   3200       A                                  2  3'__________________________________-
   3300       A                                      ___________________________________-
   3400       A                                      ________'
   3500       A                                 23  3'F3 = Exit F5 = Fwd F8 = Back F10 =-
   3600       A                                       Save'
   3700       A                                      COLOR(BLU)
   3800       A                                 22  3'__________________________________-
                                                   -=* http://pub400.com *=-
 5770SS1 V7R5M0  220415                  Data Description               ASHIBATA2/LRN400SCR     26-09-07 17:22:53        Page    2
                                      Data Description Source
 SEQNBR  *...+....1....+....2....+....3....+....4....+....5....+....6....+....7....+....8  Date
   3900       A                                      ___________________________________-
   4000       A                                      ________'
   4100       A            INCONTENT   1500A  B  3  1CHECK(LC)
   4200       A                                      COLOR(WHT)
   4300       A                                 23 63'EXTRA:'
   4400       A                                      COLOR(BLU)
   4500       A                                  1 65'NEW'
   4600       A                                      DSPATR(RI)
   4700       A  60                                  DSPATR(ND)
   4800       A            INEXTRA        9   B 23 70COLOR(BLU)
                         * * * * *   E N D   O F   S O U R C E   * * * * *
                                                   -=* http://pub400.com *=-
 5770SS1 V7R5M0  220415                  Data Description               ASHIBATA2/LRN400SCR     26-09-07 17:22:53        Page    3
                                          Expanded Source
                                                                                          Field       Buffer position
 SEQNBR  *...+....1....+....2....+....3....+....4....+....5....+....6....+....7....+....8 length        Out     In
    300                                              DSPSIZ(24 80 *DS3)
               * Response indicator input buffer positions:
               *  *IN03 0001   *IN05 0002   *IN08 0003
    400                  R MAIN                      CF03(03 'Exit') CF05(05 'Fwd') +
    800                                              CF08(08 'Back')
    900                                          1  3'LEARN/400'                              9
   1000                    OUTPAGENBR     4A  O  1 76                                         4            1
   1100                                          1 70'Page'                                   4
   1200                                          2  3'__________________________________-    77
   1200                                              ___________________________________-
   1200                                              ________'
   1500                                         23  3'Cmd3/F3 = Exit  Cmd5/F5 = Forwards-    57
   1500                                                Cmd8 / F8 = Backwards' +
   1700                                              COLOR(BLU)
   1800                                         22  3'__________________________________-    77
   1800                                              ___________________________________-
   1800                                              ________' COLOR(BLU)
   2200                    OUTCONTENT  1500A  O  3  1COLOR(WHT)                            1500            5
               * Option indicator output buffer positions:
               *  *IN60 0001
               * Response indicator input buffer positions:
               *  *IN03 0003   *IN05 0001   *IN08 0002   *IN10 0004
   2300                  R MAINADMIN                 CF05(05 'Fwd') CF08(08 'Back') +
   2700                                              CF03(03 'Exit') CF10(10 'Save')
   2900                                          1  3'LEARN/400'                              9
   3000                    OUTPAGENBR     4A  O  1 76                                         4            2
   3100                                          1 70'Page'                                   4
   3200                                          2  3'__________________________________-    77
   3200                                              ___________________________________-
   3200                                              ________'
   3500                                         23  3'F3 = Exit F5 = Fwd F8 = Back F10 =-    39
   3500                                               Save' COLOR(BLU)
   3800                                         22  3'__________________________________-    77
   3800                                              ___________________________________-
   3800                                              ________'
   4100                    INCONTENT   1500A  B  3  1CHECK(LC) COLOR(WHT)                  1500            6       5
   4300                                         23 63'EXTRA:' COLOR(BLU)                      6
   4500                                          1 65'NEW' DSPATR(RI)                         3
   4700          60                                  DSPATR(ND)
   4800                    INEXTRA        9A  B 23 70COLOR(BLU)                               9         1506    1505
                 * * * * *   E N D   O F   E X P A N D E D   S O U R C E   * * * * *
                                                   -=* http://pub400.com *=-
 5770SS1 V7R5M0  220415                  Data Description               ASHIBATA2/LRN400SCR     26-09-07 17:22:53        Page    4
                                          Message Summary
    Total          Informational          Warning        Error       Severe
                       (0-9)              (10-19)       (20-29)      (30-99)
        0                 0                    0             0            0
* CPC7301      00               Message . . . . :   File LRN400SCR created in library ASHIBATA2.
                         * * * * *   E N D   O F   C O M P I L A T I O N   * * * * *
                                                   -=* http://pub400.com *=-
 5770SS1 V7R5M0  220415                  Data Description               ASHIBATA2/LRNAUTO       26-09-07 17:22:53        Page    1
 File name . . . . . . . . . . . . . . . . . . . . . :   LRNAUTO
   Library name  . . . . . . . . . . . . . . . . . . :   ASHIBATA2
 File attribute  . . . . . . . . . . . . . . . . . . :   Display
 Source file containing DDS  . . . . . . . . . . . . :   QSDASRC
   Library name  . . . . . . . . . . . . . . . . . . :   ASHIBATA1
 Source member containing DDS  . . . . . . . . . . . :   LRNAUTO
 Source member last changed  . . . . . . . . . . . . :   26-09-07  17:22:39
 Source listing options  . . . . . . . . . . . . . . :   *SOURCE    *LIST      *NOSECLVL  *NOEVENTF
 DDS generation severity level . . . . . . . . . . . :   20
 DDS flagging severity level . . . . . . . . . . . . :   00
 Authority . . . . . . . . . . . . . . . . . . . . . :   *LIBCRTAUT
 Replace file  . . . . . . . . . . . . . . . . . . . :   *YES
 Text  . . . . . . . . . . . . . . . . . . . . . . . :
 Compiler  . . . . . . . . . . . . . . . . . . . . . :   IBM System i5 Data Description Processor
                                      Data Description Source
 SEQNBR  *...+....1....+....2....+....3....+....4....+....5....+....6....+....7....+....8  Date
    100       A*%%TS  SD  20231118  135705  QSECOFR     REL-V4R4M0  5769-PW1
    200       A*%%EC
    300       A                                      DSPSIZ(24 80 *DS3)
    400       A          R MAIN
    500       A*%%TS  SD  20231116  225034  QSECOFR     REL-V4R4M0  5769-PW1
    600       A                                      CF03(03 'Exit')
    700       A                                      CF05(05 'Fwd')
    800       A                                      CF08(08 'Back')
    900       A                                      INVITE
   1000       A                                  1  3'LEARN/400'
   1100       A            OUTPAGENBR     4A  O  1 76
   1200       A                                  1 70'Page'
   1300       A                                  2  3'__________________________________-
   1400       A                                      ___________________________________-
   1500       A                                      ________'
   1600       A                                 23  3'Cmd3/F3 = Exit  Cmd5/F5 = Forwards-
   1700       A                                        Cmd8 / F8 = Backwards'
   1800       A                                      COLOR(BLU)
   1900       A                                 22  3'__________________________________-
   2000       A                                      ___________________________________-
   2100       A                                      ________'
   2200       A                                      COLOR(BLU)
   2300       A            OUTCONTENT  1500A  O  3  1COLOR(WHT)
   2400       A          R MAINADMIN
   2500       A*%%TS  SD  20231118  135705  QSECOFR     REL-V4R4M0  5769-PW1
   2600       A                                      CF05(05 'Fwd')
   2700       A                                      CF08(08 'Back')
   2800       A                                      CF03(03 'Exit')
   2900       A                                      CF10(10 'Save')
   3000       A                                  1  3'LEARN/400'
   3100       A            OUTPAGENBR     4A  O  1 76
   3200       A                                  1 70'Page'
   3300       A                                  2  3'__________________________________-
   3400       A                                      ___________________________________-
   3500       A                                      ________'
   3600       A                                 23  3'F3 = Exit F5 = Fwd F8 = Back F10 =-
   3700       A                                       Save'
   3800       A                                      COLOR(BLU)
                                                   -=* http://pub400.com *=-
 5770SS1 V7R5M0  220415                  Data Description               ASHIBATA2/LRNAUTO       26-09-07 17:22:53        Page    2
                                      Data Description Source
 SEQNBR  *...+....1....+....2....+....3....+....4....+....5....+....6....+....7....+....8  Date
   3900       A                                 22  3'__________________________________-
   4000       A                                      ___________________________________-
   4100       A                                      ________'
   4200       A            INCONTENT   1500A  B  3  1CHECK(LC)
   4300       A                                      COLOR(WHT)
   4400       A                                 23 63'EXTRA:'
   4500       A                                      COLOR(BLU)
   4600       A                                  1 65'NEW'
   4700       A                                      DSPATR(RI)
   4800       A  60                                  DSPATR(ND)
   4900       A            INEXTRA        9   B 23 70COLOR(BLU)
                         * * * * *   E N D   O F   S O U R C E   * * * * *
                                                   -=* http://pub400.com *=-
 5770SS1 V7R5M0  220415                  Data Description               ASHIBATA2/LRNAUTO       26-09-07 17:22:53        Page    3
                                          Expanded Source
                                                                                          Field       Buffer position
 SEQNBR  *...+....1....+....2....+....3....+....4....+....5....+....6....+....7....+....8 length        Out     In
    300                                              DSPSIZ(24 80 *DS3)
               * Response indicator input buffer positions:
               *  *IN03 0001   *IN05 0002   *IN08 0003
    400                  R MAIN                      CF03(03 'Exit') CF05(05 'Fwd') +
    800                                              CF08(08 'Back') INVITE
   1000                                          1  3'LEARN/400'                              9
   1100                    OUTPAGENBR     4A  O  1 76                                         4            1
   1200                                          1 70'Page'                                   4
   1300                                          2  3'__________________________________-    77
   1300                                              ___________________________________-
   1300                                              ________'
   1600                                         23  3'Cmd3/F3 = Exit  Cmd5/F5 = Forwards-    57
   1600                                                Cmd8 / F8 = Backwards' +
   1800                                              COLOR(BLU)
   1900                                         22  3'__________________________________-    77
   1900                                              ___________________________________-
   1900                                              ________' COLOR(BLU)
   2300                    OUTCONTENT  1500A  O  3  1COLOR(WHT)                            1500            5
               * Option indicator output buffer positions:
               *  *IN60 0001
               * Response indicator input buffer positions:
               *  *IN03 0003   *IN05 0001   *IN08 0002   *IN10 0004
   2400                  R MAINADMIN                 CF05(05 'Fwd') CF08(08 'Back') +
   2800                                              CF03(03 'Exit') CF10(10 'Save')
   3000                                          1  3'LEARN/400'                              9
   3100                    OUTPAGENBR     4A  O  1 76                                         4            2
   3200                                          1 70'Page'                                   4
   3300                                          2  3'__________________________________-    77
   3300                                              ___________________________________-
   3300                                              ________'
   3600                                         23  3'F3 = Exit F5 = Fwd F8 = Back F10 =-    39
   3600                                               Save' COLOR(BLU)
   3900                                         22  3'__________________________________-    77
   3900                                              ___________________________________-
   3900                                              ________'
   4200                    INCONTENT   1500A  B  3  1CHECK(LC) COLOR(WHT)                  1500            6       5
   4400                                         23 63'EXTRA:' COLOR(BLU)                      6
   4600                                          1 65'NEW' DSPATR(RI)                         3
   4800          60                                  DSPATR(ND)
   4900                    INEXTRA        9A  B 23 70COLOR(BLU)                               9         1506    1505
                 * * * * *   E N D   O F   E X P A N D E D   S O U R C E   * * * * *
                                                   -=* http://pub400.com *=-
 5770SS1 V7R5M0  220415                  Data Description               ASHIBATA2/LRNAUTO       26-09-07 17:22:53        Page    4
                                          Message Summary
    Total          Informational          Warning        Error       Severe
                       (0-9)              (10-19)       (20-29)      (30-99)
        0                 0                    0             0            0
* CPC7301      00               Message . . . . :   File LRNAUTO created in library ASHIBATA2.
                         * * * * *   E N D   O F   C O M P I L A T I O N   * * * * *
                                                   -=* http://pub400.com *=-
 5770SS1 V7R5M0  220415                  Data Description               ASHIBATA2/PASSSCR       26-09-07 17:22:53        Page    1
 File name . . . . . . . . . . . . . . . . . . . . . :   PASSSCR
   Library name  . . . . . . . . . . . . . . . . . . :   ASHIBATA2
 File attribute  . . . . . . . . . . . . . . . . . . :   Display
 Source file containing DDS  . . . . . . . . . . . . :   QSDASRC
   Library name  . . . . . . . . . . . . . . . . . . :   ASHIBATA1
 Source member containing DDS  . . . . . . . . . . . :   PASSSCR
 Source member last changed  . . . . . . . . . . . . :   26-09-07  17:22:41
 Source listing options  . . . . . . . . . . . . . . :   *SOURCE    *LIST      *NOSECLVL  *NOEVENTF
 DDS generation severity level . . . . . . . . . . . :   20
 DDS flagging severity level . . . . . . . . . . . . :   00
 Authority . . . . . . . . . . . . . . . . . . . . . :   *LIBCRTAUT
 Replace file  . . . . . . . . . . . . . . . . . . . :   *YES
 Text  . . . . . . . . . . . . . . . . . . . . . . . :
 Compiler  . . . . . . . . . . . . . . . . . . . . . :   IBM System i5 Data Description Processor
                                      Data Description Source
 SEQNBR  *...+....1....+....2....+....3....+....4....+....5....+....6....+....7....+....8  Date
    100       A*%%TS  SD  20231205  183421  QSECOFR     REL-V4R4M0  5769-PW1
    200       A*%%EC
    300       A                                      DSPSIZ(24 80 *DS3)
    400       A          R PASSMAIN
    500       A*%%TS  SD  20231205  183421  QSECOFR     REL-V4R4M0  5769-PW1
    600       A                                  3  6'Enter Access Code:'
    700       A            INPSWRD        9   I  4  6
                         * * * * *   E N D   O F   S O U R C E   * * * * *
                                                   -=* http://pub400.com *=-
 5770SS1 V7R5M0  220415                  Data Description               ASHIBATA2/PASSSCR       26-09-07 17:22:53        Page    2
                                          Expanded Source
                                                                                          Field       Buffer position
 SEQNBR  *...+....1....+....2....+....3....+....4....+....5....+....6....+....7....+....8 length        Out     In
    300                                              DSPSIZ(24 80 *DS3)
    400                  R PASSMAIN
    600                                          3  6'Enter Access Code:'                    18
    700                    INPSWRD        9A  I  4  6                                         9                    1
                 * * * * *   E N D   O F   E X P A N D E D   S O U R C E   * * * * *
                                                   -=* http://pub400.com *=-
 5770SS1 V7R5M0  220415                  Data Description               ASHIBATA2/PASSSCR       26-09-07 17:22:53        Page    3
                                          Message Summary
    Total          Informational          Warning        Error       Severe
                       (0-9)              (10-19)       (20-29)      (30-99)
        0                 0                    0             0            0
* CPC7301      00               Message . . . . :   File PASSSCR created in library ASHIBATA2.
                         * * * * *   E N D   O F   C O M P I L A T I O N   * * * * *
                                                   -=* http://pub400.com *=-
 5770SS1 V7R5M0  220415                  Data Description               ASHIBATA2/SETUPSCR      26-09-07 17:22:53        Page    1
 File name . . . . . . . . . . . . . . . . . . . . . :   SETUPSCR
   Library name  . . . . . . . . . . . . . . . . . . :   ASHIBATA2
 File attribute  . . . . . . . . . . . . . . . . . . :   Display
 Source file containing DDS  . . . . . . . . . . . . :   QSDASRC
   Library name  . . . . . . . . . . . . . . . . . . :   ASHIBATA1
 Source member containing DDS  . . . . . . . . . . . :   SETUPSCR
 Source member last changed  . . . . . . . . . . . . :   26-09-07  17:22:44
 Source listing options  . . . . . . . . . . . . . . :   *SOURCE    *LIST      *NOSECLVL  *NOEVENTF
 DDS generation severity level . . . . . . . . . . . :   20
 DDS flagging severity level . . . . . . . . . . . . :   00
 Authority . . . . . . . . . . . . . . . . . . . . . :   *LIBCRTAUT
 Replace file  . . . . . . . . . . . . . . . . . . . :   *YES
 Text  . . . . . . . . . . . . . . . . . . . . . . . :
 Compiler  . . . . . . . . . . . . . . . . . . . . . :   IBM System i5 Data Description Processor
                                      Data Description Source
 SEQNBR  *...+....1....+....2....+....3....+....4....+....5....+....6....+....7....+....8  Date
    100       A*%%TS  SD  20231214  210736  QSECOFR     REL-V4R4M0  5769-PW1
    200       A*%%EC
    300       A                                      DSPSIZ(24 80 *DS3)
    400       A          R SETUPMAIN
    500       A*%%TS  SD  20231214  210736  QSECOFR     REL-V4R4M0  5769-PW1
    600       A                                  1  3'VCF/400 - Configure VCF/400 Settin-
    700       A                                      gs'
    800       A                                  3  3'Admin Password:'
    900       A                                  4  9'(For exiting Exhibit Menu and star-
   1000       A                                      ting Admin tools.)'
   1100       A                                 11  4'Press ENTER to save your settings.'
   1200       A            INPWD          9A  B  3 20
   1300       A                                  6  3'Enable Voting:'
   1400       A            INALWVOTE      1   B  6 20
   1500       A                                  7  9'(1 = Voting is enabled, 0 = Voting-
   1600       A                                       is Disabled)'
                         * * * * *   E N D   O F   S O U R C E   * * * * *
                                                   -=* http://pub400.com *=-
 5770SS1 V7R5M0  220415                  Data Description               ASHIBATA2/SETUPSCR      26-09-07 17:22:53        Page    2
                                          Expanded Source
                                                                                          Field       Buffer position
 SEQNBR  *...+....1....+....2....+....3....+....4....+....5....+....6....+....7....+....8 length        Out     In
    300                                              DSPSIZ(24 80 *DS3)
    400                  R SETUPMAIN
    600                                          1  3'VCF/400 - Configure VCF/400 Settin-    36
    600                                              gs'
    800                                          3  3'Admin Password:'                       15
    900                                          4  9'(For exiting Exhibit Menu and star-    52
    900                                              ting Admin tools.)'
   1100                                         11  4'Press ENTER to save your settings.-    34
   1100                                              '
   1200                    INPWD          9A  B  3 20                                         9            1       1
   1300                                          6  3'Enable Voting:'                        14
   1400                    INALWVOTE      1A  B  6 20                                         1           10      10
   1500                                          7  9'(1 = Voting is enabled, 0 = Voting-    47
   1500                                               is Disabled)'
                 * * * * *   E N D   O F   E X P A N D E D   S O U R C E   * * * * *
                                                   -=* http://pub400.com *=-
 5770SS1 V7R5M0  220415                  Data Description               ASHIBATA2/SETUPSCR      26-09-07 17:22:53        Page    3
                                          Message Summary
    Total          Informational          Warning        Error       Severe
                       (0-9)              (10-19)       (20-29)      (30-99)
        0                 0                    0             0            0
* CPC7301      00               Message . . . . :   File SETUPSCR created in library ASHIBATA2.
                         * * * * *   E N D   O F   C O M P I L A T I O N   * * * * *
                                                   -=* http://pub400.com *=-
 5770SS1 V7R5M0  220415                  Data Description               ASHIBATA2/TESTSUITE     26-09-07 17:22:53        Page    1
 File name . . . . . . . . . . . . . . . . . . . . . :   TESTSUITE
   Library name  . . . . . . . . . . . . . . . . . . :   ASHIBATA2
 File attribute  . . . . . . . . . . . . . . . . . . :   Display
 Source file containing DDS  . . . . . . . . . . . . :   QSDASRC
   Library name  . . . . . . . . . . . . . . . . . . :   ASHIBATA1
 Source member containing DDS  . . . . . . . . . . . :   TESTSUITE
 Source member last changed  . . . . . . . . . . . . :   26-09-07  17:22:47
 Source listing options  . . . . . . . . . . . . . . :   *SOURCE    *LIST      *NOSECLVL  *NOEVENTF
 DDS generation severity level . . . . . . . . . . . :   20
 DDS flagging severity level . . . . . . . . . . . . :   00
 Authority . . . . . . . . . . . . . . . . . . . . . :   *LIBCRTAUT
 Replace file  . . . . . . . . . . . . . . . . . . . :   *YES
 Text  . . . . . . . . . . . . . . . . . . . . . . . :
 Compiler  . . . . . . . . . . . . . . . . . . . . . :   IBM System i5 Data Description Processor
                                      Data Description Source
 SEQNBR  *...+....1....+....2....+....3....+....4....+....5....+....6....+....7....+....8  Date
    100       A*%%TS  SD  20231024  192635  QSECOFR     REL-V4R4M0  5769-PW1
    200       A*%%EC
    300       A                                      DSPSIZ(24 80 *DS3)
    400       A          R TESTPARM
    500       A*%%TS  SD  20231024  192635  QSECOFR     REL-V4R4M0  5769-PW1
    600       A                                  4 10'Passed Parameter:'
    700       A            PARMOUT       20   O  6 10
    800       A                                 11 10'Press ENTER to quit'
    900       A            SOMETHING      5A  B 14 10
   1000       A  80                                  DSPATR(PR)
   1100       A                                  6 46'(LAUNCH)'
   1200       A                                  7 46'(LAUNCH2)'
   1300       A            PARMOUT2      20   O  7 10
                         * * * * *   E N D   O F   S O U R C E   * * * * *
                                                   -=* http://pub400.com *=-
 5770SS1 V7R5M0  220415                  Data Description               ASHIBATA2/TESTSUITE     26-09-07 17:22:53        Page    2
                                          Expanded Source
                                                                                          Field       Buffer position
 SEQNBR  *...+....1....+....2....+....3....+....4....+....5....+....6....+....7....+....8 length        Out     In
    300                                              DSPSIZ(24 80 *DS3)
               * Option indicator output buffer positions:
               *  *IN80 0001
    400                  R TESTPARM
    600                                          4 10'Passed Parameter:'                     17
    700                    PARMOUT       20A  O  6 10                                        20            2
    800                                         11 10'Press ENTER to quit'                   19
    900                    SOMETHING      5A  B 14 10                                         5           22       1
   1000          80                                  DSPATR(PR)
   1100                                          6 46'(LAUNCH)'                               8
   1200                                          7 46'(LAUNCH2)'                              9
   1300                    PARMOUT2      20A  O  7 10                                        20           27
                 * * * * *   E N D   O F   E X P A N D E D   S O U R C E   * * * * *
                                                   -=* http://pub400.com *=-
 5770SS1 V7R5M0  220415                  Data Description               ASHIBATA2/TESTSUITE     26-09-07 17:22:53        Page    3
                                          Message Summary
    Total          Informational          Warning        Error       Severe
                       (0-9)              (10-19)       (20-29)      (30-99)
        0                 0                    0             0            0
* CPC7301      00               Message . . . . :   File TESTSUITE created in library ASHIBATA2.
                         * * * * *   E N D   O F   C O M P I L A T I O N   * * * * *
                                                   -=* http://pub400.com *=-
 5770SS1 V7R5M0  220415                  Data Description               ASHIBATA2/VOTESCR       26-09-07 17:22:53        Page    1
 File name . . . . . . . . . . . . . . . . . . . . . :   VOTESCR
   Library name  . . . . . . . . . . . . . . . . . . :   ASHIBATA2
 File attribute  . . . . . . . . . . . . . . . . . . :   Display
 Source file containing DDS  . . . . . . . . . . . . :   QSDASRC
   Library name  . . . . . . . . . . . . . . . . . . :   ASHIBATA1
 Source member containing DDS  . . . . . . . . . . . :   VOTESCR
 Source member last changed  . . . . . . . . . . . . :   26-09-07  17:22:49
 Source listing options  . . . . . . . . . . . . . . :   *SOURCE    *LIST      *NOSECLVL  *NOEVENTF
 DDS generation severity level . . . . . . . . . . . :   20
 DDS flagging severity level . . . . . . . . . . . . :   00
 Authority . . . . . . . . . . . . . . . . . . . . . :   *LIBCRTAUT
 Replace file  . . . . . . . . . . . . . . . . . . . :   *YES
 Text  . . . . . . . . . . . . . . . . . . . . . . . :
 Compiler  . . . . . . . . . . . . . . . . . . . . . :   IBM System i5 Data Description Processor
                                      Data Description Source
 SEQNBR  *...+....1....+....2....+....3....+....4....+....5....+....6....+....7....+....8  Date
    100       A*%%TS  SD  20240311  190855  QSECOFR     REL-V4R4M0  5769-PW1
    200       A*%%EC
    300       A                                      DSPSIZ(24 80 *DS3)
    400       A          R VOTE1
    500       A*%%TS  SD  20240311  190855  QSECOFR     REL-V4R4M0  5769-PW1
    600       A                                      CF05(05 'Submit')
    700       A                                      CF12(12 'Cancel')
    800       A                                  1  3'VINTAGE COMPUTER FESTIVAL'
    900       A                                  1 34'NOMINATE EXHIBIT FOR AWARD'
   1000       A                                      COLOR(WHT)
   1100       A                                  3  7'First, type your SFGE Badge Number-
   1200       A                                      ...............:'
   1300       A            INPUTBADGE     4D 0I  3 58CHECK(RZ)
   1400       A                                      COLOR(WHT)
   1500       A  40                                  DSPATR(RI)
   1600       A                                  4  7'Second, type the Exhibit ID you ar-
   1700       A                                      e nominating...:'
   1800       A                                  5  7'Third, type the Award ID you are s-
   1900       A                                      electing.......:'
   2000       A            INPUTAWARD     3D 0I  5 58CHECK(RZ)
   2100       A                                      COLOR(WHT)
   2200       A  42                                  DSPATR(RI)
   2300       A                                  9  5'001. Best in Show Award'
   2400       A                                      COLOR(WHT)
   2500       A                                  9 31'- This award is given to the exhib-
   2600       A                                      it who you'
   2700       A                                 10 10'believe to be the best in show for-
   2800       A                                       2024.'
   2900       A                                 12  5'002. The Ed Fair Award'
   3000       A                                      COLOR(WHT)
   3100       A                                 12 31'- This award is given to the exhib-
   3200       A                                      it that is'
   3300       A                                 13 10'deemed the most informative of the-
   3400       A                                       show.'
   3500       A                                 14  4'-----------------------------------
   3600       A                                      ------------------------------------
   3700       A                                      -----'
   3800       A                                 24  4'Cmd5/F5 = Submit Vote'
                                                   -=* http://pub400.com *=-
 5770SS1 V7R5M0  220415                  Data Description               ASHIBATA2/VOTESCR       26-09-07 17:22:53        Page    2
                                      Data Description Source
 SEQNBR  *...+....1....+....2....+....3....+....4....+....5....+....6....+....7....+....8  Date
   3900       A                                      COLOR(BLU)
   4000       A                                 24 31'Cmd12/F12 = Cancel'
   4100       A                                      COLOR(BLU)
   4200       A            ERRLINE       45A  O  6 14COLOR(RED)
   4300       A                                  8  5'Available Awards for This Year:'
   4400       A                                  7  4'-----------------------------------
   4500       A                                      ------------------------------------
   4600       A                                      -----'
   4700       A                                 23 67'V1R0M4'
   4800       A                                 15  4'You may only vote for ONE award.'
   4900       A                                      COLOR(RED)
   5000       A                                 15 38'Choose your nomination carefully!'
   5100       A            INEXHB         9A  B  4 58
   5200       A  70                                  DSPATR(PR)
   5300       A                                      COLOR(WHT)
   5400       A  41                                  DSPATR(RI)
   5500       A                                 23  4'TAB = Switch Fields'
   5600       A                                      COLOR(BLU)
   5700       A          R VOTEEND
   5800       A*%%TS  SD  20230816  170232  QSECOFR     REL-V4R4M0  5769-PW1
   5900       A                                  1  4' _____ _   _    _    _   _ _  __ '
   6000       A                                  2  4'|_   _| | | |  / \  | \ | | |/ / '
   6100       A                                  3  4'  | | | |_| | / _ \ |  \| |   /  '
   6200       A                                  4  4'  | | |  _  |/ ___ \| |\  | . \  '
   6300       A                                  5  4'  |_| |_| |_/_/   \_\_| \_|_|\_\  '
   6400       A                                  6  4'         __   _____  _   _   _____-
   6500       A                                       ___  ____  '
   6600       A                                  7 13'\ \ / / _ \| | | | |  ___/ _ \|  _-
   6700       A                                       \ '
   6800       A                                  8 14'\ V / | | | | | | | |_ | | | | |_)-
   6900       A                                       |'
   7000       A                                  9 15'| || |_| | |_| | |  _|| |_| |  _ /-
   7100       A                                        '
   7200       A                                 10 15'|_| \___/ \___/  |_|   \___/|_| \_-
   7300       A                                      \ '
   7400       A                                 11 22' __     _____ _____ ___ _   _  ___-
   7500       A                                      _ _   '
   7600       A                                 12 23'\ \   / / _ \_   _|_ _| \ | |/ ___-
   7700       A                                      | | '
   7800       A                                 13 23' \ \ / / | | || |  | ||  \| | |  _-
   7900       A                                      | |  '
   8000       A                                 14 24' \ V /| |_| || |  | || |\  | |_| |-
   8100       A                                      _|  '
   8200       A                                 15 25' \_/  \___/ |_| |___|_| \_|\____(_-
   8300       A                                      )  '
   8400       A                                 16  4'-----------------------------------
   8500       A                                      ------------------------------------
   8600       A                                      -----'
   8700       A                                 17  4' Your vote has been RECORDED! Than-
   8800       A                                      k you for participating in the awar-
   8900       A                                      ds'
   9000       A                                 18  4' show for Vintage Computer Festiva-
   9100       A                                      l Southeast 2024! Enjoy the rest of-
                                                   -=* http://pub400.com *=-
 5770SS1 V7R5M0  220415                  Data Description               ASHIBATA2/VOTESCR       26-09-07 17:22:53        Page    3
                                      Data Description Source
 SEQNBR  *...+....1....+....2....+....3....+....4....+....5....+....6....+....7....+....8  Date
   9200       A                                       '
   9300       A                                 19  4' our exhibits and the rest of the -
   9400       A                                      Southern Fried Gaming Expo!'
   9500       A                                 21  4' Press ENTER to return to the main-
   9600       A                                       menu.'
   9700       A          R DAVE
   9800       A*%%TS  SD  20230904  090312  QSECOFR     REL-V4R4M0  5769-PW1
   9900       A                                  1  3'¬¬¬¬¬¬¬¬¬¬¬¬¬¬¬¬¬¬¬¬¬¬¬¬¬¬¬¬¬¬¬¬¬¬-
  10000       A                                      ¬¬¬¬¬¬¬¬¬¬¬¬¬¬¬¬¬¬¬¬¬¬¬¬¬¬¬¬¬¬¬¬¬¬¬-
  10100       A                                      ¬¬¬¬¬¬¬'
  10200       A                                  2  3'¬¬¬¬¬¬¬¬¬¬¬¬¬¬¬¬¬¬¬¬¬¬¬¬¬¬¬¬¬¬¬¬¬¬-
  10300       A                                      ¬¬¬¬¬¬¬¬¬¬¬¬¬¬¬¬¬¬¬¬¬¬¬¬¬¬¬¬¬¬¬¬¬¬¬-
  10400       A                                      ¬¬¬¬¬¬¬'
  10500       A                                  3  3'¬¬¬¬¬¬¬¬¬¬¬¬¬¬¬¬¬¬¬¬¬¬¬¬¬¬¬¬¬¬¬¬¬¬-
  10600       A                                      ¬¬¬¬¬¬¬¬¬¬¬¬¬¬¬¬¬¬¬¬¬¬¬¬¬¬¬¬¬¬¬¬¬¬¬-
  10700       A                                      ¬¬¬¬¬¬¬'
  10800       A                                  4  3'¬¬¬¬¬¬¬¬¬¬¬¬¬¬¬¬¬¬¬¬¬¬¬¬¬¬¬¬¬¬¬¬¬¬-
  10900       A                                      ¬¬¬¬¬¬¬¬¬¬¬¬¬¬¬¬¬¬¬¬¬¬¬¬¬¬¬¬¬¬¬¬¬¬¬-
  11000       A                                      ¬¬¬¬¬¬¬'
  11100       A                                  5  3'¬¬¬¬¬¬¬¬¬¬¬¬¬¬¬¬¬¬                -
  11200       A                                                                ¬¬¬¬¬¬¬¬¬-
  11300       A                                      ¬¬¬¬¬¬¬'
  11400       A                                  6  3'¬¬¬¬¬¬¬¬¬¬¬¬¬¬¬¬¬¬ ###############-
  11500       A                                      ######################### ¬¬¬¬¬¬¬¬¬-
  11600       A                                      ¬¬¬¬¬¬¬'
  11700       A                                  7  3'¬¬¬¬¬¬¬¬¬¬¬¬¬¬¬¬¬¬ ###############-
  11800       A                                      ######################### ¬¬¬¬¬¬¬¬¬-
  11900       A                                      ¬¬¬¬¬¬¬'
  12000       A                                  8  3'¬¬¬¬¬¬¬¬¬¬¬¬¬¬¬¬¬¬                -
  12100       A                                                    ########### ¬¬¬¬¬¬¬¬¬-
  12200       A                                      ¬¬¬¬¬¬¬'
  12300       A                                  9  3'¬¬¬¬¬¬¬¬¬¬¬¬¬¬¬¬¬¬                -
  12400       A                                                    ########### ¬¬¬¬¬¬¬¬¬-
  12500       A                                      ¬¬¬¬¬¬¬'
  12600       A                                 10  3'¬¬¬¬¬¬¬¬¬¬¬¬¬¬¬¬¬¬                -
  12700       A                                                    ########### ¬¬¬¬¬¬¬¬¬-
  12800       A                                      ¬¬¬¬¬¬¬'
  12900       A                                 11  3'¬¬¬¬¬¬¬¬¬¬¬¬¬¬¬¬¬¬                -
  13000       A                                                    ########### ¬¬¬¬¬¬¬¬¬-
  13100       A                                      ¬¬¬¬¬¬¬'
  13200       A                                 12  3'¬¬¬¬¬¬¬¬¬¬¬¬¬¬¬¬¬¬                -
  13300       A                                                                ¬¬¬¬¬¬¬¬¬-
  13400       A                                      ¬¬¬¬¬¬¬'
  13500       A                                 13  3'¬¬¬¬¬¬¬¬¬¬¬¬¬¬¬¬¬¬¬¬¬¬¬¬¬¬¬¬¬¬¬¬¬¬-
  13600       A                                      ¬¬¬¬¬¬¬¬¬¬¬¬¬¬¬¬¬¬¬¬¬¬¬¬¬¬¬¬¬¬¬¬¬¬¬-
  13700       A                                      ¬¬¬¬¬¬¬'
  13800       A                                 14  3'¬¬¬¬¬¬¬¬¬¬¬¬¬¬¬¬¬¬ THE GREAT DAVE -
  13900       A                                      MIGHTY AND POWERFUL IS HE ¬¬¬¬¬¬¬¬¬-
  14000       A                                      ¬¬¬¬¬¬¬'
  14100       A                                 15  3'¬¬¬¬¬¬¬¬¬¬¬¬¬¬¬¬¬¬ BLESSED BE THE -
  14200       A                                      NAME OF DAVE...      AMEN ¬¬¬¬¬¬¬¬¬-
  14300       A                                      ¬¬¬¬¬¬¬'
  14400       A                                 16  3'¬¬¬¬¬¬¬¬¬¬¬¬¬¬¬¬¬¬¬¬¬¬¬¬¬¬¬¬¬¬¬¬¬¬-
                                                   -=* http://pub400.com *=-
 5770SS1 V7R5M0  220415                  Data Description               ASHIBATA2/VOTESCR       26-09-07 17:22:53        Page    4
                                      Data Description Source
 SEQNBR  *...+....1....+....2....+....3....+....4....+....5....+....6....+....7....+....8  Date
  14500       A                                      ¬¬¬¬¬¬¬¬¬¬¬¬¬¬¬¬¬¬¬¬¬¬¬¬¬¬¬¬¬¬¬¬¬¬¬-
  14600       A                                      ¬¬¬¬¬¬¬'
  14700       A                                 17  3'¬¬¬¬¬¬¬¬¬¬¬¬¬¬¬¬¬¬¬¬¬¬¬¬¬¬¬¬¬¬¬¬¬¬-
  14800       A                                      ¬¬¬¬¬¬¬¬¬¬¬¬¬¬¬¬¬¬¬¬¬¬¬¬¬¬¬¬¬¬¬¬¬¬¬-
  14900       A                                      ¬¬¬¬¬¬¬'
  15000       A                                 18  3'¬¬¬¬¬¬¬¬¬¬¬¬¬¬¬¬¬¬¬¬¬¬¬¬¬¬¬¬¬¬¬¬¬¬-
  15100       A                                      ¬¬¬¬¬¬¬¬¬¬¬¬¬¬¬¬¬¬¬¬¬¬¬¬¬¬¬¬¬¬¬¬¬¬¬-
  15200       A                                      ¬¬¬¬¬¬¬'
  15300       A                                 19  3'¬¬¬¬¬¬¬¬¬¬¬¬¬¬¬¬¬¬¬¬¬¬¬¬¬¬¬¬¬¬¬¬¬¬-
  15400       A                                      ¬¬¬¬¬¬¬¬¬¬¬¬¬¬¬¬¬¬¬¬¬¬¬¬¬¬¬¬¬¬¬¬¬¬¬-
  15500       A                                      ¬¬¬¬¬¬¬'
  15600       A                                 20  3'¬¬¬¬¬¬¬¬¬¬¬¬¬¬¬¬¬¬¬¬¬¬¬¬¬¬¬¬¬¬¬¬¬¬-
  15700       A                                      ¬¬¬¬¬¬¬¬¬¬¬¬¬¬¬¬¬¬¬¬¬¬¬¬¬¬¬¬¬¬¬¬¬¬¬-
  15800       A                                      ¬¬¬¬¬¬¬'
  15900       A                                 21  3'¬¬¬¬¬¬¬¬¬¬¬¬¬¬¬¬¬¬¬¬¬¬¬¬¬¬¬¬¬¬¬¬¬¬-
  16000       A                                      ¬¬¬¬¬¬¬¬¬¬¬¬¬¬¬¬¬¬¬¬¬¬¬¬¬¬¬¬¬¬¬¬¬¬¬-
  16100       A                                      ¬¬¬¬¬¬¬'
  16200       A                                 22  3'¬¬¬¬¬¬¬¬¬¬¬¬¬¬¬¬¬¬¬¬¬¬¬¬¬¬¬¬¬¬¬¬¬¬-
  16300       A                                      ¬¬¬¬¬¬¬¬¬¬¬¬¬¬¬¬¬¬¬¬¬¬¬¬¬¬¬¬¬¬¬¬¬¬¬-
  16400       A                                      ¬¬¬¬¬¬¬'
  16500       A                                 23  3'¬¬¬¬¬¬¬¬¬¬¬¬¬¬¬¬¬¬¬¬¬¬¬¬¬¬¬¬¬¬¬¬¬¬-
  16600       A                                      ¬¬¬¬¬¬¬¬¬¬¬¬¬¬¬¬¬¬¬¬¬¬¬¬¬¬¬¬¬¬¬¬¬¬¬-
  16700       A                                      ¬¬¬¬¬¬¬'
  16800       A          R NOVOTEALWD
  16900       A*%%TS  SD  20231220  181647  QSECOFR     REL-V4R4M0  5769-PW1
  17000       A                                  1  4' ____   ___  ____  ______   ___ '
  17100       A                                  2  4'/ ___| / _ \|  _ \|  _ \ \ / / |'
  17200       A                                  3  4'\___ \| | | | |_) | |_) \ V /| |'
  17300       A                                  4  4' ___) | |_| |  _ <|  _ < | | |_|'
  17400       A                                  5  4'|____/ \___/|_| \_\_| \_\|_| (_)'
  17500       A                                  8  4'This exhibit is not eligible to re-
  17600       A                                      ceive votes.'
  17700       A                                  9  4'However, you may sign this exhibit-
  17800       A                                       guestbook if you would like.'
  17900       A                                 14  4'Press ENTER to exit.'
  18000       A          R ENDOFCON
  18100       A*%%TS  SD  20231220  181647  QSECOFR     REL-V4R4M0  5769-PW1
  18200       A                                  1  4' ____   ___  ____  ______   ___ '
  18300       A                                  2  4'/ ___| / _ \|  _ \|  _ \ \ / / |'
  18400       A                                  3  4'\___ \| | | | |_) | |_) \ V /| |'
  18500       A                                  4  4' ___) | |_| |  _ <|  _ < | | |_|'
  18600       A                                  5  4'|____/ \___/|_| \_\_| \_\|_| (_)'
  18700       A                                  8  4'The voting period has ended and yo-
  18800       A                                      u can no longer vote.'
  18900       A                                  9  4'However, you may sign this exhibit-
  19000       A                                       guestbook if you would like.'
  19100       A                                 14  4'Press ENTER to exit.'
                         * * * * *   E N D   O F   S O U R C E   * * * * *
                                                   -=* http://pub400.com *=-
 5770SS1 V7R5M0  220415                  Data Description               ASHIBATA2/VOTESCR       26-09-07 17:22:53        Page    5
                                          Expanded Source
                                                                                          Field       Buffer position
 SEQNBR  *...+....1....+....2....+....3....+....4....+....5....+....6....+....7....+....8 length        Out     In
    300                                              DSPSIZ(24 80 *DS3)
               * Option indicator output buffer positions:
               *  *IN40 0001   *IN41 0004   *IN42 0002   *IN70 0003
               * Response indicator input buffer positions:
               *  *IN05 0001   *IN12 0002
    400                  R VOTE1                     CF05(05 'Submit') +
    700                                              CF12(12 'Cancel')
    800                                          1  3'VINTAGE COMPUTER FESTIVAL'             25
    900                                          1 34'NOMINATE EXHIBIT FOR AWARD' +          26
   1000                                              COLOR(WHT)
   1100                                          3  7'First, type your SFGE Badge Number-    50
   1100                                              ...............:'
   1300                    INPUTBADGE     4D 0I  3 58CHECK(RZ) COLOR(WHT)                     4                    3
   1500          40                                  DSPATR(RI)
   1600                                          4  7'Second, type the Exhibit ID you ar-    50
   1600                                              e nominating...:'
   1800                                          5  7'Third, type the Award ID you are s-    50
   1800                                              electing.......:'
   2000                    INPUTAWARD     3D 0I  5 58CHECK(RZ) COLOR(WHT)                     3                    7
   2200          42                                  DSPATR(RI)
   2300                                          9  5'001. Best in Show Award' +             23
   2400                                              COLOR(WHT)
   2500                                          9 31'- This award is given to the exhib-    44
   2500                                              it who you'
   2700                                         10 10'believe to be the best in show for-    40
   2700                                               2024.'
   2900                                         12  5'002. The Ed Fair Award' +              22
   3000                                              COLOR(WHT)
   3100                                         12 31'- This award is given to the exhib-    44
   3100                                              it that is'
   3300                                         13 10'deemed the most informative of the-    40
   3300                                               show.'
   3500                                         14  4'-----------------------------------    74
   3500                                              ------------------------------------
   3500                                              -----'
   3800                                         24  4'Cmd5/F5 = Submit Vote' COLOR(BLU)      21
   4000                                         24 31'Cmd12/F12 = Cancel' COLOR(BLU)         18
   4200                    ERRLINE       45A  O  6 14COLOR(RED)                              45            5
   4300                                          8  5'Available Awards for This Year:'       31
   4400                                          7  4'-----------------------------------    74
   4400                                              ------------------------------------
   4400                                              -----'
   4700                                         23 67'V1R0M4'                                 6
   4800                                         15  4'You may only vote for ONE award.' +    32
   4900                                              COLOR(RED)
   5000                                         15 38'Choose your nomination carefully!'     33
   5100                    INEXHB         9A  B  4 58                                         9           50      10
   5200          70                                  DSPATR(PR)
   5300                                              COLOR(WHT)
   5400          41                                  DSPATR(RI)
   5500                                         23  4'TAB = Switch Fields' COLOR(BLU)        19
   5700                  R VOTEEND
   5900                                          1  4' _____ _   _    _    _   _ _  __ '     33
                                                   -=* http://pub400.com *=-
 5770SS1 V7R5M0  220415                  Data Description               ASHIBATA2/VOTESCR       26-09-07 17:22:53        Page    6
                                          Expanded Source
                                                                                          Field       Buffer position
 SEQNBR  *...+....1....+....2....+....3....+....4....+....5....+....6....+....7....+....8 length        Out     In
   6000                                          2  4'|_   _| | | |  / \  | \ | | |/ / '     33
   6100                                          3  4'  | | | |_| | / _ \ |  \| |   /  '     33
   6200                                          4  4'  | | |  _  |/ ___ \| |\  | . \  '     33
   6300                                          5  4'  |_| |_| |_/_/   \_\_| \_|_|\_\  -    34
   6300                                              '
   6400                                          6  4'         __   _____  _   _   _____-    46
   6400                                               ___  ____  '
   6600                                          7 13'\ \ / / _ \| | | | |  ___/ _ \|  _-    37
   6600                                               \ '
   6800                                          8 14'\ V / | | | | | | | |_ | | | | |_)-    36
   6800                                               |'
   7000                                          9 15'| || |_| | |_| | |  _|| |_| |  _ /-    36
   7000                                                '
   7200                                         10 15'|_| \___/ \___/  |_|   \___/|_| \_-    36
   7200                                              \ '
   7400                                         11 22' __     _____ _____ ___ _   _  ___-    40
   7400                                              _ _   '
   7600                                         12 23'\ \   / / _ \_   _|_ _| \ | |/ ___-    38
   7600                                              | | '
   7800                                         13 23' \ \ / / | | || |  | ||  \| | |  _-    39
   7800                                              | |  '
   8000                                         14 24' \ V /| |_| || |  | || |\  | |_| |-    38
   8000                                              _|  '
   8200                                         15 25' \_/  \___/ |_| |___|_| \_|\____(_-    37
   8200                                              )  '
   8400                                         16  4'-----------------------------------    74
   8400                                              ------------------------------------
   8400                                              -----'
   8700                                         17  4' Your vote has been RECORDED! Than-    71
   8700                                              k you for participating in the awar-
   8700                                              ds'
   9000                                         18  4' show for Vintage Computer Festiva-    70
   9000                                              l Southeast 2024! Enjoy the rest of-
   9000                                               '
   9300                                         19  4' our exhibits and the rest of the -    61
   9300                                              Southern Fried Gaming Expo!'
   9500                                         21  4' Press ENTER to return to the main-    40
   9500                                               menu.'
   9700                  R DAVE
   9900                                          1  3'¬¬¬¬¬¬¬¬¬¬¬¬¬¬¬¬¬¬¬¬¬¬¬¬¬¬¬¬¬¬¬¬¬¬-    76
   9900                                              ¬¬¬¬¬¬¬¬¬¬¬¬¬¬¬¬¬¬¬¬¬¬¬¬¬¬¬¬¬¬¬¬¬¬¬-
   9900                                              ¬¬¬¬¬¬¬'
  10200                                          2  3'¬¬¬¬¬¬¬¬¬¬¬¬¬¬¬¬¬¬¬¬¬¬¬¬¬¬¬¬¬¬¬¬¬¬-    76
  10200                                              ¬¬¬¬¬¬¬¬¬¬¬¬¬¬¬¬¬¬¬¬¬¬¬¬¬¬¬¬¬¬¬¬¬¬¬-
  10200                                              ¬¬¬¬¬¬¬'
  10500                                          3  3'¬¬¬¬¬¬¬¬¬¬¬¬¬¬¬¬¬¬¬¬¬¬¬¬¬¬¬¬¬¬¬¬¬¬-    76
  10500                                              ¬¬¬¬¬¬¬¬¬¬¬¬¬¬¬¬¬¬¬¬¬¬¬¬¬¬¬¬¬¬¬¬¬¬¬-
  10500                                              ¬¬¬¬¬¬¬'
  10800                                          4  3'¬¬¬¬¬¬¬¬¬¬¬¬¬¬¬¬¬¬¬¬¬¬¬¬¬¬¬¬¬¬¬¬¬¬-    76
  10800                                              ¬¬¬¬¬¬¬¬¬¬¬¬¬¬¬¬¬¬¬¬¬¬¬¬¬¬¬¬¬¬¬¬¬¬¬-
  10800                                              ¬¬¬¬¬¬¬'
  11100                                          5  3'¬¬¬¬¬¬¬¬¬¬¬¬¬¬¬¬¬¬                -    76
  11100                                                                        ¬¬¬¬¬¬¬¬¬-
                                                   -=* http://pub400.com *=-
 5770SS1 V7R5M0  220415                  Data Description               ASHIBATA2/VOTESCR       26-09-07 17:22:53        Page    7
                                          Expanded Source
                                                                                          Field       Buffer position
 SEQNBR  *...+....1....+....2....+....3....+....4....+....5....+....6....+....7....+....8 length        Out     In
  11100                                              ¬¬¬¬¬¬¬'
  11400                                          6  3'¬¬¬¬¬¬¬¬¬¬¬¬¬¬¬¬¬¬ ###############-    76
  11400                                              ######################### ¬¬¬¬¬¬¬¬¬-
  11400                                              ¬¬¬¬¬¬¬'
  11700                                          7  3'¬¬¬¬¬¬¬¬¬¬¬¬¬¬¬¬¬¬ ###############-    76
  11700                                              ######################### ¬¬¬¬¬¬¬¬¬-
  11700                                              ¬¬¬¬¬¬¬'
  12000                                          8  3'¬¬¬¬¬¬¬¬¬¬¬¬¬¬¬¬¬¬                -    76
  12000                                                            ########### ¬¬¬¬¬¬¬¬¬-
  12000                                              ¬¬¬¬¬¬¬'
  12300                                          9  3'¬¬¬¬¬¬¬¬¬¬¬¬¬¬¬¬¬¬                -    76
  12300                                                            ########### ¬¬¬¬¬¬¬¬¬-
  12300                                              ¬¬¬¬¬¬¬'
  12600                                         10  3'¬¬¬¬¬¬¬¬¬¬¬¬¬¬¬¬¬¬                -    76
  12600                                                            ########### ¬¬¬¬¬¬¬¬¬-
  12600                                              ¬¬¬¬¬¬¬'
  12900                                         11  3'¬¬¬¬¬¬¬¬¬¬¬¬¬¬¬¬¬¬                -    76
  12900                                                            ########### ¬¬¬¬¬¬¬¬¬-
  12900                                              ¬¬¬¬¬¬¬'
  13200                                         12  3'¬¬¬¬¬¬¬¬¬¬¬¬¬¬¬¬¬¬                -    76
  13200                                                                        ¬¬¬¬¬¬¬¬¬-
  13200                                              ¬¬¬¬¬¬¬'
  13500                                         13  3'¬¬¬¬¬¬¬¬¬¬¬¬¬¬¬¬¬¬¬¬¬¬¬¬¬¬¬¬¬¬¬¬¬¬-    76
  13500                                              ¬¬¬¬¬¬¬¬¬¬¬¬¬¬¬¬¬¬¬¬¬¬¬¬¬¬¬¬¬¬¬¬¬¬¬-
  13500                                              ¬¬¬¬¬¬¬'
  13800                                         14  3'¬¬¬¬¬¬¬¬¬¬¬¬¬¬¬¬¬¬ THE GREAT DAVE -    76
  13800                                              MIGHTY AND POWERFUL IS HE ¬¬¬¬¬¬¬¬¬-
  13800                                              ¬¬¬¬¬¬¬'
  14100                                         15  3'¬¬¬¬¬¬¬¬¬¬¬¬¬¬¬¬¬¬ BLESSED BE THE -    76
  14100                                              NAME OF DAVE...      AMEN ¬¬¬¬¬¬¬¬¬-
  14100                                              ¬¬¬¬¬¬¬'
  14400                                         16  3'¬¬¬¬¬¬¬¬¬¬¬¬¬¬¬¬¬¬¬¬¬¬¬¬¬¬¬¬¬¬¬¬¬¬-    76
  14400                                              ¬¬¬¬¬¬¬¬¬¬¬¬¬¬¬¬¬¬¬¬¬¬¬¬¬¬¬¬¬¬¬¬¬¬¬-
  14400                                              ¬¬¬¬¬¬¬'
  14700                                         17  3'¬¬¬¬¬¬¬¬¬¬¬¬¬¬¬¬¬¬¬¬¬¬¬¬¬¬¬¬¬¬¬¬¬¬-    76
  14700                                              ¬¬¬¬¬¬¬¬¬¬¬¬¬¬¬¬¬¬¬¬¬¬¬¬¬¬¬¬¬¬¬¬¬¬¬-
  14700                                              ¬¬¬¬¬¬¬'
  15000                                         18  3'¬¬¬¬¬¬¬¬¬¬¬¬¬¬¬¬¬¬¬¬¬¬¬¬¬¬¬¬¬¬¬¬¬¬-    76
  15000                                              ¬¬¬¬¬¬¬¬¬¬¬¬¬¬¬¬¬¬¬¬¬¬¬¬¬¬¬¬¬¬¬¬¬¬¬-
  15000                                              ¬¬¬¬¬¬¬'
  15300                                         19  3'¬¬¬¬¬¬¬¬¬¬¬¬¬¬¬¬¬¬¬¬¬¬¬¬¬¬¬¬¬¬¬¬¬¬-    76
  15300                                              ¬¬¬¬¬¬¬¬¬¬¬¬¬¬¬¬¬¬¬¬¬¬¬¬¬¬¬¬¬¬¬¬¬¬¬-
  15300                                              ¬¬¬¬¬¬¬'
  15600                                         20  3'¬¬¬¬¬¬¬¬¬¬¬¬¬¬¬¬¬¬¬¬¬¬¬¬¬¬¬¬¬¬¬¬¬¬-    76
  15600                                              ¬¬¬¬¬¬¬¬¬¬¬¬¬¬¬¬¬¬¬¬¬¬¬¬¬¬¬¬¬¬¬¬¬¬¬-
  15600                                              ¬¬¬¬¬¬¬'
  15900                                         21  3'¬¬¬¬¬¬¬¬¬¬¬¬¬¬¬¬¬¬¬¬¬¬¬¬¬¬¬¬¬¬¬¬¬¬-    76
  15900                                              ¬¬¬¬¬¬¬¬¬¬¬¬¬¬¬¬¬¬¬¬¬¬¬¬¬¬¬¬¬¬¬¬¬¬¬-
  15900                                              ¬¬¬¬¬¬¬'
  16200                                         22  3'¬¬¬¬¬¬¬¬¬¬¬¬¬¬¬¬¬¬¬¬¬¬¬¬¬¬¬¬¬¬¬¬¬¬-    76
  16200                                              ¬¬¬¬¬¬¬¬¬¬¬¬¬¬¬¬¬¬¬¬¬¬¬¬¬¬¬¬¬¬¬¬¬¬¬-
  16200                                              ¬¬¬¬¬¬¬'
  16500                                         23  3'¬¬¬¬¬¬¬¬¬¬¬¬¬¬¬¬¬¬¬¬¬¬¬¬¬¬¬¬¬¬¬¬¬¬-    76
                                                   -=* http://pub400.com *=-
 5770SS1 V7R5M0  220415                  Data Description               ASHIBATA2/VOTESCR       26-09-07 17:22:53        Page    8
                                          Expanded Source
                                                                                          Field       Buffer position
 SEQNBR  *...+....1....+....2....+....3....+....4....+....5....+....6....+....7....+....8 length        Out     In
  16500                                              ¬¬¬¬¬¬¬¬¬¬¬¬¬¬¬¬¬¬¬¬¬¬¬¬¬¬¬¬¬¬¬¬¬¬¬-
  16500                                              ¬¬¬¬¬¬¬'
  16800                  R NOVOTEALWD
  17000                                          1  4' ____   ___  ____  ______   ___ '      32
  17100                                          2  4'/ ___| / _ \|  _ \|  _ \ \ / / |'      32
  17200                                          3  4'\___ \| | | | |_) | |_) \ V /| |'      32
  17300                                          4  4' ___) | |_| |  _ <|  _ < | | |_|'      32
  17400                                          5  4'|____/ \___/|_| \_\_| \_\|_| (_)'      32
  17500                                          8  4'This exhibit is not eligible to re-    46
  17500                                              ceive votes.'
  17700                                          9  4'However, you may sign this exhibit-    63
  17700                                               guestbook if you would like.'
  17900                                         14  4'Press ENTER to exit.'                  20
  18000                  R ENDOFCON
  18200                                          1  4' ____   ___  ____  ______   ___ '      32
  18300                                          2  4'/ ___| / _ \|  _ \|  _ \ \ / / |'      32
  18400                                          3  4'\___ \| | | | |_) | |_) \ V /| |'      32
  18500                                          4  4' ___) | |_| |  _ <|  _ < | | |_|'      32
  18600                                          5  4'|____/ \___/|_| \_\_| \_\|_| (_)'      32
  18700                                          8  4'The voting period has ended and yo-    55
  18700                                              u can no longer vote.'
  18900                                          9  4'However, you may sign this exhibit-    63
  18900                                               guestbook if you would like.'
  19100                                         14  4'Press ENTER to exit.'                  20
                 * * * * *   E N D   O F   E X P A N D E D   S O U R C E   * * * * *
                                                   -=* http://pub400.com *=-
 5770SS1 V7R5M0  220415                  Data Description               ASHIBATA2/VOTESCR       26-09-07 17:22:53        Page    9
                                          Message Summary
    Total          Informational          Warning        Error       Severe
                       (0-9)              (10-19)       (20-29)      (30-99)
        0                 0                    0             0            0
* CPC7301      00               Message . . . . :   File VOTESCR created in library ASHIBATA2.
                         * * * * *   E N D   O F   C O M P I L A T I O N   * * * * *
                                                   -=* http://pub400.com *=-
 5770SS1 V7R5M0  220415                  Data Description               ASHIBATA2/CMTPRTF       26-09-07 17:22:53        Page    1
 File name . . . . . . . . . . . . . . . . . . . . . :   CMTPRTF
   Library name  . . . . . . . . . . . . . . . . . . :   ASHIBATA2
 File attribute  . . . . . . . . . . . . . . . . . . :   Printer
 Source file containing DDS  . . . . . . . . . . . . :   QRLUSRC
   Library name  . . . . . . . . . . . . . . . . . . :   ASHIBATA1
 Source member containing DDS  . . . . . . . . . . . :   CMTPRTF
 Source member last changed  . . . . . . . . . . . . :   26-09-07  17:21:10
 Source listing options  . . . . . . . . . . . . . . :   *SOURCE    *LIST      *NOSECLVL  *NOEVENTF
 DDS generation severity level . . . . . . . . . . . :   20
 DDS flagging severity level . . . . . . . . . . . . :   00
 Authority . . . . . . . . . . . . . . . . . . . . . :   *LIBCRTAUT
 Replace file  . . . . . . . . . . . . . . . . . . . :   *YES
 Text  . . . . . . . . . . . . . . . . . . . . . . . :
 Compiler  . . . . . . . . . . . . . . . . . . . . . :   IBM System i5 Data Description Processor
                                      Data Description Source
 SEQNBR  *...+....1....+....2....+....3....+....4....+....5....+....6....+....7....+....8  Date
    100       A*%%***********************************************************************
    200       A*%%TS  RD  20231104  150244  QSECOFR     REL-V4R2M0  5769-PW1
    300       A*%%FI+10660100000000000000000000000000000000000000000000000000
    400       A*%%FI       0000000000000000000000000000000000000000000000000
    500       A*%%***********************************************************************
    600       A          R RCD001
    700       A*%%***********************************************************************
    800       A*%%RI 00000
    900       A*%%***********************************************************************
   1000       A                                     1
   1100       A                                      'VCF/400 - Comment Ticket'
   1200       A*%%***********************************************************************
   1300       A*%%SS
   1400       A*%%***********************************************************************
   1500       A          R RCD002
   1600       A*%%***********************************************************************
   1700       A*%%RI 00000
   1800       A*%%FS 001
   1900       A*%%***********************************************************************
   2000       A                                      SPACEB(002)
   2100       A                                     1
   2200       A                                      'Name:'
   2300       A            GUESTNAME R        O    +1
   2400       A                                      REFFLD(GUESTBKRCD/GUESTNAME GUE-
   2500       A                                      STBKDB)
   2600       A*%%***********************************************************************
   2700       A*%%SS
   2800       A*%%***********************************************************************
   2900       A          R RCD003
   3000       A*%%***********************************************************************
   3100       A*%%RI 00000
   3200       A*%%***********************************************************************
   3300       A                                      SPACEB(001)
   3400       A                                     1
   3500       A                                      'Exhibit:'
   3600       A            EXHBID    R        O    +1
   3700       A                                      REFFLD(GUESTBKRCD/EXHBID GUESTB-
   3800       A                                      KDB)
                                                   -=* http://pub400.com *=-
 5770SS1 V7R5M0  220415                  Data Description               ASHIBATA2/CMTPRTF       26-09-07 17:22:53        Page    2
                                      Data Description Source
 SEQNBR  *...+....1....+....2....+....3....+....4....+....5....+....6....+....7....+....8  Date
   3900       A*%%***********************************************************************
   4000       A*%%SS
   4100       A*%%***********************************************************************
   4200       A          R CMTNBR
   4300       A*%%***********************************************************************
   4400       A*%%RU 00000
   4500       A*%%***********************************************************************
   4600       A                                      SPACEB(001)
   4700       A                                     1
   4800       A                                      'CID:'
   4900       A            CMTID     R        O    +1
   5000       A                                      REFFLD(GUESTBKRCD/CMTID GUESTBK-
   5100       A                                      DB)
   5200       A*%%***********************************************************************
   5300       A*%%SS
   5400       A*%%***********************************************************************
   5500       A          R CMTDETAIL
   5600       A*%%***********************************************************************
   5700       A*%%RI 00000
   5800       A*%%***********************************************************************
   5900       A                                      SPACEB(001)
   6000       A                                     1
   6100       A                                      'COMMENT:'
   6200       A            GUESTCMT  R        O    +1
   6300       A                                      REFFLD(GUESTBKRCD/GUESTCMT GUES-
   6400       A                                      TBKDB)
   6500       A*%%***********************************************************************
   6600       A*%%SS
   6700       A*%%CP+999CRTPRTF
   6800       A*%%CP+    FILE(VCF/TESTPRT2)
   6900       A*%%CP+    DEVTYPE(*SCS)
   7000       A*%%CP     PAGESIZE(*N       132      *N     )
   7100       A*%%***********************************************************************
                         * * * * *   E N D   O F   S O U R C E   * * * * *
                                                   -=* http://pub400.com *=-
 5770SS1 V7R5M0  220415                  Data Description               ASHIBATA2/CMTPRTF       26-09-07 17:22:53        Page    3
                                          Expanded Source
                                                                                          Field       Buffer position
 SEQNBR  *...+....1....+....2....+....3....+....4....+....5....+....6....+....7....+....8 length        Out     In
    600                  R RCD001
   1000                                             1'VCF/400 - Comment Ticket'              24
   1500                  R RCD002                    SPACEB(002)
   2100                                             1'Name:'                                  5
   2300                    GUESTNAME     20A  O     7                                        20            1
 * Referenced Field  . . . . . . . . . . . :   GUESTNAME
 *   Format  . . . . . . . . . . . . . . . :   GUESTBKRCD
 *   File  . . . . . . . . . . . . . . . . :   GUESTBKDB
 *   Library . . . . . . . . . . . . . . . :   ASHIBATA2
   2900                  R RCD003                    SPACEB(001)
   3400                                             1'Exhibit:'                               8
   3600                    EXHBID         9A  O    10                                         9            1
 * Referenced Field  . . . . . . . . . . . :   EXHBID
 *   Format  . . . . . . . . . . . . . . . :   GUESTBKRCD
 *   File  . . . . . . . . . . . . . . . . :   GUESTBKDB
 *   Library . . . . . . . . . . . . . . . :   ASHIBATA2
   4200                  R CMTNBR                    SPACEB(001)
   4700                                             1'CID:'                                   4
   4900                    CMTID          4S 0O     6                                         4            1
 * Referenced Field  . . . . . . . . . . . :   CMTID
 *   Format  . . . . . . . . . . . . . . . :   GUESTBKRCD
 *   File  . . . . . . . . . . . . . . . . :   GUESTBKDB
 *   Library . . . . . . . . . . . . . . . :   ASHIBATA2
   5500                  R CMTDETAIL                 SPACEB(001)
   6000                                             1'COMMENT:'                               8
   6200                    GUESTCMT     200A  O    10                                       200            1
 * Referenced Field  . . . . . . . . . . . :   GUESTCMT
 *   Format  . . . . . . . . . . . . . . . :   GUESTBKRCD
 *   File  . . . . . . . . . . . . . . . . :   GUESTBKDB
 *   Library . . . . . . . . . . . . . . . :   ASHIBATA2
                 * * * * *   E N D   O F   E X P A N D E D   S O U R C E   * * * * *
                                                   -=* http://pub400.com *=-
 5770SS1 V7R5M0  220415                  Data Description               ASHIBATA2/CMTPRTF       26-09-07 17:22:53        Page    4
                                          Message Summary
    Total          Informational          Warning        Error       Severe
                       (0-9)              (10-19)       (20-29)      (30-99)
        0                 0                    0             0            0
* CPC7301      00               Message . . . . :   File CMTPRTF created in library ASHIBATA2.
                         * * * * *   E N D   O F   C O M P I L A T I O N   * * * * *
                                                   -=* http://pub400.com *=-
 5770SS1 V7R5M0  220415                  Data Description               ASHIBATA2/CMTTST        26-09-07 17:22:53        Page    1
 File name . . . . . . . . . . . . . . . . . . . . . :   CMTTST
   Library name  . . . . . . . . . . . . . . . . . . :   ASHIBATA2
 File attribute  . . . . . . . . . . . . . . . . . . :   Printer
 Source file containing DDS  . . . . . . . . . . . . :   QRLUSRC
   Library name  . . . . . . . . . . . . . . . . . . :   ASHIBATA1
 Source member containing DDS  . . . . . . . . . . . :   CMTTST
 Source member last changed  . . . . . . . . . . . . :   26-09-07  17:21:13
 Source listing options  . . . . . . . . . . . . . . :   *SOURCE    *LIST      *NOSECLVL  *NOEVENTF
 DDS generation severity level . . . . . . . . . . . :   20
 DDS flagging severity level . . . . . . . . . . . . :   00
 Authority . . . . . . . . . . . . . . . . . . . . . :   *LIBCRTAUT
 Replace file  . . . . . . . . . . . . . . . . . . . :   *YES
 Text  . . . . . . . . . . . . . . . . . . . . . . . :
 Compiler  . . . . . . . . . . . . . . . . . . . . . :   IBM System i5 Data Description Processor
                                      Data Description Source
 SEQNBR  *...+....1....+....2....+....3....+....4....+....5....+....6....+....7....+....8  Date
    100       A          R INITP
    200       A            PRTCMD        40         1TEXT('PRTCMD1')
    300       A                                      TRNSPY
    400       A                                      SPACEA(0)
    500       A          R RCD001
    600       A                                     1
    700       A                                      'VCF/400 - Comment Ticket'
    800       A          R RCD002
    900       A                                      SPACEB(002)
   1000       A                                     1
   1100       A                                      'Name:'
   1200       A            GUESTNAME R        O    +1
   1300       A                                      REFFLD(GUESTBKRCD/GUESTNAME GUE-
   1400       A                                      STBKDB)
   1500       A*%%***********************************************************************
   1600       A*%%SS
   1700       A*%%***********************************************************************
   1800       A          R RCD003
   1900       A*%%***********************************************************************
   2000       A*%%RI 00000
   2100       A*%%***********************************************************************
   2200       A                                      SPACEB(001)
   2300       A                                     1
   2400       A                                      'Exhibit:'
   2500       A            EXHBID    R        O    +1
   2600       A                                      REFFLD(GUESTBKRCD/EXHBID GUESTB-
   2700       A                                      KDB)
   2800       A*%%***********************************************************************
   2900       A*%%SS
   3000       A*%%***********************************************************************
   3100       A          R CMTNBR
   3200       A*%%***********************************************************************
   3300       A*%%RU 00000
   3400       A*%%***********************************************************************
   3500       A                                      SPACEB(001)
   3600       A                                     1
   3700       A                                      'CID:'
   3800       A            CMTID     R        O    +1
                                                   -=* http://pub400.com *=-
 5770SS1 V7R5M0  220415                  Data Description               ASHIBATA2/CMTTST        26-09-07 17:22:53        Page    2
                                      Data Description Source
 SEQNBR  *...+....1....+....2....+....3....+....4....+....5....+....6....+....7....+....8  Date
   3900       A                                      REFFLD(GUESTBKRCD/CMTID GUESTBK-
   4000       A                                      DB)
   4100       A*%%***********************************************************************
   4200       A*%%SS
   4300       A*%%***********************************************************************
   4400       A          R CMTDETAIL
   4500       A*%%***********************************************************************
   4600       A*%%RI 00000
   4700       A*%%***********************************************************************
   4800       A                                      SPACEB(001)
   4900       A                                     1
   5000       A                                      'COMMENT:'
   5100       A            GUESTCMT  R        O    +1
   5200       A                                      REFFLD(GUESTBKRCD/GUESTCMT GUES-
   5300       A                                      TBKDB)
   5400       A*%%***********************************************************************
   5500       A*%%SS
   5600       A*%%CP+    FILE(VCF/TESTPRT2)
   5700       A*%%CP+    DEVTYPE(*SCS)
   5800       A*%%CP     PAGESIZE(*N       132      *N     )
   5900       A*%%***********************************************************************
                         * * * * *   E N D   O F   S O U R C E   * * * * *
                                                   -=* http://pub400.com *=-
 5770SS1 V7R5M0  220415                  Data Description               ASHIBATA2/CMTTST        26-09-07 17:22:53        Page    3
                                          Expanded Source
                                                                                          Field       Buffer position
 SEQNBR  *...+....1....+....2....+....3....+....4....+....5....+....6....+....7....+....8 length        Out     In
    100                  R INITP
    200                    PRTCMD        40A  O     1TEXT('PRTCMD1') TRNSPY SPACEA(0)        40            1
    500                  R RCD001
    600                                             1'VCF/400 - Comment Ticket'              24
    800                  R RCD002                    SPACEB(002)
   1000                                             1'Name:'                                  5
   1200                    GUESTNAME     20A  O     7                                        20            1
 * Referenced Field  . . . . . . . . . . . :   GUESTNAME
 *   Format  . . . . . . . . . . . . . . . :   GUESTBKRCD
 *   File  . . . . . . . . . . . . . . . . :   GUESTBKDB
 *   Library . . . . . . . . . . . . . . . :   ASHIBATA2
   1800                  R RCD003                    SPACEB(001)
   2300                                             1'Exhibit:'                               8
   2500                    EXHBID         9A  O    10                                         9            1
 * Referenced Field  . . . . . . . . . . . :   EXHBID
 *   Format  . . . . . . . . . . . . . . . :   GUESTBKRCD
 *   File  . . . . . . . . . . . . . . . . :   GUESTBKDB
 *   Library . . . . . . . . . . . . . . . :   ASHIBATA2
   3100                  R CMTNBR                    SPACEB(001)
   3600                                             1'CID:'                                   4
   3800                    CMTID          4S 0O     6                                         4            1
 * Referenced Field  . . . . . . . . . . . :   CMTID
 *   Format  . . . . . . . . . . . . . . . :   GUESTBKRCD
 *   File  . . . . . . . . . . . . . . . . :   GUESTBKDB
 *   Library . . . . . . . . . . . . . . . :   ASHIBATA2
   4400                  R CMTDETAIL                 SPACEB(001)
   4900                                             1'COMMENT:'                               8
   5100                    GUESTCMT     200A  O    10                                       200            1
 * Referenced Field  . . . . . . . . . . . :   GUESTCMT
 *   Format  . . . . . . . . . . . . . . . :   GUESTBKRCD
 *   File  . . . . . . . . . . . . . . . . :   GUESTBKDB
 *   Library . . . . . . . . . . . . . . . :   ASHIBATA2
                 * * * * *   E N D   O F   E X P A N D E D   S O U R C E   * * * * *
                                                   -=* http://pub400.com *=-
 5770SS1 V7R5M0  220415                  Data Description               ASHIBATA2/CMTTST        26-09-07 17:22:53        Page    4
                                          Message Summary
    Total          Informational          Warning        Error       Severe
                       (0-9)              (10-19)       (20-29)      (30-99)
        0                 0                    0             0            0
* CPC7301      00               Message . . . . :   File CMTTST created in library ASHIBATA2.
                         * * * * *   E N D   O F   C O M P I L A T I O N   * * * * *
                                                   -=* http://pub400.com *=-
 5770SS1 V7R5M0  220415                  Data Description               ASHIBATA2/TESTPRT2      26-09-07 17:22:53        Page    1
 File name . . . . . . . . . . . . . . . . . . . . . :   TESTPRT2
   Library name  . . . . . . . . . . . . . . . . . . :   ASHIBATA2
 File attribute  . . . . . . . . . . . . . . . . . . :   Printer
 Source file containing DDS  . . . . . . . . . . . . :   QRLUSRC
   Library name  . . . . . . . . . . . . . . . . . . :   ASHIBATA1
 Source member containing DDS  . . . . . . . . . . . :   TESTPRT2
 Source member last changed  . . . . . . . . . . . . :   26-09-07  17:21:15
 Source listing options  . . . . . . . . . . . . . . :   *SOURCE    *LIST      *NOSECLVL  *NOEVENTF
 DDS generation severity level . . . . . . . . . . . :   20
 DDS flagging severity level . . . . . . . . . . . . :   00
 Authority . . . . . . . . . . . . . . . . . . . . . :   *LIBCRTAUT
 Replace file  . . . . . . . . . . . . . . . . . . . :   *YES
 Text  . . . . . . . . . . . . . . . . . . . . . . . :
 Compiler  . . . . . . . . . . . . . . . . . . . . . :   IBM System i5 Data Description Processor
                                      Data Description Source
 SEQNBR  *...+....1....+....2....+....3....+....4....+....5....+....6....+....7....+....8  Date
    100       A*%%***********************************************************************
    200       A*%%TS  RD  20231104  150244  QSECOFR     REL-V4R2M0  5769-PW1
    300       A*%%FI+10660100000000000000000000000000000000000000000000000000
    400       A*%%FI       0000000000000000000000000000000000000000000000000
    500       A*%%***********************************************************************
    600       A          R RCD001
    700       A*%%***********************************************************************
    800       A*%%RI 00000
    900       A*%%***********************************************************************
   1000       A                                     2
   1100       A                                      'VCF/400 - Comment Ticket'
   1200       A*%%***********************************************************************
   1300       A*%%SS
   1400       A*%%***********************************************************************
   1500       A          R RCD002
   1600       A*%%***********************************************************************
   1700       A*%%RI 00000
   1800       A*%%FS 001
   1900       A*%%***********************************************************************
   2000       A                                      SPACEB(002)
   2100       A                                     3
   2200       A                                      'Name:'
   2300       A            GUESTNAME R        O    +1
   2400       A                                      REFFLD(GUESTBKRCD/GUESTNAME GUE-
   2500       A                                      STBKDB)
   2600       A*%%***********************************************************************
   2700       A*%%SS
   2800       A*%%***********************************************************************
   2900       A          R RCD003
   3000       A*%%***********************************************************************
   3100       A*%%RI 00000
   3200       A*%%***********************************************************************
   3300       A                                      SPACEB(001)
   3400       A                                     3
   3500       A                                      'Exhibit:'
   3600       A            EXHBID    R        O    +1
   3700       A                                      REFFLD(GUESTBKRCD/EXHBID GUESTB-
   3800       A                                      KDB)
                                                   -=* http://pub400.com *=-
 5770SS1 V7R5M0  220415                  Data Description               ASHIBATA2/TESTPRT2      26-09-07 17:22:53        Page    2
                                      Data Description Source
 SEQNBR  *...+....1....+....2....+....3....+....4....+....5....+....6....+....7....+....8  Date
   3900       A*%%***********************************************************************
   4000       A*%%SS
   4100       A*%%***********************************************************************
   4200       A          R CMTDETAIL
   4300       A*%%***********************************************************************
   4400       A*%%RI 00000
   4500       A*%%***********************************************************************
   4600       A                                      SPACEB(001)
   4700       A                                     3
   4800       A                                      'COMMENT:'
   4900       A            GUESTCMT  R        O    +1
   5000       A                                      REFFLD(GUESTBKRCD/GUESTCMT GUES-
   5100       A                                      TBKDB)
   5200       A*%%***********************************************************************
   5300       A*%%SS
   5400       A*%%CP+999CRTPRTF
   5500       A*%%CP+    FILE(VCF/TESTPRT2)
   5600       A*%%CP+    DEVTYPE(*SCS)
   5700       A*%%CP     PAGESIZE(*N       132      *N     )
   5800       A*%%***********************************************************************
                         * * * * *   E N D   O F   S O U R C E   * * * * *
                                                   -=* http://pub400.com *=-
 5770SS1 V7R5M0  220415                  Data Description               ASHIBATA2/TESTPRT2      26-09-07 17:22:53        Page    3
                                          Expanded Source
                                                                                          Field       Buffer position
 SEQNBR  *...+....1....+....2....+....3....+....4....+....5....+....6....+....7....+....8 length        Out     In
    600                  R RCD001
   1000                                             2'VCF/400 - Comment Ticket'              24
   1500                  R RCD002                    SPACEB(002)
   2100                                             3'Name:'                                  5
   2300                    GUESTNAME     20A  O     9                                        20            1
 * Referenced Field  . . . . . . . . . . . :   GUESTNAME
 *   Format  . . . . . . . . . . . . . . . :   GUESTBKRCD
 *   File  . . . . . . . . . . . . . . . . :   GUESTBKDB
 *   Library . . . . . . . . . . . . . . . :   ASHIBATA2
   2900                  R RCD003                    SPACEB(001)
   3400                                             3'Exhibit:'                               8
   3600                    EXHBID         9A  O    12                                         9            1
 * Referenced Field  . . . . . . . . . . . :   EXHBID
 *   Format  . . . . . . . . . . . . . . . :   GUESTBKRCD
 *   File  . . . . . . . . . . . . . . . . :   GUESTBKDB
 *   Library . . . . . . . . . . . . . . . :   ASHIBATA2
   4200                  R CMTDETAIL                 SPACEB(001)
   4700                                             3'COMMENT:'                               8
   4900                    GUESTCMT     200A  O    12                                       200            1
 * Referenced Field  . . . . . . . . . . . :   GUESTCMT
 *   Format  . . . . . . . . . . . . . . . :   GUESTBKRCD
 *   File  . . . . . . . . . . . . . . . . :   GUESTBKDB
 *   Library . . . . . . . . . . . . . . . :   ASHIBATA2
                 * * * * *   E N D   O F   E X P A N D E D   S O U R C E   * * * * *
                                                   -=* http://pub400.com *=-
 5770SS1 V7R5M0  220415                  Data Description               ASHIBATA2/TESTPRT2      26-09-07 17:22:53        Page    4
                                          Message Summary
    Total          Informational          Warning        Error       Severe
                       (0-9)              (10-19)       (20-29)      (30-99)
        0                 0                    0             0            0
* CPC7301      00               Message . . . . :   File TESTPRT2 created in library ASHIBATA2.
                         * * * * *   E N D   O F   C O M P I L A T I O N   * * * * *
                                                   -=* http://pub400.com *=-
 5770SS1 V7R5M0  220415                  Data Description               ASHIBATA2/VOTEPRTF      26-09-07 17:22:53        Page    1
 File name . . . . . . . . . . . . . . . . . . . . . :   VOTEPRTF
   Library name  . . . . . . . . . . . . . . . . . . :   ASHIBATA2
 File attribute  . . . . . . . . . . . . . . . . . . :   Printer
 Source file containing DDS  . . . . . . . . . . . . :   QRLUSRC
   Library name  . . . . . . . . . . . . . . . . . . :   ASHIBATA1
 Source member containing DDS  . . . . . . . . . . . :   VOTEPRTF
 Source member last changed  . . . . . . . . . . . . :   26-09-07  17:21:18
 Source listing options  . . . . . . . . . . . . . . :   *SOURCE    *LIST      *NOSECLVL  *NOEVENTF
 DDS generation severity level . . . . . . . . . . . :   20
 DDS flagging severity level . . . . . . . . . . . . :   00
 Authority . . . . . . . . . . . . . . . . . . . . . :   *LIBCRTAUT
 Replace file  . . . . . . . . . . . . . . . . . . . :   *YES
 Text  . . . . . . . . . . . . . . . . . . . . . . . :
 Compiler  . . . . . . . . . . . . . . . . . . . . . :   IBM System i5 Data Description Processor
                                      Data Description Source
 SEQNBR  *...+....1....+....2....+....3....+....4....+....5....+....6....+....7....+....8  Date
    100       A*%%***********************************************************************
    200       A*%%TS  RD  20231220  191718  QSECOFR     REL-V4R2M0  5769-PW1
    300       A*%%FI+10660100000000000000000000000000000000000000000000000000
    400       A*%%FI       0000000000000000000000000000000000000000000000000
    500       A*%%***********************************************************************
    600       A          R RCD001
    700       A*%%***********************************************************************
    800       A*%%RI 00000
    900       A*%%***********************************************************************
   1000       A                                     1
   1100       A                                      'VCF/400 - VOTING TICKET'
   1200       A*%%***********************************************************************
   1300       A*%%SS
   1400       A*%%***********************************************************************
   1500       A          R RCD002
   1600       A*%%***********************************************************************
   1700       A*%%RI 00000
   1800       A*%%FS 001
   1900       A*%%***********************************************************************
   2000       A                                      SPACEB(002)
   2100       A                                     1
   2200       A                                      'BADGE:'
   2300       A            BADGENBR  R        O    +1
   2400       A                                      REFFLD(VOTINGREC/BADGENBR VOTIN-
   2500       A                                      GDB)
   2600       A*%%***********************************************************************
   2700       A*%%SS
   2800       A*%%***********************************************************************
   2900       A          R RCD003
   3000       A*%%***********************************************************************
   3100       A*%%RI 00000
   3200       A*%%***********************************************************************
   3300       A                                      SPACEB(001)
   3400       A                                     1
   3500       A                                      'AWARD:'
   3600       A            AWARDNBR  R        O    +1
   3700       A                                      REFFLD(VOTINGREC/AWARDNBR VOTIN-
   3800       A                                      GDB)
                                                   -=* http://pub400.com *=-
 5770SS1 V7R5M0  220415                  Data Description               ASHIBATA2/VOTEPRTF      26-09-07 17:22:53        Page    2
                                      Data Description Source
 SEQNBR  *...+....1....+....2....+....3....+....4....+....5....+....6....+....7....+....8  Date
   3900       A*%%***********************************************************************
   4000       A*%%SS
   4100       A*%%***********************************************************************
   4200       A          R EXHBOUT
   4300       A*%%***********************************************************************
   4400       A*%%RI 00000
   4500       A*%%***********************************************************************
   4600       A                                      SPACEB(001)
   4700       A                                     1
   4800       A                                      'EXHIBIT:'
   4900       A            EXHBNBR   R        O    +1
   5000       A                                      REFFLD(VOTINGREC/EXHBNBR VOTING-
   5100       A                                      DB)
   5200       A*%%***********************************************************************
   5300       A*%%SS
   5400       A*%%CP+999CRTPRTF
   5500       A*%%CP+    FILE(VCF/VOTEPRTF)
   5600       A*%%CP+    DEVTYPE(*SCS)
   5700       A*%%CP     PAGESIZE(*N       132      *N     )
   5800       A*%%***********************************************************************
                         * * * * *   E N D   O F   S O U R C E   * * * * *
                                                   -=* http://pub400.com *=-
 5770SS1 V7R5M0  220415                  Data Description               ASHIBATA2/VOTEPRTF      26-09-07 17:22:53        Page    3
                                          Expanded Source
                                                                                          Field       Buffer position
 SEQNBR  *...+....1....+....2....+....3....+....4....+....5....+....6....+....7....+....8 length        Out     In
    600                  R RCD001
   1000                                             1'VCF/400 - VOTING TICKET'               23
   1500                  R RCD002                    SPACEB(002)
   2100                                             1'BADGE:'                                 6
   2300                    BADGENBR       4S 0O     8                                         4            1
 * Referenced Field  . . . . . . . . . . . :   BADGENBR
 *   Format  . . . . . . . . . . . . . . . :   VOTINGREC
 *   File  . . . . . . . . . . . . . . . . :   VOTINGDB
 *   Library . . . . . . . . . . . . . . . :   ASHIBATA2
   2900                  R RCD003                    SPACEB(001)
   3400                                             1'AWARD:'                                 6
   3600                    AWARDNBR       3S 0O     8                                         3            1
 * Referenced Field  . . . . . . . . . . . :   AWARDNBR
 *   Format  . . . . . . . . . . . . . . . :   VOTINGREC
 *   File  . . . . . . . . . . . . . . . . :   VOTINGDB
 *   Library . . . . . . . . . . . . . . . :   ASHIBATA2
   4200                  R EXHBOUT                   SPACEB(001)
   4700                                             1'EXHIBIT:'                               8
   4900                    EXHBNBR        9A  O    10                                         9            1
 * Referenced Field  . . . . . . . . . . . :   EXHBNBR
 *   Format  . . . . . . . . . . . . . . . :   VOTINGREC
 *   File  . . . . . . . . . . . . . . . . :   VOTINGDB
 *   Library . . . . . . . . . . . . . . . :   ASHIBATA2
                 * * * * *   E N D   O F   E X P A N D E D   S O U R C E   * * * * *
                                                   -=* http://pub400.com *=-
 5770SS1 V7R5M0  220415                  Data Description               ASHIBATA2/VOTEPRTF      26-09-07 17:22:53        Page    4
                                          Message Summary
    Total          Informational          Warning        Error       Severe
                       (0-9)              (10-19)       (20-29)      (30-99)
        0                 0                    0             0            0
* CPC7301      00               Message . . . . :   File VOTEPRTF created in library ASHIBATA2.
                         * * * * *   E N D   O F   C O M P I L A T I O N   * * * * *
                                                   -=* http://pub400.com *=-
 5770SS1 V7R5M0  220415                  Data Description               ASHIBATA2/VCFMAIN       26-09-07 17:22:54        Page    1
 File name . . . . . . . . . . . . . . . . . . . . . :   VCFMAIN
   Library name  . . . . . . . . . . . . . . . . . . :   ASHIBATA2
 File attribute  . . . . . . . . . . . . . . . . . . :   Display
 Source file containing DDS  . . . . . . . . . . . . :   QMNUSRC
   Library name  . . . . . . . . . . . . . . . . . . :   ASHIBATA1
 Source member containing DDS  . . . . . . . . . . . :   VCFMAIN
 Source member last changed  . . . . . . . . . . . . :   26-09-07  17:21:05
 Source listing options  . . . . . . . . . . . . . . :   *SOURCE    *LIST      *NOSECLVL  *NOEVENTF
 DDS generation severity level . . . . . . . . . . . :   20
 DDS flagging severity level . . . . . . . . . . . . :   00
 Authority . . . . . . . . . . . . . . . . . . . . . :   *LIBCRTAUT
 Replace file  . . . . . . . . . . . . . . . . . . . :   *YES
 Text  . . . . . . . . . . . . . . . . . . . . . . . :
 Compiler  . . . . . . . . . . . . . . . . . . . . . :   IBM System i5 Data Description Processor
                                      Data Description Source
 SEQNBR  *...+....1....+....2....+....3....+....4....+....5....+....6....+....7....+....8  Date
    100       A* Free Form Menu: VCFMAIN
    200       A*%%TS  SD  20231119  151635  QSECOFR     REL-V4R4M0  5769-PW1
    300       A*%%EC
    400       A                                      DSPSIZ(24 80 *DS3                  -
    500       A                                             27 132 *DS4)
    600       A                                      CHGINPDFT
    700       A                                      INDARA
    800       A                                      PRINT(*LIBL/QSYSPRT)
    900       A          R VCFMAIN
*                  CPD5235-.*********
*                  CPD8111-**********
   1000       A*%%TS  SD  20230810  175349  QSECOFR     REL-V4R4M0  5769-PW1
   1100       A                                      DSPMOD(*DS3)
   1200       A                                      LOCK
   1300       A                                      SLNO(01)
   1400       A                                      CLRL(*ALL)
*                                            CPD8018-*
   1500       A                                      ALWROL
*                                            CPD8018-*
   1600       A                                      CF03
   1700       A                                      HELP
   1800       A                                      HOME
   1900       A                                      HLPRTN
   2000       A                                  1 33'AS/400 DEMO MENU'
   2100       A                                      DSPATR(HI)
   2200       A                                      COLOR(WHT)
   2300       A                                  2  2'WELCOME TO...'
   2400       A                                      COLOR(RED)
   2500       A                                      DSPATR(HI)
   2600       A* CMDPROMPT  Do not delete this DDS spec.
   2700       A                                019  2'Type Number, then press ENTER     -
   2800       A                                          '
   2900       A                                  3 10'V I N T A G E  C O M P U T E R  F -
   3000       A                                      E S T I V A L'
   3100       A                                  3 59'2 0 2 4'
   3200       A                                      DSPATR(HI)
   3300       A                                  4  2'Start Here'
   3400       A                                      DSPATR(HI)
                                                   -=* http://pub400.com *=-
 5770SS1 V7R5M0  220415                  Data Description               ASHIBATA2/VCFMAIN       26-09-07 17:22:54        Page    2
                                      Data Description Source
 SEQNBR  *...+....1....+....2....+....3....+....4....+....5....+....6....+....7....+....8  Date
   3500       A                                  5  7'1. Learn AS/400 Navigation'
   3600       A                                  6  7'2. IBM Midrange History'
   3700       A                                  7  7'3. About This System'
   3800       A                                  8  7'4. About Gertie the System/34'
   3900       A                                  9  2'Office Tasks'
   4000       A                                      DSPATR(HI)
   4100       A                                 10  7'5. Start OfficeVision/400'
   4200       A                                 11  7'6. Start a Calendar'
   4300       A                                 12  7'7. Start the Clock'
   4400       A                                 13  2'Entertainment'
   4500       A                                      DSPATR(HI)
   4600       A                                 14  7'8. Play Snake'
   4700       A                                 15  7'9. Play Yahtzee'
   4800       A                                 16  6'10. Play PacMan'
   4900       A                                  8 42'System Tasks'
   5000       A                                      DSPATR(HI)
   5100       A                                  9 47'80. Sign Off the System'
   5200       A                                 10 42'Administration'
   5300       A                                      DSPATR(HI)
   5400       A                                 11 47'90. Start Admin Menu'
   5500       A                                 13 34'Type the menu number you want and -
   5600       A                                      then'
   5700       A                                      DSPATR(HI)
   5800       A                                 14 34'press the ENTER key which is locat-
   5900       A                                      ed where'
   6000       A                                      DSPATR(HI)
   6100       A                                 15 34'the right CTRL key normally is on -
   6200       A                                      a PC'
   6300       A                                      DSPATR(HI)
   6400       A                                 16 34'keyboard. Or type the menu option -
   6500       A                                      you are'
   6600       A                                      DSPATR(HI)
   6700       A                                  4 42'Exhibit Tasks   '
   6800       A                                      DSPATR(HI)
   6900       A                                  5 47'11. Nominate Exhibit for Award'
   7000       A                                  6 47'12. Sign Exhibit Guestbook'
   7100       A                                 17 34'curious about and press the HELP k-
   7200       A                                      ey.'
   7300       A                                      DSPATR(HI)
   7400       A                                  7 47'13. Read a Guestbook Comment'
   7500       A          R #H0101
   7600       A*%%TS  SD  20230808  000454  QSECOFR     REL-V4R4M0  5769-PW1
   7700       A                                      TEXT('Help for Menu Option 01')
   7800       A                                      CLRL(*ALL)
   7900       A                                  1  2'HELP'
   8000       A                                      COLOR(BLU)
   8100       A                                  1  8'Learning'
   8200       A                                      DSPATR(HI)
   8300       A                                  1 17'about'
   8400       A                                      DSPATR(HI)
   8500       A                                  1 23'AS/400'
   8600       A                                      DSPATR(HI)
   8700       A                                  1 30'Navigation'
                                                   -=* http://pub400.com *=-
 5770SS1 V7R5M0  220415                  Data Description               ASHIBATA2/VCFMAIN       26-09-07 17:22:54        Page    3
                                      Data Description Source
 SEQNBR  *...+....1....+....2....+....3....+....4....+....5....+....6....+....7....+....8  Date
   8800       A                                      DSPATR(HI)
   8900       A                                  3  2'This'
   9000       A                                  3  7'menu'
   9100       A                                  3 12'option'
   9200       A                                  3 19'allows'
   9300       A                                  3 26'you'
   9400       A                                  3 30'to'
   9500       A                                  3 33'learn'
   9600       A                                  3 39'how'
   9700       A                                  3 43'to'
   9800       A                                  3 46'navigate'
   9900       A                                  3 55'using'
  10000       A                                  3 61'the'
  10100       A                                  3 65'122'
  10200       A                                  3 73'IBM'
  10300       A                                  4  2'terminal'
  10400       A                                  4 11'layout,'
  10500       A                                  4 19'as'
  10600       A                                  4 22'well'
  10700       A                                  4 27'as'
  10800       A                                  4 30'the'
  10900       A                                  4 34'quirks'
  11000       A                                  4 41'of'
  11100       A                                  4 44'keyboard'
  11200       A                                  4 53'navigation'
  11300       A                                  4 64'on'
  11400       A                                  4 67'the'
  11500       A                                  4 71'AS/400,'
  11600       A                                  5  2'System/36,'
  11700       A                                  5 13'and'
  11800       A                                  5 17'System/34.'
  11900       A                                  3 69'key'
  12000       A          R #H0202
  12100       A*%%TS  SD  20230808  001001  QSECOFR     REL-V4R4M0  5769-PW1
  12200       A                                      TEXT('Help for Menu Option 02')
  12300       A                                      CLRL(*ALL)
  12400       A                                  1  2'HELP'
  12500       A                                      COLOR(BLU)
  12600       A                                  1  8'About'
  12700       A                                      DSPATR(HI)
  12800       A                                  1 14'IBM'
  12900       A                                      DSPATR(HI)
  13000       A                                  1 18'Midrange'
  13100       A                                      DSPATR(HI)
  13200       A                                  1 27'History'
  13300       A                                      DSPATR(HI)
  13400       A                                  3  2'This'
  13500       A                                  3  7'option'
  13600       A                                  3 14'takes'
  13700       A                                  3 20'you'
  13800       A                                  3 24'through'
  13900       A                                  3 32'a'
  14000       A                                  3 34'tour'
                                                   -=* http://pub400.com *=-
 5770SS1 V7R5M0  220415                  Data Description               ASHIBATA2/VCFMAIN       26-09-07 17:22:54        Page    4
                                      Data Description Source
 SEQNBR  *...+....1....+....2....+....3....+....4....+....5....+....6....+....7....+....8  Date
  14100       A                                  3 39'of'
  14200       A                                  3 42'IBM'
  14300       A                                  3 46's'
  14400       A                                  3 48'history'
  14500       A                                  3 56'of'
  14600       A                                  3 59'Midrange'
  14700       A                                  3 68'computers,'
  14800       A                                  4  2'known'
  14900       A                                  4  8'to'
  15000       A                                  4 11'the'
  15100       A                                  4 15'rest'
  15200       A                                  4 20'of'
  15300       A                                  4 23'the'
  15400       A                                  4 27'computer'
  15500       A                                  4 36'as'
  15600       A                                  4 39'minicomputers.'
  15700       A                                  6  2'This'
  15800       A                                  6  7'tour'
  15900       A                                  6 12'will'
  16000       A                                  6 17'take'
  16100       A                                  6 22'you'
  16200       A                                  6 26'through'
  16300       A                                  6 34'the'
  16400       A                                  6 38'following'
  16500       A                                  6 48'virtual'
  16600       A                                  6 56'exhibits:'
  16700       A                                  8 10'The'
  16800       A                                  8 14'IBM'
  16900       A                                  8 18'System/3'
  17000       A                                  9 10'The'
  17100       A                                  9 14'IBM'
  17200       A                                  9 18'System/32'
  17300       A                                 10 10'The'
  17400       A                                 10 14'IBM'
  17500       A                                 10 18'System/34'
  17600       A                                 11 10'The'
  17700       A                                 11 14'IBM'
  17800       A                                 11 18'System/38'
  17900       A                                 12 10'The'
  18000       A                                 12 14'IBM'
  18100       A                                 12 18'System/36'
  18200       A                                 13 10'The'
  18300       A                                 13 14'History'
  18400       A                                 13 22'of'
  18500       A                                 13 25'Silverlake'
  18600       A                                 14 10'The'
  18700       A                                 14 14'IBM'
  18800       A                                 14 18'AS/400'
  18900       A                                 15 10'A'
  19000       A                                 15 12'Rebranding'
  19100       A                                 15 23'to'
  19200       A                                 15 26'iSeries'
  19300       A                                 16 10'The'
                                                   -=* http://pub400.com *=-
 5770SS1 V7R5M0  220415                  Data Description               ASHIBATA2/VCFMAIN       26-09-07 17:22:54        Page    5
                                      Data Description Source
 SEQNBR  *...+....1....+....2....+....3....+....4....+....5....+....6....+....7....+....8  Date
  19400       A                                 16 14'RS/6000'
  19500       A                                 16 22'Merge'
  19600       A                                 17 10'IBM'
  19700       A                                 17 14'i'
  19800       A                                 17 16'and'
  19900       A                                 17 20'POWER'
  20000       A                                 17 26'Series'
  20100       A                                 17 33'Today'
  20200       A          R #H0303
  20300       A*%%TS  SD  20230808  001001  QSECOFR     REL-V4R4M0  5769-PW1
  20400       A                                      TEXT('Help for Menu Option 03')
  20500       A                                      CLRL(*ALL)
  20600       A                                  1  2'HELP'
  20700       A                                      COLOR(BLU)
  20800       A                                  1  8'About'
  20900       A                                      DSPATR(HI)
  21000       A                                  1 14'This'
  21100       A                                      DSPATR(HI)
  21200       A                                  1 19'System'
  21300       A                                      DSPATR(HI)
  21400       A                                  3  2'This'
  21500       A                                  3  7'menu'
  21600       A                                  3 12'option'
  21700       A                                  3 19'brings'
  21800       A                                  3 26'you'
  21900       A                                  3 30'to'
  22000       A                                  3 33'a'
  22100       A                                  3 35'specs'
  22200       A                                  3 41'screen'
  22300       A                                  3 48'and'
  22400       A                                  3 52'brief'
  22500       A                                  3 58'history'
  22600       A                                  3 66'if'
  22700       A                                  3 69'known'
  22800       A                                  3 75'of'
  22900       A                                  3 78'the'
  23000       A                                  4  2'system'
  23100       A                                  4  9'that'
  23200       A                                  4 14'this'
  23300       A                                  4 19'demo'
  23400       A                                  4 24'is'
  23500       A                                  4 27'running'
  23600       A                                  4 35'on.'
  23700       A          R #H0404
  23800       A*%%TS  SD  20230808  001001  QSECOFR     REL-V4R4M0  5769-PW1
  23900       A                                      TEXT('Help for Menu Option 04')
  24000       A                                      CLRL(*ALL)
  24100       A                                  1  2'HELP'
  24200       A                                      COLOR(BLU)
  24300       A                                  1  8'Learn'
  24400       A                                      DSPATR(HI)
  24500       A                                  1 14'about'
  24600       A                                      DSPATR(HI)
                                                   -=* http://pub400.com *=-
 5770SS1 V7R5M0  220415                  Data Description               ASHIBATA2/VCFMAIN       26-09-07 17:22:54        Page    6
                                      Data Description Source
 SEQNBR  *...+....1....+....2....+....3....+....4....+....5....+....6....+....7....+....8  Date
  24700       A                                  1 20'Gertie'
  24800       A                                      DSPATR(HI)
  24900       A                                  3  2'Come'
  25000       A                                  3  7'learn'
  25100       A                                  3 13'about'
  25200       A                                  3 19'Gertie,'
  25300       A                                  3 27'our'
  25400       A                                  3 31'other'
  25500       A                                  3 37'system'
  25600       A                                  3 44'at'
  25700       A                                  3 47'Midrange'
  25800       A                                  3 56'Madness'
  25900       A                                  3 64'2024,'
  26000       A                                  3 70'a'
  26100       A                                  3 72'1970s'
  26200       A                                  4  2'IBM'
  26300       A                                  4  6'System/34'
  26400       A                                  4 16'midrange'
  26500       A                                  4 25'computer.'
  26600       A                                  4 35'You'
  26700       A                                  4 39'will'
  26800       A                                  4 44'learn'
  26900       A                                  4 50'about'
  27000       A                                  4 56'our'
  27100       A                                  4 60'restoration'
  27200       A                                  4 72'efforts,'
  27300       A                                  5  2'and'
  27400       A                                  5  6'its'
  27500       A                                  5 10'history'
  27600       A                                  5 18'prior'
  27700       A                                  5 24'to'
  27800       A                                  5 27'our'
  27900       A                                  5 31'obtaining'
  28000       A                                  5 41'the'
  28100       A                                  5 45'machine.'
  28200       A          R #H0505
  28300       A*%%TS  SD  20230808  001001  QSECOFR     REL-V4R4M0  5769-PW1
  28400       A                                      TEXT('Help for Menu Option 05')
  28500       A                                      CLRL(*ALL)
  28600       A                                  1  2'HELP'
  28700       A                                      COLOR(BLU)
  28800       A                                  1  8'What'
  28900       A                                      DSPATR(HI)
  29000       A                                  1 13'is'
  29100       A                                      DSPATR(HI)
  29200       A                                  1 16'OfficeVision/400?'
  29300       A                                      DSPATR(HI)
  29400       A                                  3  2'OfficeVision/400'
  29500       A                                  3 19'was'
  29600       A                                  3 23'the'
  29700       A                                  3 37'package'
  29800       A                                  3 45'offered'
  29900       A                                  3 53'by'
                                                   -=* http://pub400.com *=-
 5770SS1 V7R5M0  220415                  Data Description               ASHIBATA2/VCFMAIN       26-09-07 17:22:54        Page    7
                                      Data Description Source
 SEQNBR  *...+....1....+....2....+....3....+....4....+....5....+....6....+....7....+....8  Date
  30000       A                                  3 56'IBM'
  30100       A                                  3 60'from'
  30200       A                                  3 65'1988'
  30300       A                                  3 70'to'
  30400       A                                  3 73'approx.'
  30500       A                                  4  2'1998'
  30600       A                                  4  7'on'
  30700       A                                  4 10'the'
  30800       A                                  4 14'AS/400'
  30900       A                                  4 21'platform.'
  31000       A                                  4 31'It'
  31100       A                                  4 34'offered'
  31200       A                                  4 42'word'
  31300       A                                  4 47'processing,'
  31400       A                                  4 59'calendaring,'
  31500       A                                  5  2'document'
  31600       A                                  5 11'sharing,'
  31700       A                                  5 20'and'
  31800       A                                  5 24'many'
  31900       A                                  5 29'more'
  32000       A                                  5 34'options'
  32100       A                                  5 42'for'
  32200       A                                  5 46'getting'
  32300       A                                  5 54'your'
  32400       A                                  5 59'office'
  32500       A                                  5 66'productivity'
  32600       A                                  6  2'completed.'
  32700       A                                  3 27'groupware'
  32800       A          R #H1111
  32900       A*%%TS  SD  20230808  001001  QSECOFR     REL-V4R4M0  5769-PW1
  33000       A                                      TEXT('Help for Menu Option 11')
  33100       A                                      CLRL(*ALL)
  33200       A                                  1  2'HELP'
  33300       A                                      COLOR(BLU)
  33400       A                                  1  8'Nominating'
  33500       A                                      DSPATR(HI)
  33600       A                                  1 19'Exhibits'
  33700       A                                      DSPATR(HI)
  33800       A                                  1 28'for'
  33900       A                                      DSPATR(HI)
  34000       A                                  1 32'Awards'
  34100       A                                      DSPATR(HI)
  34200       A                                  3  2'Have'
  34300       A                                  3  7'you'
  34400       A                                  3 11'found'
  34500       A                                  3 17'an'
  34600       A                                  3 20'exhibit'
  34700       A                                  3 28'at'
  34800       A                                  3 31'Vintage'
  34900       A                                  3 39'Computer'
  35000       A                                  3 48'Festival'
  35100       A                                  3 57'that'
  35200       A                                  3 62'you'
                                                   -=* http://pub400.com *=-
 5770SS1 V7R5M0  220415                  Data Description               ASHIBATA2/VCFMAIN       26-09-07 17:22:54        Page    8
                                      Data Description Source
 SEQNBR  *...+....1....+....2....+....3....+....4....+....5....+....6....+....7....+....8  Date
  35300       A                                  3 66'think'
  35400       A                                  3 72'deserves'
  35500       A                                  4  2'an'
  35600       A                                  4  5'award?'
  35700       A                                  4 12'By'
  35800       A                                  4 15'taking'
  35900       A                                  4 22'advantage'
  36000       A                                  4 32'of'
  36100       A                                  4 35'the'
  36200       A                                  4 39'AS/400'
  36300       A                                  4 46'database'
  36400       A                                  4 55'capabilities,'
  36500       A                                  4 69'you'
  36600       A                                  4 73'too'
  36700       A                                  5  2'can'
  36800       A                                  5  6'nominate'
  36900       A                                  5 15'an'
  37000       A                                  5 18'exhibit'
  37100       A                                  5 26'for'
  37200       A                                  5 30'an'
  37300       A                                  5 33'award.'
  37400       A                                  5 40'Just'
  37500       A                                  5 45'look'
  37600       A                                  5 50'for'
  37700       A                                  5 54'the'
  37800       A                                  5 58'Exhibit'
  37900       A                                  5 66'ID'
  38000       A                                  5 69'number'
  38100       A                                  5 76'on'
  38200       A                                  6  2'each'
  38300       A                                  6  7'of'
  38400       A                                  6 10'the'
  38500       A                                  6 14'exhibit'
  38600       A                                  6 22'cards,'
  38700       A                                  6 29'and'
  38800       A                                  6 33'then'
  38900       A                                  6 38'just'
  39000       A                                  6 43'follow'
  39100       A                                  8  8'Type'
  39200       A                                  6 50'these'
  39300       A                                  6 56'easy'
  39400       A                                  6 61'steps:'
  39500       A                                  8 13'your'
  39600       A                                  8 18'SFGE'
  39700       A                                  8 23'badge'
  39800       A                                  8 29'number'
  39900       A                                  8 36'into'
  40000       A                                  8 41'the'
  40100       A                                  8 45'Badge'
  40200       A                                  8 51'Number'
  40300       A                                  8 58'field'
  40400       A                                  9  8'Type'
  40500       A                                  9 13'the'
                                                   -=* http://pub400.com *=-
 5770SS1 V7R5M0  220415                  Data Description               ASHIBATA2/VCFMAIN       26-09-07 17:22:54        Page    9
                                      Data Description Source
 SEQNBR  *...+....1....+....2....+....3....+....4....+....5....+....6....+....7....+....8  Date
  40600       A                                  9 17'Exhibit'
  40700       A                                  9 25'ID'
  40800       A                                  9 28'into'
  40900       A                                  9 33'the'
  41000       A                                  9 37'Exhibit'
  41100       A                                  9 45'ID'
  41200       A                                  9 48'field'
  41300       A                                 10  8'Type'
  41400       A                                 10 13'the'
  41500       A                                 10 17'award'
  41600       A                                 10 23'you'
  41700       A                                 10 27'are'
  41800       A                                 10 31'nominating'
  41900       A                                 10 42'for'
  42000       A                                 10 46'into'
  42100       A                                 10 51'the'
  42200       A                                 10 55'Award'
  42300       A                                 10 61'field'
  42400       A                                 11  8'Press'
  42500       A                                 11 14'ENTER'
  42600       A                                 13  2'Your'
  42700       A                                 13  7'vote'
  42800       A                                 13 12'will'
  42900       A                                 13 17'be'
  43000       A                                 13 20'saved.'
  43100       A                                 13 27'You'
  43200       A                                 13 31'may'
  43300       A                                 13 35'only'
  43400       A                                 13 40'nominate'
  43500       A                                 13 49'an'
  43600       A                                 13 52'exhibit'
  43700       A                                 13 60'once'
  43800       A                                 13 65'for'
  43900       A                                 13 69'a'
  44000       A                                 13 71'single'
  44100       A                                 14  2'award,'
  44200       A                                 14  9'so'
  44300       A                                 14 12'choose'
  44400       A                                 14 19'carefully.'
  44500       A                                 16  2'Results'
  44600       A                                 16 10'will'
  44700       A                                 16 15'be'
  44800       A                                 16 18'tallied'
  44900       A                                 16 26'and'
  45000       A                                 16 30'presented'
  45100       A                                 16 40'at'
  45200       A                                 16 43'the'
  45300       A                                 16 47'first'
  45400       A                                 16 53'AHCS'
  45500       A                                 16 58'meeting'
  45600       A                                 16 66'following'
  45700       A                                 16 76'VCF.'
  45800       A          R #H1212
                                                   -=* http://pub400.com *=-
 5770SS1 V7R5M0  220415                  Data Description               ASHIBATA2/VCFMAIN       26-09-07 17:22:54        Page   10
                                      Data Description Source
 SEQNBR  *...+....1....+....2....+....3....+....4....+....5....+....6....+....7....+....8  Date
  45900       A*%%TS  SD  20230808  001001  QSECOFR     REL-V4R4M0  5769-PW1
  46000       A                                      TEXT('Help for Menu Option 12')
  46100       A                                      CLRL(*ALL)
  46200       A                                  1  2'HELP'
  46300       A                                      COLOR(BLU)
  46400       A                                  1  8'Using'
  46500       A                                      DSPATR(HI)
  46600       A                                  1 14'the'
  46700       A                                      DSPATR(HI)
  46800       A                                  1 18'Guestbook'
  46900       A                                      DSPATR(HI)
  47000       A                                  3  2'If'
  47100       A                                  3  5'you'
  47200       A                                  3  9'have'
  47300       A                                  3 14'found'
  47400       A                                  3 20'an'
  47500       A                                  3 23'exhibit'
  47600       A                                  3 31'that'
  47700       A                                  3 36'you'
  47800       A                                  3 40'think'
  47900       A                                  3 46'is'
  48000       A                                  3 49'awesome,'
  48100       A                                  3 58'you'
  48200       A                                  3 62'can'
  48300       A                                  3 66'sign'
  48400       A                                  3 71'the'
  48500       A                                  4  2'exhibitor'
  48600       A                                  4 12'guestbook.'
  48700       A                                  4 23'Just'
  48800       A                                  4 28'look'
  48900       A                                  4 33'for'
  49000       A                                  4 37'the'
  49100       A                                  4 41'Exhibit'
  49200       A                                  4 49'ID'
  49300       A                                  4 52'on'
  49400       A                                  4 55'the'
  49500       A                                  4 59'exhibit'
  49600       A                                  4 67'placard,'
  49700       A                                  5  2'type'
  49800       A                                  5  7'it'
  49900       A                                  5 10'into'
  50000       A                                  5 15'the'
  50100       A                                  5 19'Exhibit'
  50200       A                                  5 27'ID'
  50300       A                                  5 30'field,'
  50400       A                                  5 37'and'
  50500       A                                  5 41'leave'
  50600       A                                  5 47'your'
  50700       A                                  5 52'comment.'
  50800       A                                  7  2'Guestbook'
  50900       A                                  7 12'comments'
  51000       A                                  7 21'will'
  51100       A                                  7 26'be'
                                                   -=* http://pub400.com *=-
 5770SS1 V7R5M0  220415                  Data Description               ASHIBATA2/VCFMAIN       26-09-07 17:22:54        Page   11
                                      Data Description Source
 SEQNBR  *...+....1....+....2....+....3....+....4....+....5....+....6....+....7....+....8  Date
  51200       A                                  7 29'shared'
  51300       A                                  7 36'with'
  51400       A                                  7 41'the'
  51500       A                                  7 45'exhibitor'
  51600       A                                  7 55'at'
  51700       A                                  7 58'the'
  51800       A                                  7 62'end'
  51900       A                                  7 66'of'
  52000       A                                  7 69'the'
  52100       A                                  7 73'show.'
                         * * * * *   E N D   O F   S O U R C E   * * * * *
                                                   -=* http://pub400.com *=-
 5770SS1 V7R5M0  220415                  Data Description               ASHIBATA2/VCFMAIN       26-09-07 17:22:54        Page   12
                                          Expanded Source
                                                                                          Field       Buffer position
 SEQNBR  *...+....1....+....2....+....3....+....4....+....5....+....6....+....7....+....8 length        Out     In
    400                                              DSPSIZ(24 80 *DS3                  -
    400                                                     27 132 *DS4) CHGINPDFT +
    700                                              INDARA PRINT(*LIBL/QSYSPRT)
    900                  R VCFMAIN                   DSPMOD(*DS3) LOCK SLNO(01) +
   1400                                              CLRL(*ALL) ALWROL CF03 HELP HOME +
   1900                                              HLPRTN
   2000                                          1 33'AS/400 DEMO MENU' DSPATR(HI) +         16
   2200                                              COLOR(WHT)
   2300                                          2  2'WELCOME TO...' COLOR(RED) +            13
   2500                                              DSPATR(HI)
   2700                                         19  2'Type Number, then press ENTER     -    38
   2700                                                  '
   2900                                          3 10'V I N T A G E  C O M P U T E R  F -    47
   2900                                              E S T I V A L'
   3100                                          3 59'2 0 2 4' DSPATR(HI)                     7
   3300                                          4  2'Start Here' DSPATR(HI)                 10
   3500                                          5  7'1. Learn AS/400 Navigation'            26
   3600                                          6  7'2. IBM Midrange History'               23
   3700                                          7  7'3. About This System'                  20
   3800                                          8  7'4. About Gertie the System/34'         29
   3900                                          9  2'Office Tasks' DSPATR(HI)               12
   4100                                         10  7'5. Start OfficeVision/400'             25
   4200                                         11  7'6. Start a Calendar'                   19
   4300                                         12  7'7. Start the Clock'                    18
   4400                                         13  2'Entertainment' DSPATR(HI)              13
   4600                                         14  7'8. Play Snake'                         13
   4700                                         15  7'9. Play Yahtzee'                       15
   4800                                         16  6'10. Play PacMan'                       15
   4900                                          8 42'System Tasks' DSPATR(HI)               12
   5100                                          9 47'80. Sign Off the System'               23
   5200                                         10 42'Administration' DSPATR(HI)             14
   5400                                         11 47'90. Start Admin Menu'                  20
   5500                                         13 34'Type the menu number you want and -    38
   5500                                              then' DSPATR(HI)
   5800                                         14 34'press the ENTER key which is locat-    42
   5800                                              ed where' DSPATR(HI)
   6100                                         15 34'the right CTRL key normally is on -    38
   6100                                              a PC' DSPATR(HI)
   6400                                         16 34'keyboard. Or type the menu option -    41
   6400                                              you are' DSPATR(HI)
   6700                                          4 42'Exhibit Tasks   ' DSPATR(HI)           16
   6900                                          5 47'11. Nominate Exhibit for Award'        30
   7000                                          6 47'12. Sign Exhibit Guestbook'            26
   7100                                         17 34'curious about and press the HELP k-    37
   7100                                              ey.' DSPATR(HI)
   7400                                          7 47'13. Read a Guestbook Comment'          28
   7500                  R #H0101                    TEXT('Help for Menu Option 01') +
   7800                                              CLRL(*ALL)
   7900                                          1  2'HELP' COLOR(BLU)                        4
   8100                                          1  8'Learning' DSPATR(HI)                    8
   8300                                          1 17'about' DSPATR(HI)                       5
   8500                                          1 23'AS/400' DSPATR(HI)                      6
   8700                                          1 30'Navigation' DSPATR(HI)                 10
                                                   -=* http://pub400.com *=-
 5770SS1 V7R5M0  220415                  Data Description               ASHIBATA2/VCFMAIN       26-09-07 17:22:54        Page   13
                                          Expanded Source
                                                                                          Field       Buffer position
 SEQNBR  *...+....1....+....2....+....3....+....4....+....5....+....6....+....7....+....8 length        Out     In
   8900                                          3  2'This'                                   4
   9000                                          3  7'menu'                                   4
   9100                                          3 12'option'                                 6
   9200                                          3 19'allows'                                 6
   9300                                          3 26'you'                                    3
   9400                                          3 30'to'                                     2
   9500                                          3 33'learn'                                  5
   9600                                          3 39'how'                                    3
   9700                                          3 43'to'                                     2
   9800                                          3 46'navigate'                               8
   9900                                          3 55'using'                                  5
  10000                                          3 61'the'                                    3
  10100                                          3 65'122'                                    3
  10200                                          3 73'IBM'                                    3
  10300                                          4  2'terminal'                               8
  10400                                          4 11'layout,'                                7
  10500                                          4 19'as'                                     2
  10600                                          4 22'well'                                   4
  10700                                          4 27'as'                                     2
  10800                                          4 30'the'                                    3
  10900                                          4 34'quirks'                                 6
  11000                                          4 41'of'                                     2
  11100                                          4 44'keyboard'                               8
  11200                                          4 53'navigation'                            10
  11300                                          4 64'on'                                     2
  11400                                          4 67'the'                                    3
  11500                                          4 71'AS/400,'                                7
  11600                                          5  2'System/36,'                            10
  11700                                          5 13'and'                                    3
  11800                                          5 17'System/34.'                            10
  11900                                          3 69'key'                                    3
  12000                  R #H0202                    TEXT('Help for Menu Option 02') +
  12300                                              CLRL(*ALL)
  12400                                          1  2'HELP' COLOR(BLU)                        4
  12600                                          1  8'About' DSPATR(HI)                       5
  12800                                          1 14'IBM' DSPATR(HI)                         3
  13000                                          1 18'Midrange' DSPATR(HI)                    8
  13200                                          1 27'History' DSPATR(HI)                     7
  13400                                          3  2'This'                                   4
  13500                                          3  7'option'                                 6
  13600                                          3 14'takes'                                  5
  13700                                          3 20'you'                                    3
  13800                                          3 24'through'                                7
  13900                                          3 32'a'                                      1
  14000                                          3 34'tour'                                   4
  14100                                          3 39'of'                                     2
  14200                                          3 42'IBM'                                    3
  14300                                          3 46's'                                      1
  14400                                          3 48'history'                                7
  14500                                          3 56'of'                                     2
  14600                                          3 59'Midrange'                               8
  14700                                          3 68'computers,'                            10
  14800                                          4  2'known'                                  5
                                                   -=* http://pub400.com *=-
 5770SS1 V7R5M0  220415                  Data Description               ASHIBATA2/VCFMAIN       26-09-07 17:22:54        Page   14
                                          Expanded Source
                                                                                          Field       Buffer position
 SEQNBR  *...+....1....+....2....+....3....+....4....+....5....+....6....+....7....+....8 length        Out     In
  14900                                          4  8'to'                                     2
  15000                                          4 11'the'                                    3
  15100                                          4 15'rest'                                   4
  15200                                          4 20'of'                                     2
  15300                                          4 23'the'                                    3
  15400                                          4 27'computer'                               8
  15500                                          4 36'as'                                     2
  15600                                          4 39'minicomputers.'                        14
  15700                                          6  2'This'                                   4
  15800                                          6  7'tour'                                   4
  15900                                          6 12'will'                                   4
  16000                                          6 17'take'                                   4
  16100                                          6 22'you'                                    3
  16200                                          6 26'through'                                7
  16300                                          6 34'the'                                    3
  16400                                          6 38'following'                              9
  16500                                          6 48'virtual'                                7
  16600                                          6 56'exhibits:'                              9
  16700                                          8 10'The'                                    3
  16800                                          8 14'IBM'                                    3
  16900                                          8 18'System/3'                               8
  17000                                          9 10'The'                                    3
  17100                                          9 14'IBM'                                    3
  17200                                          9 18'System/32'                              9
  17300                                         10 10'The'                                    3
  17400                                         10 14'IBM'                                    3
  17500                                         10 18'System/34'                              9
  17600                                         11 10'The'                                    3
  17700                                         11 14'IBM'                                    3
  17800                                         11 18'System/38'                              9
  17900                                         12 10'The'                                    3
  18000                                         12 14'IBM'                                    3
  18100                                         12 18'System/36'                              9
  18200                                         13 10'The'                                    3
  18300                                         13 14'History'                                7
  18400                                         13 22'of'                                     2
  18500                                         13 25'Silverlake'                            10
  18600                                         14 10'The'                                    3
  18700                                         14 14'IBM'                                    3
  18800                                         14 18'AS/400'                                 6
  18900                                         15 10'A'                                      1
  19000                                         15 12'Rebranding'                            10
  19100                                         15 23'to'                                     2
  19200                                         15 26'iSeries'                                7
  19300                                         16 10'The'                                    3
  19400                                         16 14'RS/6000'                                7
  19500                                         16 22'Merge'                                  5
  19600                                         17 10'IBM'                                    3
  19700                                         17 14'i'                                      1
  19800                                         17 16'and'                                    3
  19900                                         17 20'POWER'                                  5
  20000                                         17 26'Series'                                 6
  20100                                         17 33'Today'                                  5
                                                   -=* http://pub400.com *=-
 5770SS1 V7R5M0  220415                  Data Description               ASHIBATA2/VCFMAIN       26-09-07 17:22:54        Page   15
                                          Expanded Source
                                                                                          Field       Buffer position
 SEQNBR  *...+....1....+....2....+....3....+....4....+....5....+....6....+....7....+....8 length        Out     In
  20200                  R #H0303                    TEXT('Help for Menu Option 03') +
  20500                                              CLRL(*ALL)
  20600                                          1  2'HELP' COLOR(BLU)                        4
  20800                                          1  8'About' DSPATR(HI)                       5
  21000                                          1 14'This' DSPATR(HI)                        4
  21200                                          1 19'System' DSPATR(HI)                      6
  21400                                          3  2'This'                                   4
  21500                                          3  7'menu'                                   4
  21600                                          3 12'option'                                 6
  21700                                          3 19'brings'                                 6
  21800                                          3 26'you'                                    3
  21900                                          3 30'to'                                     2
  22000                                          3 33'a'                                      1
  22100                                          3 35'specs'                                  5
  22200                                          3 41'screen'                                 6
  22300                                          3 48'and'                                    3
  22400                                          3 52'brief'                                  5
  22500                                          3 58'history'                                7
  22600                                          3 66'if'                                     2
  22700                                          3 69'known'                                  5
  22800                                          3 75'of'                                     2
  22900                                          3 78'the'                                    3
  23000                                          4  2'system'                                 6
  23100                                          4  9'that'                                   4
  23200                                          4 14'this'                                   4
  23300                                          4 19'demo'                                   4
  23400                                          4 24'is'                                     2
  23500                                          4 27'running'                                7
  23600                                          4 35'on.'                                    3
  23700                  R #H0404                    TEXT('Help for Menu Option 04') +
  24000                                              CLRL(*ALL)
  24100                                          1  2'HELP' COLOR(BLU)                        4
  24300                                          1  8'Learn' DSPATR(HI)                       5
  24500                                          1 14'about' DSPATR(HI)                       5
  24700                                          1 20'Gertie' DSPATR(HI)                      6
  24900                                          3  2'Come'                                   4
  25000                                          3  7'learn'                                  5
  25100                                          3 13'about'                                  5
  25200                                          3 19'Gertie,'                                7
  25300                                          3 27'our'                                    3
  25400                                          3 31'other'                                  5
  25500                                          3 37'system'                                 6
  25600                                          3 44'at'                                     2
  25700                                          3 47'Midrange'                               8
  25800                                          3 56'Madness'                                7
  25900                                          3 64'2024,'                                  5
  26000                                          3 70'a'                                      1
  26100                                          3 72'1970s'                                  5
  26200                                          4  2'IBM'                                    3
  26300                                          4  6'System/34'                              9
  26400                                          4 16'midrange'                               8
  26500                                          4 25'computer.'                              9
  26600                                          4 35'You'                                    3
                                                   -=* http://pub400.com *=-
 5770SS1 V7R5M0  220415                  Data Description               ASHIBATA2/VCFMAIN       26-09-07 17:22:54        Page   16
                                          Expanded Source
                                                                                          Field       Buffer position
 SEQNBR  *...+....1....+....2....+....3....+....4....+....5....+....6....+....7....+....8 length        Out     In
  26700                                          4 39'will'                                   4
  26800                                          4 44'learn'                                  5
  26900                                          4 50'about'                                  5
  27000                                          4 56'our'                                    3
  27100                                          4 60'restoration'                           11
  27200                                          4 72'efforts,'                               8
  27300                                          5  2'and'                                    3
  27400                                          5  6'its'                                    3
  27500                                          5 10'history'                                7
  27600                                          5 18'prior'                                  5
  27700                                          5 24'to'                                     2
  27800                                          5 27'our'                                    3
  27900                                          5 31'obtaining'                              9
  28000                                          5 41'the'                                    3
  28100                                          5 45'machine.'                               8
  28200                  R #H0505                    TEXT('Help for Menu Option 05') +
  28500                                              CLRL(*ALL)
  28600                                          1  2'HELP' COLOR(BLU)                        4
  28800                                          1  8'What' DSPATR(HI)                        4
  29000                                          1 13'is' DSPATR(HI)                          2
  29200                                          1 16'OfficeVision/400?' DSPATR(HI)          17
  29400                                          3  2'OfficeVision/400'                      16
  29500                                          3 19'was'                                    3
  29600                                          3 23'the'                                    3
  29700                                          3 37'package'                                7
  29800                                          3 45'offered'                                7
  29900                                          3 53'by'                                     2
  30000                                          3 56'IBM'                                    3
  30100                                          3 60'from'                                   4
  30200                                          3 65'1988'                                   4
  30300                                          3 70'to'                                     2
  30400                                          3 73'approx.'                                7
  30500                                          4  2'1998'                                   4
  30600                                          4  7'on'                                     2
  30700                                          4 10'the'                                    3
  30800                                          4 14'AS/400'                                 6
  30900                                          4 21'platform.'                              9
  31000                                          4 31'It'                                     2
  31100                                          4 34'offered'                                7
  31200                                          4 42'word'                                   4
  31300                                          4 47'processing,'                           11
  31400                                          4 59'calendaring,'                          12
  31500                                          5  2'document'                               8
  31600                                          5 11'sharing,'                               8
  31700                                          5 20'and'                                    3
  31800                                          5 24'many'                                   4
  31900                                          5 29'more'                                   4
  32000                                          5 34'options'                                7
  32100                                          5 42'for'                                    3
  32200                                          5 46'getting'                                7
  32300                                          5 54'your'                                   4
  32400                                          5 59'office'                                 6
  32500                                          5 66'productivity'                          12
                                                   -=* http://pub400.com *=-
 5770SS1 V7R5M0  220415                  Data Description               ASHIBATA2/VCFMAIN       26-09-07 17:22:54        Page   17
                                          Expanded Source
                                                                                          Field       Buffer position
 SEQNBR  *...+....1....+....2....+....3....+....4....+....5....+....6....+....7....+....8 length        Out     In
  32600                                          6  2'completed.'                            10
  32700                                          3 27'groupware'                              9
  32800                  R #H1111                    TEXT('Help for Menu Option 11') +
  33100                                              CLRL(*ALL)
  33200                                          1  2'HELP' COLOR(BLU)                        4
  33400                                          1  8'Nominating' DSPATR(HI)                 10
  33600                                          1 19'Exhibits' DSPATR(HI)                    8
  33800                                          1 28'for' DSPATR(HI)                         3
  34000                                          1 32'Awards' DSPATR(HI)                      6
  34200                                          3  2'Have'                                   4
  34300                                          3  7'you'                                    3
  34400                                          3 11'found'                                  5
  34500                                          3 17'an'                                     2
  34600                                          3 20'exhibit'                                7
  34700                                          3 28'at'                                     2
  34800                                          3 31'Vintage'                                7
  34900                                          3 39'Computer'                               8
  35000                                          3 48'Festival'                               8
  35100                                          3 57'that'                                   4
  35200                                          3 62'you'                                    3
  35300                                          3 66'think'                                  5
  35400                                          3 72'deserves'                               8
  35500                                          4  2'an'                                     2
  35600                                          4  5'award?'                                 6
  35700                                          4 12'By'                                     2
  35800                                          4 15'taking'                                 6
  35900                                          4 22'advantage'                              9
  36000                                          4 32'of'                                     2
  36100                                          4 35'the'                                    3
  36200                                          4 39'AS/400'                                 6
  36300                                          4 46'database'                               8
  36400                                          4 55'capabilities,'                         13
  36500                                          4 69'you'                                    3
  36600                                          4 73'too'                                    3
  36700                                          5  2'can'                                    3
  36800                                          5  6'nominate'                               8
  36900                                          5 15'an'                                     2
  37000                                          5 18'exhibit'                                7
  37100                                          5 26'for'                                    3
  37200                                          5 30'an'                                     2
  37300                                          5 33'award.'                                 6
  37400                                          5 40'Just'                                   4
  37500                                          5 45'look'                                   4
  37600                                          5 50'for'                                    3
  37700                                          5 54'the'                                    3
  37800                                          5 58'Exhibit'                                7
  37900                                          5 66'ID'                                     2
  38000                                          5 69'number'                                 6
  38100                                          5 76'on'                                     2
  38200                                          6  2'each'                                   4
  38300                                          6  7'of'                                     2
  38400                                          6 10'the'                                    3
  38500                                          6 14'exhibit'                                7
                                                   -=* http://pub400.com *=-
 5770SS1 V7R5M0  220415                  Data Description               ASHIBATA2/VCFMAIN       26-09-07 17:22:54        Page   18
                                          Expanded Source
                                                                                          Field       Buffer position
 SEQNBR  *...+....1....+....2....+....3....+....4....+....5....+....6....+....7....+....8 length        Out     In
  38600                                          6 22'cards,'                                 6
  38700                                          6 29'and'                                    3
  38800                                          6 33'then'                                   4
  38900                                          6 38'just'                                   4
  39000                                          6 43'follow'                                 6
  39100                                          8  8'Type'                                   4
  39200                                          6 50'these'                                  5
  39300                                          6 56'easy'                                   4
  39400                                          6 61'steps:'                                 6
  39500                                          8 13'your'                                   4
  39600                                          8 18'SFGE'                                   4
  39700                                          8 23'badge'                                  5
  39800                                          8 29'number'                                 6
  39900                                          8 36'into'                                   4
  40000                                          8 41'the'                                    3
  40100                                          8 45'Badge'                                  5
  40200                                          8 51'Number'                                 6
  40300                                          8 58'field'                                  5
  40400                                          9  8'Type'                                   4
  40500                                          9 13'the'                                    3
  40600                                          9 17'Exhibit'                                7
  40700                                          9 25'ID'                                     2
  40800                                          9 28'into'                                   4
  40900                                          9 33'the'                                    3
  41000                                          9 37'Exhibit'                                7
  41100                                          9 45'ID'                                     2
  41200                                          9 48'field'                                  5
  41300                                         10  8'Type'                                   4
  41400                                         10 13'the'                                    3
  41500                                         10 17'award'                                  5
  41600                                         10 23'you'                                    3
  41700                                         10 27'are'                                    3
  41800                                         10 31'nominating'                            10
  41900                                         10 42'for'                                    3
  42000                                         10 46'into'                                   4
  42100                                         10 51'the'                                    3
  42200                                         10 55'Award'                                  5
  42300                                         10 61'field'                                  5
  42400                                         11  8'Press'                                  5
  42500                                         11 14'ENTER'                                  5
  42600                                         13  2'Your'                                   4
  42700                                         13  7'vote'                                   4
  42800                                         13 12'will'                                   4
  42900                                         13 17'be'                                     2
  43000                                         13 20'saved.'                                 6
  43100                                         13 27'You'                                    3
  43200                                         13 31'may'                                    3
  43300                                         13 35'only'                                   4
  43400                                         13 40'nominate'                               8
  43500                                         13 49'an'                                     2
  43600                                         13 52'exhibit'                                7
  43700                                         13 60'once'                                   4
  43800                                         13 65'for'                                    3
                                                   -=* http://pub400.com *=-
 5770SS1 V7R5M0  220415                  Data Description               ASHIBATA2/VCFMAIN       26-09-07 17:22:54        Page   19
                                          Expanded Source
                                                                                          Field       Buffer position
 SEQNBR  *...+....1....+....2....+....3....+....4....+....5....+....6....+....7....+....8 length        Out     In
  43900                                         13 69'a'                                      1
  44000                                         13 71'single'                                 6
  44100                                         14  2'award,'                                 6
  44200                                         14  9'so'                                     2
  44300                                         14 12'choose'                                 6
  44400                                         14 19'carefully.'                            10
  44500                                         16  2'Results'                                7
  44600                                         16 10'will'                                   4
  44700                                         16 15'be'                                     2
  44800                                         16 18'tallied'                                7
  44900                                         16 26'and'                                    3
  45000                                         16 30'presented'                              9
  45100                                         16 40'at'                                     2
  45200                                         16 43'the'                                    3
  45300                                         16 47'first'                                  5
  45400                                         16 53'AHCS'                                   4
  45500                                         16 58'meeting'                                7
  45600                                         16 66'following'                              9
  45700                                         16 76'VCF.'                                   4
  45800                  R #H1212                    TEXT('Help for Menu Option 12') +
  46100                                              CLRL(*ALL)
  46200                                          1  2'HELP' COLOR(BLU)                        4
  46400                                          1  8'Using' DSPATR(HI)                       5
  46600                                          1 14'the' DSPATR(HI)                         3
  46800                                          1 18'Guestbook' DSPATR(HI)                   9
  47000                                          3  2'If'                                     2
  47100                                          3  5'you'                                    3
  47200                                          3  9'have'                                   4
  47300                                          3 14'found'                                  5
  47400                                          3 20'an'                                     2
  47500                                          3 23'exhibit'                                7
  47600                                          3 31'that'                                   4
  47700                                          3 36'you'                                    3
  47800                                          3 40'think'                                  5
  47900                                          3 46'is'                                     2
  48000                                          3 49'awesome,'                               8
  48100                                          3 58'you'                                    3
  48200                                          3 62'can'                                    3
  48300                                          3 66'sign'                                   4
  48400                                          3 71'the'                                    3
  48500                                          4  2'exhibitor'                              9
  48600                                          4 12'guestbook.'                            10
  48700                                          4 23'Just'                                   4
  48800                                          4 28'look'                                   4
  48900                                          4 33'for'                                    3
  49000                                          4 37'the'                                    3
  49100                                          4 41'Exhibit'                                7
  49200                                          4 49'ID'                                     2
  49300                                          4 52'on'                                     2
  49400                                          4 55'the'                                    3
  49500                                          4 59'exhibit'                                7
  49600                                          4 67'placard,'                               8
  49700                                          5  2'type'                                   4
                                                   -=* http://pub400.com *=-
 5770SS1 V7R5M0  220415                  Data Description               ASHIBATA2/VCFMAIN       26-09-07 17:22:54        Page   20
                                          Expanded Source
                                                                                          Field       Buffer position
 SEQNBR  *...+....1....+....2....+....3....+....4....+....5....+....6....+....7....+....8 length        Out     In
  49800                                          5  7'it'                                     2
  49900                                          5 10'into'                                   4
  50000                                          5 15'the'                                    3
  50100                                          5 19'Exhibit'                                7
  50200                                          5 27'ID'                                     2
  50300                                          5 30'field,'                                 6
  50400                                          5 37'and'                                    3
  50500                                          5 41'leave'                                  5
  50600                                          5 47'your'                                   4
  50700                                          5 52'comment.'                               8
  50800                                          7  2'Guestbook'                              9
  50900                                          7 12'comments'                               8
  51000                                          7 21'will'                                   4
  51100                                          7 26'be'                                     2
  51200                                          7 29'shared'                                 6
  51300                                          7 36'with'                                   4
  51400                                          7 41'the'                                    3
  51500                                          7 45'exhibitor'                              9
  51600                                          7 55'at'                                     2
  51700                                          7 58'the'                                    3
  51800                                          7 62'end'                                    3
  51900                                          7 66'of'                                     2
  52000                                          7 69'the'                                    3
  52100                                          7 73'show.'                                  5
                 * * * * *   E N D   O F   E X P A N D E D   S O U R C E   * * * * *
                                                   -=* http://pub400.com *=-
 5770SS1 V7R5M0  220415                  Data Description               ASHIBATA2/VCFMAIN       26-09-07 17:22:54        Page   21
                                             Messages
    ID      Severity  Number
* CPD5235      10        1      Message . . . . :   Record name same as name of file being created.
* CPD8018      10        2      Message . . . . :   Keyword may not function as expected with DSPMOD.
* CPD8111      10        1      Message . . . . :   Record may not function as expected.
                                                   -=* http://pub400.com *=-
 5770SS1 V7R5M0  220415                  Data Description               ASHIBATA2/VCFMAIN       26-09-07 17:22:54        Page   22
                                          Message Summary
    Total          Informational          Warning        Error       Severe
                       (0-9)              (10-19)       (20-29)      (30-99)
        4                 0                    4             0            0
* CPC7301      00               Message . . . . :   File VCFMAIN created in library ASHIBATA2.
                         * * * * *   E N D   O F   C O M P I L A T I O N   * * * * *
                                                   -=* http://pub400.com *=-
 5770SS1 V7R5M0  220415                  Data Description               ASHIBATA2/MAIN          26-09-07 17:22:54        Page    1
 File name . . . . . . . . . . . . . . . . . . . . . :   MAIN
   Library name  . . . . . . . . . . . . . . . . . . :   ASHIBATA2
 File attribute  . . . . . . . . . . . . . . . . . . :   Display
 Source file containing DDS  . . . . . . . . . . . . :   QMNUSRC
   Library name  . . . . . . . . . . . . . . . . . . :   ASHIBATA1
 Source member containing DDS  . . . . . . . . . . . :   MAIN
 Source member last changed  . . . . . . . . . . . . :   26-09-07  17:20:59
 Source listing options  . . . . . . . . . . . . . . :   *SOURCE    *LIST      *NOSECLVL  *NOEVENTF
 DDS generation severity level . . . . . . . . . . . :   20
 DDS flagging severity level . . . . . . . . . . . . :   00
 Authority . . . . . . . . . . . . . . . . . . . . . :   *LIBCRTAUT
 Replace file  . . . . . . . . . . . . . . . . . . . :   *YES
 Text  . . . . . . . . . . . . . . . . . . . . . . . :
 Compiler  . . . . . . . . . . . . . . . . . . . . . :   IBM System i5 Data Description Processor
                                      Data Description Source
 SEQNBR  *...+....1....+....2....+....3....+....4....+....5....+....6....+....7....+....8  Date
    100       A* Free Form Menu: MAIN
    200       A*%%TS  SD  20230807  211053  QSECOFR     REL-V4R4M0  5769-PW1
    300       A*%%EC
    400       A                                      DSPSIZ(24 80 *DS3                  -
    500       A                                             27 132 *DS4)
    600       A                                      CHGINPDFT
    700       A                                      INDARA
    800       A                                      PRINT(*LIBL/QSYSPRT)
    900       A          R MAIN
*                  CPD5235-.*********
*                  CPD8111-**********
   1000       A*%%TS  SD  20230807  211053  QSECOFR     REL-V4R4M0  5769-PW1
   1100       A                                      DSPMOD(*DS3)
   1200       A                                      LOCK
   1300       A                                      SLNO(01)
   1400       A                                      CLRL(*ALL)
*                                            CPD8018-*
   1500       A                                      ALWROL
*                                            CPD8018-*
   1600       A                                      CF03
   1700       A                                      HELP
   1800       A                                      HOME
   1900       A                                      HLPRTN
   2000       A                                  1  2'MAIN'
   2100       A                                      COLOR(BLU)
   2200       A                                  3  2'           V I N T A G E  C '
   2300       A                                      COLOR(BLU)
   2400       A                                  5  7' H'
   2500       A                                  6  7'1.'
   2600       A                                  7  7'2.'
   2700       A* CMDPROMPT  Do not delete this DDS spec.
   2800       A                                019  2'Type Number, Press ENTER (right CT-
   2900       A                                      RL) '
   3000       A                                  2  2'Welcome'
   3100       A                                  2 10'to...'
   3200       A                                  3 32'M'
   3300       A                                  3 34'P'
   3400       A                                  3 36'U'
                                                   -=* http://pub400.com *=-
 5770SS1 V7R5M0  220415                  Data Description               ASHIBATA2/MAIN          26-09-07 17:22:54        Page    2
                                      Data Description Source
 SEQNBR  *...+....1....+....2....+....3....+....4....+....5....+....6....+....7....+....8  Date
   3500       A                                  3 38'T'
   3600       A                                  3 40'E'
   3700       A                                  3 42'R'
   3800       A                                  3 45'F'
   3900       A                                  3 47'E'
   4000       A                                  3 49'S'
   4100       A                                  3 51'T'
   4200       A                                  3 53'I'
   4300       A                                  3 55'V'
   4400       A                                  3 57'A'
   4500       A                                  3 59'L'
   4600       A                                  6 10'Learn'
   4700       A                                  6 16'AS/400'
   4800       A                                  6 23'Navigation'
   4900       A                                  7 10'IBM'
   5000       A                                  7 14'Midrange'
   5100       A                                  7 23'History'
   5200       A                                  5 45'Democratic'
   5300       A                                  5 56'Tasks'
   5400       A                                  6 49'11.'
   5500       A                                  6 53'Nominate'
   5600       A                                  6 62'Exhibit'
   5700       A                                  6 70'for'
   5800       A                                  6 74'Award'
   5900       A                                  7 49'12.'
   6000       A                                  7 53'Sign'
   6100       A                                  7 58'Exhibit'
   6200       A                                  7 66'Guestbook'
   6300       A                                  8  7'3.'
   6400       A                                  8 10'About'
   6500       A                                  8 16'This'
   6600       A                                  8 21'System'
   6700       A                                  9  7'4.'
   6800       A                                  9 10'About'
   6900       A                                  9 17'Gertie'
   7000       A                                  9 25'(System/'
   7100       A                                  9 45'System'
   7200       A                                  9 52'Tasks'
   7300       A                                 10 49'80.'
   7400       A                                 10 53'Sign'
   7500       A                                 10 58'Off'
   7600       A                                 11  2'Office'
   7700       A                                 11  9'Tasks'
   7800       A                                 12  7'5.'
   7900       A                                 12 10'Start'
   8000       A                                 12 16'OfficeVision/400'
   8100       A                                 12 45'Administration'
   8200       A                                 13  7'6.'
   8300       A                                 13 10'Start'
   8400       A                                 13 16'the'
   8500       A                                 13 20'Calendar'
   8600       A                                 13 49'90.'
   8700       A                                 13 53'Go'
                                                   -=* http://pub400.com *=-
 5770SS1 V7R5M0  220415                  Data Description               ASHIBATA2/MAIN          26-09-07 17:22:54        Page    3
                                      Data Description Source
 SEQNBR  *...+....1....+....2....+....3....+....4....+....5....+....6....+....7....+....8  Date
   8800       A                                 13 56'to'
   8900       A                                 13 59'Admin'
   9000       A                                 13 65'Menu'
   9100       A                                 14  7'7.'
   9200       A                                 14 10'Start'
   9300       A                                 14 16'the'
   9400       A                                 14 20'Clock'
   9500       A                                 16  2'Entertainment'
   9600       A                                 17  7'8.'
   9700       A                                 17 10'Play'
   9800       A                                 17 15'Snake'
   9900       A                                 18  7'9.'
  10000       A                                 18 10'Play'
  10100       A                                 18 15'Yahtzee'
  10200       A                                  3 62'2'
  10300       A                                  3 64'0'
  10400       A                                  3 66'2'
  10500       A                                  3 68'4'
  10600       A                                 17 23'10.'
  10700       A                                 17 27'Play'
  10800       A                                 17 32'Pac-MAN'
                         * * * * *   E N D   O F   S O U R C E   * * * * *
                                                   -=* http://pub400.com *=-
 5770SS1 V7R5M0  220415                  Data Description               ASHIBATA2/MAIN          26-09-07 17:22:54        Page    4
                                          Expanded Source
                                                                                          Field       Buffer position
 SEQNBR  *...+....1....+....2....+....3....+....4....+....5....+....6....+....7....+....8 length        Out     In
    400                                              DSPSIZ(24 80 *DS3                  -
    400                                                     27 132 *DS4) CHGINPDFT +
    700                                              INDARA PRINT(*LIBL/QSYSPRT)
    900                  R MAIN                      DSPMOD(*DS3) LOCK SLNO(01) +
   1400                                              CLRL(*ALL) ALWROL CF03 HELP HOME +
   1900                                              HLPRTN
   2000                                          1  2'MAIN' COLOR(BLU)                        4
   2200                                          3  2'           V I N T A G E  C ' +        28
   2300                                              COLOR(BLU)
   2400                                          5  7' H'                                     2
   2500                                          6  7'1.'                                     2
   2600                                          7  7'2.'                                     2
   2800                                         19  2'Type Number, Press ENTER (right CT-    38
   2800                                              RL) '
   3000                                          2  2'Welcome'                                7
   3100                                          2 10'to...'                                  5
   3200                                          3 32'M'                                      1
   3300                                          3 34'P'                                      1
   3400                                          3 36'U'                                      1
   3500                                          3 38'T'                                      1
   3600                                          3 40'E'                                      1
   3700                                          3 42'R'                                      1
   3800                                          3 45'F'                                      1
   3900                                          3 47'E'                                      1
   4000                                          3 49'S'                                      1
   4100                                          3 51'T'                                      1
   4200                                          3 53'I'                                      1
   4300                                          3 55'V'                                      1
   4400                                          3 57'A'                                      1
   4500                                          3 59'L'                                      1
   4600                                          6 10'Learn'                                  5
   4700                                          6 16'AS/400'                                 6
   4800                                          6 23'Navigation'                            10
   4900                                          7 10'IBM'                                    3
   5000                                          7 14'Midrange'                               8
   5100                                          7 23'History'                                7
   5200                                          5 45'Democratic'                            10
   5300                                          5 56'Tasks'                                  5
   5400                                          6 49'11.'                                    3
   5500                                          6 53'Nominate'                               8
   5600                                          6 62'Exhibit'                                7
   5700                                          6 70'for'                                    3
   5800                                          6 74'Award'                                  5
   5900                                          7 49'12.'                                    3
   6000                                          7 53'Sign'                                   4
   6100                                          7 58'Exhibit'                                7
   6200                                          7 66'Guestbook'                              9
   6300                                          8  7'3.'                                     2
   6400                                          8 10'About'                                  5
   6500                                          8 16'This'                                   4
   6600                                          8 21'System'                                 6
   6700                                          9  7'4.'                                     2
   6800                                          9 10'About'                                  5
                                                   -=* http://pub400.com *=-
 5770SS1 V7R5M0  220415                  Data Description               ASHIBATA2/MAIN          26-09-07 17:22:54        Page    5
                                          Expanded Source
                                                                                          Field       Buffer position
 SEQNBR  *...+....1....+....2....+....3....+....4....+....5....+....6....+....7....+....8 length        Out     In
   6900                                          9 17'Gertie'                                 6
   7000                                          9 25'(System/'                               8
   7100                                          9 45'System'                                 6
   7200                                          9 52'Tasks'                                  5
   7300                                         10 49'80.'                                    3
   7400                                         10 53'Sign'                                   4
   7500                                         10 58'Off'                                    3
   7600                                         11  2'Office'                                 6
   7700                                         11  9'Tasks'                                  5
   7800                                         12  7'5.'                                     2
   7900                                         12 10'Start'                                  5
   8000                                         12 16'OfficeVision/400'                      16
   8100                                         12 45'Administration'                        14
   8200                                         13  7'6.'                                     2
   8300                                         13 10'Start'                                  5
   8400                                         13 16'the'                                    3
   8500                                         13 20'Calendar'                               8
   8600                                         13 49'90.'                                    3
   8700                                         13 53'Go'                                     2
   8800                                         13 56'to'                                     2
   8900                                         13 59'Admin'                                  5
   9000                                         13 65'Menu'                                   4
   9100                                         14  7'7.'                                     2
   9200                                         14 10'Start'                                  5
   9300                                         14 16'the'                                    3
   9400                                         14 20'Clock'                                  5
   9500                                         16  2'Entertainment'                         13
   9600                                         17  7'8.'                                     2
   9700                                         17 10'Play'                                   4
   9800                                         17 15'Snake'                                  5
   9900                                         18  7'9.'                                     2
  10000                                         18 10'Play'                                   4
  10100                                         18 15'Yahtzee'                                7
  10200                                          3 62'2'                                      1
  10300                                          3 64'0'                                      1
  10400                                          3 66'2'                                      1
  10500                                          3 68'4'                                      1
  10600                                         17 23'10.'                                    3
  10700                                         17 27'Play'                                   4
  10800                                         17 32'Pac-MAN'                                7
                 * * * * *   E N D   O F   E X P A N D E D   S O U R C E   * * * * *
                                                   -=* http://pub400.com *=-
 5770SS1 V7R5M0  220415                  Data Description               ASHIBATA2/MAIN          26-09-07 17:22:54        Page    6
                                             Messages
    ID      Severity  Number
* CPD5235      10        1      Message . . . . :   Record name same as name of file being created.
* CPD8018      10        2      Message . . . . :   Keyword may not function as expected with DSPMOD.
* CPD8111      10        1      Message . . . . :   Record may not function as expected.
                                                   -=* http://pub400.com *=-
 5770SS1 V7R5M0  220415                  Data Description               ASHIBATA2/MAIN          26-09-07 17:22:54        Page    7
                                          Message Summary
    Total          Informational          Warning        Error       Severe
                       (0-9)              (10-19)       (20-29)      (30-99)
        4                 0                    4             0            0
* CPC7301      00               Message . . . . :   File MAIN created in library ASHIBATA2.
                         * * * * *   E N D   O F   C O M P I L A T I O N   * * * * *
                                                   -=* http://pub400.com *=-
 5770SS1 V7R5M0  220415                  Data Description               ASHIBATA2/ADMMAIN       26-09-07 17:22:54        Page    1
 File name . . . . . . . . . . . . . . . . . . . . . :   ADMMAIN
   Library name  . . . . . . . . . . . . . . . . . . :   ASHIBATA2
 File attribute  . . . . . . . . . . . . . . . . . . :   Display
 Source file containing DDS  . . . . . . . . . . . . :   QMNUSRC
   Library name  . . . . . . . . . . . . . . . . . . :   ASHIBATA1
 Source member containing DDS  . . . . . . . . . . . :   ADMMAIN
 Source member last changed  . . . . . . . . . . . . :   26-09-07  17:20:54
 Source listing options  . . . . . . . . . . . . . . :   *SOURCE    *LIST      *NOSECLVL  *NOEVENTF
 DDS generation severity level . . . . . . . . . . . :   20
 DDS flagging severity level . . . . . . . . . . . . :   00
 Authority . . . . . . . . . . . . . . . . . . . . . :   *LIBCRTAUT
 Replace file  . . . . . . . . . . . . . . . . . . . :   *YES
 Text  . . . . . . . . . . . . . . . . . . . . . . . :
 Compiler  . . . . . . . . . . . . . . . . . . . . . :   IBM System i5 Data Description Processor
                                      Data Description Source
 SEQNBR  *...+....1....+....2....+....3....+....4....+....5....+....6....+....7....+....8  Date
    100       A* Free Form Menu: ADMMAIN
    200       A*%%TS  SD  20231028  184947  QSECOFR     REL-V4R4M0  5769-PW1
    300       A*%%EC
    400       A                                      DSPSIZ(24 80 *DS3                  -
    500       A                                             27 132 *DS4)
    600       A                                      CHGINPDFT
    700       A                                      INDARA
    800       A                                      PRINT(*LIBL/QSYSPRT)
    900       A          R ADMMAIN
*                  CPD5235-.*********
*                  CPD8111-**********
   1000       A*%%TS  SD  20231028  184947  QSECOFR     REL-V4R4M0  5769-PW1
   1100       A                                      DSPMOD(*DS3)
   1200       A                                      LOCK
   1300       A                                      SLNO(01)
   1400       A                                      CLRL(*ALL)
*                                            CPD8018-*
   1500       A                                      ALWROL
*                                            CPD8018-*
   1600       A                                      CF03
   1700       A                                      HELP
   1800       A                                      HOME
   1900       A                                      HLPRTN
   2000       A                                  1  2'ADMMAIN'
   2100       A                                      COLOR(BLU)
   2200       A                                  1 33'VCF/400 - Admin Menu'
   2300       A                                      DSPATR(HI)
   2400       A                                  3  2'Select one of the following:'
   2500       A                                      COLOR(BLU)
   2600       A                                  5  7'1. Create New Exhibit'
   2700       A                                  6  7'2. Edit Existing Exhibit'
   2800       A                                  7  7'3. Moderate Comment'
   2900       A                                  8  7'4. End All Voting'
   3000       A                                  9  7'5. View Voting Statistics'
   3100       A                                 10  7'6.'
   3200       A                                 11  7'7.'
   3300       A                                 12  7'8.'
   3400       A                                 13  7'9.'
                                                   -=* http://pub400.com *=-
 5770SS1 V7R5M0  220415                  Data Description               ASHIBATA2/ADMMAIN       26-09-07 17:22:54        Page    2
                                      Data Description Source
 SEQNBR  *...+....1....+....2....+....3....+....4....+....5....+....6....+....7....+....8  Date
   3500       A                                 14  6'10.'
   3600       A* CMDPROMPT  Do not delete this DDS spec.
   3700       A                                019  2'Selection or command              -
   3800       A                                          '
                         * * * * *   E N D   O F   S O U R C E   * * * * *
                                                   -=* http://pub400.com *=-
 5770SS1 V7R5M0  220415                  Data Description               ASHIBATA2/ADMMAIN       26-09-07 17:22:54        Page    3
                                          Expanded Source
                                                                                          Field       Buffer position
 SEQNBR  *...+....1....+....2....+....3....+....4....+....5....+....6....+....7....+....8 length        Out     In
    400                                              DSPSIZ(24 80 *DS3                  -
    400                                                     27 132 *DS4) CHGINPDFT +
    700                                              INDARA PRINT(*LIBL/QSYSPRT)
    900                  R ADMMAIN                   DSPMOD(*DS3) LOCK SLNO(01) +
   1400                                              CLRL(*ALL) ALWROL CF03 HELP HOME +
   1900                                              HLPRTN
   2000                                          1  2'ADMMAIN' COLOR(BLU)                     7
   2200                                          1 33'VCF/400 - Admin Menu' DSPATR(HI)       20
   2400                                          3  2'Select one of the following:' +        28
   2500                                              COLOR(BLU)
   2600                                          5  7'1. Create New Exhibit'                 21
   2700                                          6  7'2. Edit Existing Exhibit'              24
   2800                                          7  7'3. Moderate Comment'                   19
   2900                                          8  7'4. End All Voting'                     17
   3000                                          9  7'5. View Voting Statistics'             25
   3100                                         10  7'6.'                                     2
   3200                                         11  7'7.'                                     2
   3300                                         12  7'8.'                                     2
   3400                                         13  7'9.'                                     2
   3500                                         14  6'10.'                                    3
   3700                                         19  2'Selection or command              -    38
   3700                                                  '
                 * * * * *   E N D   O F   E X P A N D E D   S O U R C E   * * * * *
                                                   -=* http://pub400.com *=-
 5770SS1 V7R5M0  220415                  Data Description               ASHIBATA2/ADMMAIN       26-09-07 17:22:54        Page    4
                                             Messages
    ID      Severity  Number
* CPD5235      10        1      Message . . . . :   Record name same as name of file being created.
* CPD8018      10        2      Message . . . . :   Keyword may not function as expected with DSPMOD.
* CPD8111      10        1      Message . . . . :   Record may not function as expected.
                                                   -=* http://pub400.com *=-
 5770SS1 V7R5M0  220415                  Data Description               ASHIBATA2/ADMMAIN       26-09-07 17:22:54        Page    5
                                          Message Summary
    Total          Informational          Warning        Error       Severe
                       (0-9)              (10-19)       (20-29)      (30-99)
        4                 0                    4             0            0
* CPC7301      00               Message . . . . :   File ADMMAIN created in library ASHIBATA2.
                         * * * * *   E N D   O F   C O M P I L A T I O N   * * * * *
                                                   -=* http://pub400.com *=-
 5770WDS V7R5M0  220415 RN        IBM ILE RPG             ASHIBATA2/NTRSTIT        PUB400     26-09-07 17:22:54        Page      1
  Command  . . . . . . . . . . . . :   CRTBNDRPG
    Issued by  . . . . . . . . . . :     ASHIBATA
  Program  . . . . . . . . . . . . :   NTRSTIT
    Library  . . . . . . . . . . . :     ASHIBATA2
  Text 'description' . . . . . . . :   *SRCMBRTXT
  Source Member  . . . . . . . . . :   NTRSTIT
  Source File  . . . . . . . . . . :   QRPGLESRC
    Library  . . . . . . . . . . . :     ASHIBATA1
    CCSID  . . . . . . . . . . . . :     273
  Text 'description' . . . . . . . :
  Last Change  . . . . . . . . . . :   26-09-07  17:21:57
  Generation severity level  . . . :   10
  Default activation group . . . . :   *YES
  Compiler options . . . . . . . . :   *XREF      *GEN       *NOSECLVL  *SHOWCPY
                                       *EXPDDS    *EXT       *NOSHOWSKP *NOSRCSTMT
                                       *DEBUGIO   *UNREF     *NOEVENTF
  Debugging views  . . . . . . . . :   *SOURCE
  Debug encryption key . . . . . . :   *NONE
  Output . . . . . . . . . . . . . :   *PRINT
  Optimization level . . . . . . . :   *NONE
  Source listing indentation . . . :   *NONE
  Type conversion options  . . . . :   *NONE
  Sort sequence  . . . . . . . . . :   *HEX
  Language identifier  . . . . . . :   *JOBRUN
  Replace program  . . . . . . . . :   *YES
  User profile . . . . . . . . . . :   *USER
  Authority  . . . . . . . . . . . :   *LIBCRTAUT
  Truncate numeric . . . . . . . . :   *YES
  Fix numeric  . . . . . . . . . . :   *NONE
  Target release . . . . . . . . . :   *CURRENT
  Allow null values  . . . . . . . :   *NO
  Define condition names . . . . . :   *NONE
  Enable performance collection  . :   *PEP
  Profiling data . . . . . . . . . :   *NOCOL
  Licensed Internal Code options . :
  Generate program interface . . . :   *NO
  Include directory  . . . . . . . :
  Preprocessor options . . . . . . :   *NONE
  Require prototype for export . . :   *NO
                                                   -=* http://pub400.com *=-
 5770WDS V7R5M0  220415 RN        IBM ILE RPG             ASHIBATA2/NTRSTIT        PUB400     26-09-07 17:22:54        Page      2
Line   <---------------------- Source Specifications ----------------------------><---- Comments ----> Do  Page  Change Src Seq
Number ....1....+....2....+....3....+....4....+....5....+....6....+....7....+....8....+....9....+...10 Num Line  Date   Id  Number
                          S o u r c e   L i s t i n g
     1 FINTERSCR  CF   E             WORKSTN                                                                     000000     000100
     2 C*    *ENTRY        PLIST                                                                                 000000     000200
     3 C*                  PARM                    LAUNCH           20                                           000000     000300
     4 C*                  MOVEL     LAUNCH        PARMOUT                                                       000000     000400
        *--------------------------------------------------------------------------------------------*
        *                               RPG name         External name                               *
        * File name. . . . . . . . . :  INTERSCR         ASHIBATA2/INTERSCR                          *
        * Record format(s) . . . . . :  INTERTEST        INTERTEST                                   *
        *--------------------------------------------------------------------------------------------*
     5=IINTERTEST                                                                                                          1000001
        *--------------------------------------------------------------------------------------------*                     1
        * RPG record format  . . . . :  INTERTEST                                                    *                     1
        * External format  . . . . . :  INTERTEST : ASHIBATA2/INTERSCR                               *                     1
        *--------------------------------------------------------------------------------------------*                     1
     6 C                                                                                                         000000     000500
     7 C                   EXFMT     INTERTEST                                                                   000000     000600
     8 C                                                                                                         000000     000700
     9 C                   MOVEL     *ON           *INLR                                                         000000     000800
    10 C                   RETURN                                                                                000000     000900
    11=OINTERTEST                                                                                                          2000001
        *--------------------------------------------------------------------------------------------*                     2
        * RPG record format  . . . . :  INTERTEST                                                    *                     2
        * External format  . . . . . :  INTERTEST : ASHIBATA2/INTERSCR                               *                     2
        *--------------------------------------------------------------------------------------------*                     2
       * * * * *   E N D   O F   S O U R C E   * * * * *
                                                   -=* http://pub400.com *=-
 5770WDS V7R5M0  220415 RN        IBM ILE RPG             ASHIBATA2/NTRSTIT        PUB400     26-09-07 17:22:54        Page      3
          A d d i t i o n a l   D i a g n o s t i c   M e s s a g e s
 Msg id  Sv Number Seq     Message text
 * * * * *   E N D   O F   A D D I T I O N A L   D I A G N O S T I C   M E S S A G E S   * * * * *
                                                   -=* http://pub400.com *=-
 5770WDS V7R5M0  220415 RN        IBM ILE RPG             ASHIBATA2/NTRSTIT        PUB400     26-09-07 17:22:54        Page      4
                          C r o s s   R e f e r e n c e
      File and Record References:
         File              Device             References (D=Defined)
           Record
         INTERSCR          WORKSTN                 1D
           INTERTEST                               1D      5       7      11
      Global Field References:
         Field             Attributes         References (D=Defined M=Modified)
         *INLR             N(1)                    9M
      Indicator References:
         Indicator                            References (D=Defined M=Modified)
         LR                                        9M
       * * * * *   E N D   O F   C R O S S   R E F E R E N C E   * * * * *
                                                   -=* http://pub400.com *=-
 5770WDS V7R5M0  220415 RN        IBM ILE RPG             ASHIBATA2/NTRSTIT        PUB400     26-09-07 17:22:54        Page      5
                      E x t e r n a l   R e f e r e n c e s
      Statically bound procedures:
         Procedure                            References
         No references in the source.
      Imported fields:
         Field             Attributes         Defined
         No references in the source.
      Exported fields:
         Field             Attributes         Defined
         No references in the source.
   * * * * *   E N D   O F   E X T E R N A L   R E F E R E N C E S   * * * * *
                                                   -=* http://pub400.com *=-
 5770WDS V7R5M0  220415 RN        IBM ILE RPG             ASHIBATA2/NTRSTIT        PUB400     26-09-07 17:22:54        Page      6
                          M e s s a g e   S u m m a r y
 Msg id  Sv Number Message text
       * * * * *   E N D   O F   M E S S A G E   S U M M A R Y   * * * * *
                                                   -=* http://pub400.com *=-
 5770WDS V7R5M0  220415 RN        IBM ILE RPG             ASHIBATA2/NTRSTIT        PUB400     26-09-07 17:22:54        Page      7
                            F i n a l   S u m m a r y
  Message Totals:
    Information  (00) . . . . . . . :        0
    Warning      (10) . . . . . . . :        0
    Error        (20) . . . . . . . :        0
    Severe Error (30+)  . . . . . . :        0
    ---------------------------------  -------
    Total . . . . . . . . . . . . . :        0
  Source Totals:
    Records . . . . . . . . . . . . :       11
    Specifications  . . . . . . . . :        8
    Data records  . . . . . . . . . :        0
    Comments  . . . . . . . . . . . :        3
         * * * * *   E N D   O F   F I N A L   S U M M A R Y   * * * * *
Program NTRSTIT placed in library ASHIBATA2. 00 highest severity. Created on 26-09-07 at 17:22:54.
          * * * * *   E N D   O F   C O M P I L A T I O N   * * * * *
                                                   -=* http://pub400.com *=-
 5770WDS V7R5M0  220415 RN        IBM ILE RPG             ASHIBATA2/PARAMETER      PUB400     26-09-07 17:22:54        Page      1
  Command  . . . . . . . . . . . . :   CRTBNDRPG
    Issued by  . . . . . . . . . . :     ASHIBATA
  Program  . . . . . . . . . . . . :   PARAMETER
    Library  . . . . . . . . . . . :     ASHIBATA2
  Text 'description' . . . . . . . :   *SRCMBRTXT
  Source Member  . . . . . . . . . :   PARAMETER
  Source File  . . . . . . . . . . :   QRPGLESRC
    Library  . . . . . . . . . . . :     ASHIBATA1
    CCSID  . . . . . . . . . . . . :     273
  Text 'description' . . . . . . . :
  Last Change  . . . . . . . . . . :   26-09-07  17:22:05
  Generation severity level  . . . :   10
  Default activation group . . . . :   *YES
  Compiler options . . . . . . . . :   *XREF      *GEN       *NOSECLVL  *SHOWCPY
                                       *EXPDDS    *EXT       *NOSHOWSKP *NOSRCSTMT
                                       *DEBUGIO   *UNREF     *NOEVENTF
  Debugging views  . . . . . . . . :   *SOURCE
  Debug encryption key . . . . . . :   *NONE
  Output . . . . . . . . . . . . . :   *PRINT
  Optimization level . . . . . . . :   *NONE
  Source listing indentation . . . :   *NONE
  Type conversion options  . . . . :   *NONE
  Sort sequence  . . . . . . . . . :   *HEX
  Language identifier  . . . . . . :   *JOBRUN
  Replace program  . . . . . . . . :   *YES
  User profile . . . . . . . . . . :   *USER
  Authority  . . . . . . . . . . . :   *LIBCRTAUT
  Truncate numeric . . . . . . . . :   *YES
  Fix numeric  . . . . . . . . . . :   *NONE
  Target release . . . . . . . . . :   *CURRENT
  Allow null values  . . . . . . . :   *NO
  Define condition names . . . . . :   *NONE
  Enable performance collection  . :   *PEP
  Profiling data . . . . . . . . . :   *NOCOL
  Licensed Internal Code options . :
  Generate program interface . . . :   *NO
  Include directory  . . . . . . . :
  Preprocessor options . . . . . . :   *NONE
  Require prototype for export . . :   *NO
                                                   -=* http://pub400.com *=-
 5770WDS V7R5M0  220415 RN        IBM ILE RPG             ASHIBATA2/PARAMETER      PUB400     26-09-07 17:22:54        Page      2
Line   <---------------------- Source Specifications ----------------------------><---- Comments ----> Do  Page  Change Src Seq
Number ....1....+....2....+....3....+....4....+....5....+....6....+....7....+....8....+....9....+...10 Num Line  Date   Id  Number
                          S o u r c e   L i s t i n g
     1  *Open Display File TESTSUITE, this contains our display fields                                           000000     000100
     2 FTESTSUITE CF   E             WORKSTN                                                                     000000     000200
     3  *Set up our parameter list, this is roughly equivalent to argc and argv in                               000000     000300
        *--------------------------------------------------------------------------------------------*
        *                               RPG name         External name                               *
        * File name. . . . . . . . . :  TESTSUITE        ASHIBATA2/TESTSUITE                         *
        * Record format(s) . . . . . :  TESTPARM         TESTPARM                                    *
        *--------------------------------------------------------------------------------------------*
     4=ITESTPARM                                                                                                           1000001
        *--------------------------------------------------------------------------------------------*                     1
        * RPG record format  . . . . :  TESTPARM                                                     *                     1
        * External format  . . . . . :  TESTPARM : ASHIBATA2/TESTSUITE                               *                     1
        *--------------------------------------------------------------------------------------------*                     1
     5=I                             A    1    5  SOMETHING                                                                1000002
     6 C     *ENTRY        PLIST                                                                                 000000     000400
     7 C                   PARM                    LAUNCH           20                                           000000     000500
     8 C                   PARM                    LAUNCH2          20                                           000000     000600
     9  *Copy the contents of our LAUNCH parm into field PARMOUT defined in TESTSU                               000000     000700
    10 C                   MOVEL     LAUNCH        PARMOUT                                                       000000     000800
    11 C                   MOVEL     LAUNCH2       PARMOUT2                                                      000000     000900
    12  *Now we show the TESTPARM screen from TESTSUITE                                                          000000     001000
    13 C                   EXFMT     TESTPARM                                                                    000000     001100
    14  *Free memory and exit program (return to caller)                                                         000000     001200
    15 C                   MOVEL     *ON           *INLR                                                         000000     001300
    16 C                   RETURN                                                                                000000     001400
    17=OTESTPARM                                                                                                           2000001
        *--------------------------------------------------------------------------------------------*                     2
        * RPG record format  . . . . :  TESTPARM                                                     *                     2
        * External format  . . . . . :  TESTPARM : ASHIBATA2/TESTSUITE                               *                     2
        *--------------------------------------------------------------------------------------------*                     2
    18=O                       *IN80                1N CHAR        1                                                       2000002
    19=O                       PARMOUT             21A CHAR       20                                                       2000003
    20=O                       SOMETHING           26A CHAR        5                                                       2000004
    21=O                       PARMOUT2            46A CHAR       20                                                       2000005
       * * * * *   E N D   O F   S O U R C E   * * * * *
                                                   -=* http://pub400.com *=-
 5770WDS V7R5M0  220415 RN        IBM ILE RPG             ASHIBATA2/PARAMETER      PUB400     26-09-07 17:22:54        Page      3
          A d d i t i o n a l   D i a g n o s t i c   M e s s a g e s
 Msg id  Sv Number Seq     Message text
 * * * * *   E N D   O F   A D D I T I O N A L   D I A G N O S T I C   M E S S A G E S   * * * * *
                 O u t p u t   B u f f e r   P o s i t i o n s
Line   Start End   Field or Constant
Number Pos   Pos
    18     1     1 *IN80
    19     2    21 PARMOUT
    20    22    26 SOMETHING
    21    27    46 PARMOUT2
 * * * * *   E N D   O F   O U T P U T   B U F F E R   P O S I T I O N   *  * * * *
                                                   -=* http://pub400.com *=-
 5770WDS V7R5M0  220415 RN        IBM ILE RPG             ASHIBATA2/PARAMETER      PUB400     26-09-07 17:22:54        Page      4
                          C r o s s   R e f e r e n c e
      File and Record References:
         File              Device             References (D=Defined)
           Record
         TESTSUITE         WORKSTN                 2D
           TESTPARM                                2D      4      13      17
      Global Field References:
         Field             Attributes         References (D=Defined M=Modified)
         *ENTRY            PLIST                   6D
         *INLR             N(1)                   15M
         *IN80             N(1)                   18
         LAUNCH            A(20)                   7D     10
                           BASED(_QRNL_PRM+)
         LAUNCH2           A(20)                   8D     11
                           BASED(_QRNL_PRM+)
         PARMOUT           A(20)                  10M     19
         PARMOUT2          A(20)                  11M     21
         SOMETHING         A(5)                    5M     20
      Indicator References:
         Indicator                            References (D=Defined M=Modified)
         *IN                                      18
         LR                                       15M
       * * * * *   E N D   O F   C R O S S   R E F E R E N C E   * * * * *
                                                   -=* http://pub400.com *=-
 5770WDS V7R5M0  220415 RN        IBM ILE RPG             ASHIBATA2/PARAMETER      PUB400     26-09-07 17:22:54        Page      5
                      E x t e r n a l   R e f e r e n c e s
      Statically bound procedures:
         Procedure                            References
         No references in the source.
      Imported fields:
         Field             Attributes         Defined
         No references in the source.
      Exported fields:
         Field             Attributes         Defined
         No references in the source.
   * * * * *   E N D   O F   E X T E R N A L   R E F E R E N C E S   * * * * *
                                                   -=* http://pub400.com *=-
 5770WDS V7R5M0  220415 RN        IBM ILE RPG             ASHIBATA2/PARAMETER      PUB400     26-09-07 17:22:54        Page      6
                          M e s s a g e   S u m m a r y
 Msg id  Sv Number Message text
       * * * * *   E N D   O F   M E S S A G E   S U M M A R Y   * * * * *
                                                   -=* http://pub400.com *=-
 5770WDS V7R5M0  220415 RN        IBM ILE RPG             ASHIBATA2/PARAMETER      PUB400     26-09-07 17:22:54        Page      7
                            F i n a l   S u m m a r y
  Message Totals:
    Information  (00) . . . . . . . :        0
    Warning      (10) . . . . . . . :        0
    Error        (20) . . . . . . . :        0
    Severe Error (30+)  . . . . . . :        0
    ---------------------------------  -------
    Total . . . . . . . . . . . . . :        0
  Source Totals:
    Records . . . . . . . . . . . . :       21
    Specifications  . . . . . . . . :       16
    Data records  . . . . . . . . . :        0
    Comments  . . . . . . . . . . . :        5
         * * * * *   E N D   O F   F I N A L   S U M M A R Y   * * * * *
Program PARAMETER placed in library ASHIBATA2. 00 highest severity. Created on 26-09-07 at 17:22:54.
          * * * * *   E N D   O F   C O M P I L A T I O N   * * * * *
                                                   -=* http://pub400.com *=-
 5770WDS V7R5M0  220415 RN        IBM ILE RPG             ASHIBATA2/PRTLSTVOTE     PUB400     26-09-07 17:22:54        Page      1
  Command  . . . . . . . . . . . . :   CRTBNDRPG
    Issued by  . . . . . . . . . . :     ASHIBATA
  Program  . . . . . . . . . . . . :   PRTLSTVOTE
    Library  . . . . . . . . . . . :     ASHIBATA2
  Text 'description' . . . . . . . :   *SRCMBRTXT
  Source Member  . . . . . . . . . :   PRTLSTVOTE
  Source File  . . . . . . . . . . :   QRPGLESRC
    Library  . . . . . . . . . . . :     ASHIBATA1
    CCSID  . . . . . . . . . . . . :     273
  Text 'description' . . . . . . . :
  Last Change  . . . . . . . . . . :   26-09-07  17:22:12
  Generation severity level  . . . :   10
  Default activation group . . . . :   *YES
  Compiler options . . . . . . . . :   *XREF      *GEN       *NOSECLVL  *SHOWCPY
                                       *EXPDDS    *EXT       *NOSHOWSKP *NOSRCSTMT
                                       *DEBUGIO   *UNREF     *NOEVENTF
  Debugging views  . . . . . . . . :   *SOURCE
  Debug encryption key . . . . . . :   *NONE
  Output . . . . . . . . . . . . . :   *PRINT
  Optimization level . . . . . . . :   *NONE
  Source listing indentation . . . :   *NONE
  Type conversion options  . . . . :   *NONE
  Sort sequence  . . . . . . . . . :   *HEX
  Language identifier  . . . . . . :   *JOBRUN
  Replace program  . . . . . . . . :   *YES
  User profile . . . . . . . . . . :   *USER
  Authority  . . . . . . . . . . . :   *LIBCRTAUT
  Truncate numeric . . . . . . . . :   *YES
  Fix numeric  . . . . . . . . . . :   *NONE
  Target release . . . . . . . . . :   *CURRENT
  Allow null values  . . . . . . . :   *NO
  Define condition names . . . . . :   *NONE
  Enable performance collection  . :   *PEP
  Profiling data . . . . . . . . . :   *NOCOL
  Licensed Internal Code options . :
  Generate program interface . . . :   *NO
  Include directory  . . . . . . . :
  Preprocessor options . . . . . . :   *NONE
  Require prototype for export . . :   *NO
                                                   -=* http://pub400.com *=-
 5770WDS V7R5M0  220415 RN        IBM ILE RPG             ASHIBATA2/PRTLSTVOTE     PUB400     26-09-07 17:22:54        Page      2
Line   <---------------------- Source Specifications ----------------------------><---- Comments ----> Do  Page  Change Src Seq
Number ....1....+....2....+....3....+....4....+....5....+....6....+....7....+....8....+....9....+...10 Num Line  Date   Id  Number
                          S o u r c e   L i s t i n g
     1 FVOTINGDB  IF   E           K DISK                                                                        000000     000100
        *--------------------------------------------------------------------------------------------*
        *                               RPG name         External name                               *
        * File name. . . . . . . . . :  VOTINGDB         ASHIBATA2/VOTINGDB                          *
        * Record format(s) . . . . . :  VOTINGREC        VOTINGREC                                   *
        *--------------------------------------------------------------------------------------------*
     2 FVOTEPRTF  O    E             PRINTER OFLIND(*IN01)                                                       000000     000200
        *--------------------------------------------------------------------------------------------*
        *                               RPG name         External name                               *
        * File name. . . . . . . . . :  VOTEPRTF         ASHIBATA2/VOTEPRTF                          *
        * Record format(s) . . . . . :  RCD001           RCD001                                      *
        *                               RCD002           RCD002                                      *
        *                               RCD003           RCD003                                      *
        *                               EXHBOUT          EXHBOUT                                     *
        *--------------------------------------------------------------------------------------------*
     3 DID               S              4P 0                                                                     000000     000300
     4=IVOTINGREC                                                                                                          1000001
        *--------------------------------------------------------------------------------------------*                     1
        * RPG record format  . . . . :  VOTINGREC                                                    *                     1
        * External format  . . . . . :  VOTINGREC : ASHIBATA2/VOTINGDB                               *                     1
        *--------------------------------------------------------------------------------------------*                     1
     5=I                             B    1    2 0BADGENBR                                                                 1000002
     6=I                             B    3    4 0AWARDNBR                                                                 1000003
     7=I                             A    5   13  EXHBNBR                                                                  1000004
     8 C                   WRITE     RCD001                                                                      000000     000400
     9 C                                                                                                         000000     000500
    10 C     *LOVAL        SETLL     VOTINGDB                                                                    000000     000600
    11 C                   READ      VOTINGDB                                                                    000000     000700
    12 C                                                                                                         000000     000800
    13 C                   DOU       %EOF(VOTINGDB)                                                    B01       000000     000900
    14 C                   READ      VOTINGDB                                                           01       000000     001000
    15 C                   ENDDO                                                                       E01       000000     001100
    16 C                                                                                               E01       000000     001200
    17 C                   WRITE     RCD002                                                                      000000     001300
    18 C                   WRITE     RCD003                                                                      000000     001400
    19 C                   WRITE     EXHBOUT                                                                     000000     001500
    20 C                                                                                                         000000     001600
    21 C                   MOVEL     *ON           *INLR                                                         000000     001700
    22 C                   RETURN                                                                                000000     001800
    23=ORCD001                                                                                                             2000001
        *--------------------------------------------------------------------------------------------*                     2
        * RPG record format  . . . . :  RCD001                                                       *                     2
        * External format  . . . . . :  RCD001 : ASHIBATA2/VOTEPRTF                                  *                     2
        *--------------------------------------------------------------------------------------------*                     2
    24=ORCD002                                                                                                             3000001
                                                   -=* http://pub400.com *=-
 5770WDS V7R5M0  220415 RN        IBM ILE RPG             ASHIBATA2/PRTLSTVOTE     PUB400     26-09-07 17:22:54        Page      3
Line   <---------------------- Source Specifications ----------------------------><---- Comments ----> Do  Page  Change Src Seq
Number ....1....+....2....+....3....+....4....+....5....+....6....+....7....+....8....+....9....+...10 Num Line  Date   Id  Number
        *--------------------------------------------------------------------------------------------*                     3
        * RPG record format  . . . . :  RCD002                                                       *                     3
        * External format  . . . . . :  RCD002 : ASHIBATA2/VOTEPRTF                                  *                     3
        *--------------------------------------------------------------------------------------------*                     3
    25=O                       BADGENBR             4S ZONE      4,0                                                       3000002
    26=ORCD003                                                                                                             4000001
        *--------------------------------------------------------------------------------------------*                     4
        * RPG record format  . . . . :  RCD003                                                       *                     4
        * External format  . . . . . :  RCD003 : ASHIBATA2/VOTEPRTF                                  *                     4
        *--------------------------------------------------------------------------------------------*                     4
    27=O                       AWARDNBR             3S ZONE      3,0                                                       4000002
    28=OEXHBOUT                                                                                                            5000001
        *--------------------------------------------------------------------------------------------*                     5
        * RPG record format  . . . . :  EXHBOUT                                                      *                     5
        * External format  . . . . . :  EXHBOUT : ASHIBATA2/VOTEPRTF                                 *                     5
        *--------------------------------------------------------------------------------------------*                     5
    29=O                       EXHBNBR              9A CHAR        9                                                       5000002
       * * * * *   E N D   O F   S O U R C E   * * * * *
                                                   -=* http://pub400.com *=-
 5770WDS V7R5M0  220415 RN        IBM ILE RPG             ASHIBATA2/PRTLSTVOTE     PUB400     26-09-07 17:22:54        Page      4
          A d d i t i o n a l   D i a g n o s t i c   M e s s a g e s
 Msg id  Sv Number Seq     Message text
*RNF7066 00      1 000100  Record-Format VOTINGREC not used for input or output.
 * * * * *   E N D   O F   A D D I T I O N A L   D I A G N O S T I C   M E S S A G E S   * * * * *
                 O u t p u t   B u f f e r   P o s i t i o n s
Line   Start End   Field or Constant
Number Pos   Pos
    25     1     4 BADGENBR
    27     1     3 AWARDNBR
    29     1     9 EXHBNBR
 * * * * *   E N D   O F   O U T P U T   B U F F E R   P O S I T I O N   *  * * * *
                                                   -=* http://pub400.com *=-
 5770WDS V7R5M0  220415 RN        IBM ILE RPG             ASHIBATA2/PRTLSTVOTE     PUB400     26-09-07 17:22:54        Page      5
                    K e y   F i e l d   I n f o r m a t i o n
         File           Internal    External
           Record       field name  field name  Attributes
      1  VOTINGDB
           VOTINGREC
                        BADGENBR                BIN2      4,0 SIGNED
 * * * * *   E N D   O F   K E Y   F I E L D   I N F O R M A T I O N   * * * * *
                                                   -=* http://pub400.com *=-
 5770WDS V7R5M0  220415 RN        IBM ILE RPG             ASHIBATA2/PRTLSTVOTE     PUB400     26-09-07 17:22:54        Page      6
                          C r o s s   R e f e r e n c e
      File and Record References:
         File              Device             References (D=Defined)
           Record
         VOTEPRTF          PRINTER                 2D
           RCD001                                  2D      8      23
           RCD002                                  2D     17      24
           RCD003                                  2D     18      26
           EXHBOUT                                 2D     19      28
         VOTINGDB          DISK                    1D     10      11      13
                                                  14
           VOTINGREC                               1D      4
      Global Field References:
         Field             Attributes         References (D=Defined M=Modified)
         *INLR             N(1)                   21M
*RNF7031 *IN01             N(1)                    2D
         AWARDNBR          P(3,0)                  6M     27
         BADGENBR          P(4,0)                  5M     25
         EXHBNBR           A(9)                    7M     29
*RNF7031 ID                P(4,0)                  3D
      Indicator References:
         Indicator                            References (D=Defined M=Modified)
*RNF7031 01                                        2D
         LR                                       21M
       * * * * *   E N D   O F   C R O S S   R E F E R E N C E   * * * * *
                                                   -=* http://pub400.com *=-
 5770WDS V7R5M0  220415 RN        IBM ILE RPG             ASHIBATA2/PRTLSTVOTE     PUB400     26-09-07 17:22:54        Page      7
                      E x t e r n a l   R e f e r e n c e s
      Statically bound procedures:
         Procedure                            References
         No references in the source.
      Imported fields:
         Field             Attributes         Defined
         No references in the source.
      Exported fields:
         Field             Attributes         Defined
         No references in the source.
   * * * * *   E N D   O F   E X T E R N A L   R E F E R E N C E S   * * * * *
                                                   -=* http://pub400.com *=-
 5770WDS V7R5M0  220415 RN        IBM ILE RPG             ASHIBATA2/PRTLSTVOTE     PUB400     26-09-07 17:22:54        Page      8
                          M e s s a g e   S u m m a r y
 Msg id  Sv Number Message text
*RNF7031 00      2 The name or indicator is not referenced.
*RNF7066 00      1 Record-Format name of Externally-Described file is not used.
       * * * * *   E N D   O F   M E S S A G E   S U M M A R Y   * * * * *
                                                   -=* http://pub400.com *=-
 5770WDS V7R5M0  220415 RN        IBM ILE RPG             ASHIBATA2/PRTLSTVOTE     PUB400     26-09-07 17:22:54        Page      9
                            F i n a l   S u m m a r y
  Message Totals:
    Information  (00) . . . . . . . :        3
    Warning      (10) . . . . . . . :        0
    Error        (20) . . . . . . . :        0
    Severe Error (30+)  . . . . . . :        0
    ---------------------------------  -------
    Total . . . . . . . . . . . . . :        3
  Source Totals:
    Records . . . . . . . . . . . . :       29
    Specifications  . . . . . . . . :       29
    Data records  . . . . . . . . . :        0
    Comments  . . . . . . . . . . . :        0
         * * * * *   E N D   O F   F I N A L   S U M M A R Y   * * * * *
Program PRTLSTVOTE placed in library ASHIBATA2. 00 highest severity. Created on 26-09-07 at 17:22:54.
          * * * * *   E N D   O F   C O M P I L A T I O N   * * * * *
                                                   -=* http://pub400.com *=-
 5770WDS V7R5M0  220415 RN        IBM ILE RPG             ASHIBATA2/PRTLSTCMT      PUB400     26-09-07 17:22:54        Page      1
  Command  . . . . . . . . . . . . :   CRTBNDRPG
    Issued by  . . . . . . . . . . :     ASHIBATA
  Program  . . . . . . . . . . . . :   PRTLSTCMT
    Library  . . . . . . . . . . . :     ASHIBATA2
  Text 'description' . . . . . . . :   *SRCMBRTXT
  Source Member  . . . . . . . . . :   PRTLSTCMT
  Source File  . . . . . . . . . . :   QRPGLESRC
    Library  . . . . . . . . . . . :     ASHIBATA1
    CCSID  . . . . . . . . . . . . :     273
  Text 'description' . . . . . . . :
  Last Change  . . . . . . . . . . :   26-09-07  17:22:10
  Generation severity level  . . . :   10
  Default activation group . . . . :   *YES
  Compiler options . . . . . . . . :   *XREF      *GEN       *NOSECLVL  *SHOWCPY
                                       *EXPDDS    *EXT       *NOSHOWSKP *NOSRCSTMT
                                       *DEBUGIO   *UNREF     *NOEVENTF
  Debugging views  . . . . . . . . :   *SOURCE
  Debug encryption key . . . . . . :   *NONE
  Output . . . . . . . . . . . . . :   *PRINT
  Optimization level . . . . . . . :   *NONE
  Source listing indentation . . . :   *NONE
  Type conversion options  . . . . :   *NONE
  Sort sequence  . . . . . . . . . :   *HEX
  Language identifier  . . . . . . :   *JOBRUN
  Replace program  . . . . . . . . :   *YES
  User profile . . . . . . . . . . :   *USER
  Authority  . . . . . . . . . . . :   *LIBCRTAUT
  Truncate numeric . . . . . . . . :   *YES
  Fix numeric  . . . . . . . . . . :   *NONE
  Target release . . . . . . . . . :   *CURRENT
  Allow null values  . . . . . . . :   *NO
  Define condition names . . . . . :   *NONE
  Enable performance collection  . :   *PEP
  Profiling data . . . . . . . . . :   *NOCOL
  Licensed Internal Code options . :
  Generate program interface . . . :   *NO
  Include directory  . . . . . . . :
  Preprocessor options . . . . . . :   *NONE
  Require prototype for export . . :   *NO
                                                   -=* http://pub400.com *=-
 5770WDS V7R5M0  220415 RN        IBM ILE RPG             ASHIBATA2/PRTLSTCMT      PUB400     26-09-07 17:22:54        Page      2
Line   <---------------------- Source Specifications ----------------------------><---- Comments ----> Do  Page  Change Src Seq
Number ....1....+....2....+....3....+....4....+....5....+....6....+....7....+....8....+....9....+...10 Num Line  Date   Id  Number
                          S o u r c e   L i s t i n g
     1 FGUESTBKDB IF   E           K DISK                                                                        000000     000100
        *--------------------------------------------------------------------------------------------*
        *                               RPG name         External name                               *
        * File name. . . . . . . . . :  GUESTBKDB        ASHIBATA2/GUESTBKDB                         *
        * Record format(s) . . . . . :  GUESTBKRCD       GUESTBKRCD                                  *
        *--------------------------------------------------------------------------------------------*
     2 FCMTPRTF   O    E             PRINTER OFLIND(*IN01)                                                       000000     000200
        *--------------------------------------------------------------------------------------------*
        *                               RPG name         External name                               *
        * File name. . . . . . . . . :  CMTPRTF          ASHIBATA2/CMTPRTF                           *
        * Record format(s) . . . . . :  RCD001           RCD001                                      *
        *                               RCD002           RCD002                                      *
        *                               RCD003           RCD003                                      *
        *                               CMTNBR           CMTNBR                                      *
        *                               CMTDETAIL        CMTDETAIL                                   *
        *--------------------------------------------------------------------------------------------*
     3 DID               S              4P 0                                                                     000000     000300
     4=IGUESTBKRCD                                                                                                         1000001
        *--------------------------------------------------------------------------------------------*                     1
        * RPG record format  . . . . :  GUESTBKRCD                                                   *                     1
        * External format  . . . . . :  GUESTBKRCD : ASHIBATA2/GUESTBKDB                             *                     1
        *--------------------------------------------------------------------------------------------*                     1
     5=I                             B    1    2 0CMTID                                                                    1000002
     6=I                             A    3    3  VISIBLE                                                                  1000003
     7=I                             A    4   12  EXHBID                                                                   1000004
     8=I                             A   13   32  GUESTNAME                                                                1000005
     9=I                             A   33  232  GUESTCMT                                                                 1000006
    10 C                   WRITE     RCD001                                                                      000000     000400
    11 C                                                                                                         000000     000500
    12 C     *LOVAL        SETLL     GUESTBKDB                                                                   000000     000600
    13 C                   READ      GUESTBKDB                                                                   000000     000700
    14 C                                                                                                         000000     000800
    15 C                   DOU       %EOF(GUESTBKDB)                                                   B01       000000     000900
    16 C                   READ      GUESTBKDB                                                          01       000000     001000
    17 C                   ENDDO                                                                       E01       000000     001100
    18 C                                                                                               E01       000000     001200
    19 C                   WRITE     RCD002                                                                      000000     001300
    20 C                   WRITE     RCD003                                                                      000000     001400
    21 C                   WRITE     CMTNBR                                                                      000000     001500
    22 C                   WRITE     CMTDETAIL                                                                   000000     001600
    23 C                                                                                                         000000     001700
    24 C                   MOVEL     *ON           *INLR                                                         000000     001800
    25 C                   RETURN                                                                                000000     001900
    26=ORCD001                                                                                                             2000001
        *--------------------------------------------------------------------------------------------*                     2
                                                   -=* http://pub400.com *=-
 5770WDS V7R5M0  220415 RN        IBM ILE RPG             ASHIBATA2/PRTLSTCMT      PUB400     26-09-07 17:22:54        Page      3
Line   <---------------------- Source Specifications ----------------------------><---- Comments ----> Do  Page  Change Src Seq
Number ....1....+....2....+....3....+....4....+....5....+....6....+....7....+....8....+....9....+...10 Num Line  Date   Id  Number
        * RPG record format  . . . . :  RCD001                                                       *                     2
        * External format  . . . . . :  RCD001 : ASHIBATA2/CMTPRTF                                   *                     2
        *--------------------------------------------------------------------------------------------*                     2
    27=ORCD002                                                                                                             3000001
        *--------------------------------------------------------------------------------------------*                     3
        * RPG record format  . . . . :  RCD002                                                       *                     3
        * External format  . . . . . :  RCD002 : ASHIBATA2/CMTPRTF                                   *                     3
        *--------------------------------------------------------------------------------------------*                     3
    28=O                       GUESTNAME           20A CHAR       20                                                       3000002
    29=ORCD003                                                                                                             4000001
        *--------------------------------------------------------------------------------------------*                     4
        * RPG record format  . . . . :  RCD003                                                       *                     4
        * External format  . . . . . :  RCD003 : ASHIBATA2/CMTPRTF                                   *                     4
        *--------------------------------------------------------------------------------------------*                     4
    30=O                       EXHBID               9A CHAR        9                                                       4000002
    31=OCMTNBR                                                                                                             5000001
        *--------------------------------------------------------------------------------------------*                     5
        * RPG record format  . . . . :  CMTNBR                                                       *                     5
        * External format  . . . . . :  CMTNBR : ASHIBATA2/CMTPRTF                                   *                     5
        *--------------------------------------------------------------------------------------------*                     5
    32=O                       CMTID                4S ZONE      4,0                                                       5000002
    33=OCMTDETAIL                                                                                                          6000001
        *--------------------------------------------------------------------------------------------*                     6
        * RPG record format  . . . . :  CMTDETAIL                                                    *                     6
        * External format  . . . . . :  CMTDETAIL : ASHIBATA2/CMTPRTF                                *                     6
        *--------------------------------------------------------------------------------------------*                     6
    34=O                       GUESTCMT           200A CHAR      200                                                       6000002
       * * * * *   E N D   O F   S O U R C E   * * * * *
                                                   -=* http://pub400.com *=-
 5770WDS V7R5M0  220415 RN        IBM ILE RPG             ASHIBATA2/PRTLSTCMT      PUB400     26-09-07 17:22:54        Page      4
          A d d i t i o n a l   D i a g n o s t i c   M e s s a g e s
 Msg id  Sv Number Seq     Message text
*RNF7066 00      1 000100  Record-Format GUESTBKRCD not used for input or output.
 * * * * *   E N D   O F   A D D I T I O N A L   D I A G N O S T I C   M E S S A G E S   * * * * *
                 O u t p u t   B u f f e r   P o s i t i o n s
Line   Start End   Field or Constant
Number Pos   Pos
    28     1    20 GUESTNAME
    30     1     9 EXHBID
    32     1     4 CMTID
    34     1   200 GUESTCMT
 * * * * *   E N D   O F   O U T P U T   B U F F E R   P O S I T I O N   *  * * * *
                                                   -=* http://pub400.com *=-
 5770WDS V7R5M0  220415 RN        IBM ILE RPG             ASHIBATA2/PRTLSTCMT      PUB400     26-09-07 17:22:54        Page      5
                    K e y   F i e l d   I n f o r m a t i o n
         File           Internal    External
           Record       field name  field name  Attributes
      1  GUESTBKDB
           GUESTBKRCD
                        CMTID                   BIN2      4,0 SIGNED
 * * * * *   E N D   O F   K E Y   F I E L D   I N F O R M A T I O N   * * * * *
                                                   -=* http://pub400.com *=-
 5770WDS V7R5M0  220415 RN        IBM ILE RPG             ASHIBATA2/PRTLSTCMT      PUB400     26-09-07 17:22:54        Page      6
                          C r o s s   R e f e r e n c e
      File and Record References:
         File              Device             References (D=Defined)
           Record
         CMTPRTF           PRINTER                 2D
           RCD001                                  2D     10      26
           RCD002                                  2D     19      27
           RCD003                                  2D     20      29
           CMTNBR                                  2D     21      31
           CMTDETAIL                               2D     22      33
         GUESTBKDB         DISK                    1D     12      13      15
                                                  16
           GUESTBKRCD                              1D      4
      Global Field References:
         Field             Attributes         References (D=Defined M=Modified)
         *INLR             N(1)                   24M
*RNF7031 *IN01             N(1)                    2D
         CMTID             P(4,0)                  5M     32
         EXHBID            A(9)                    7M     30
         GUESTCMT          A(200)                  9M     34
         GUESTNAME         A(20)                   8M     28
*RNF7031 ID                P(4,0)                  3D
*RNF7031 VISIBLE           A(1)                    6D
      Indicator References:
         Indicator                            References (D=Defined M=Modified)
*RNF7031 01                                        2D
         LR                                       24M
       * * * * *   E N D   O F   C R O S S   R E F E R E N C E   * * * * *
                                                   -=* http://pub400.com *=-
 5770WDS V7R5M0  220415 RN        IBM ILE RPG             ASHIBATA2/PRTLSTCMT      PUB400     26-09-07 17:22:54        Page      7
                      E x t e r n a l   R e f e r e n c e s
      Statically bound procedures:
         Procedure                            References
         No references in the source.
      Imported fields:
         Field             Attributes         Defined
         No references in the source.
      Exported fields:
         Field             Attributes         Defined
         No references in the source.
   * * * * *   E N D   O F   E X T E R N A L   R E F E R E N C E S   * * * * *
                                                   -=* http://pub400.com *=-
 5770WDS V7R5M0  220415 RN        IBM ILE RPG             ASHIBATA2/PRTLSTCMT      PUB400     26-09-07 17:22:54        Page      8
                          M e s s a g e   S u m m a r y
 Msg id  Sv Number Message text
*RNF7031 00      3 The name or indicator is not referenced.
*RNF7066 00      1 Record-Format name of Externally-Described file is not used.
       * * * * *   E N D   O F   M E S S A G E   S U M M A R Y   * * * * *
                                                   -=* http://pub400.com *=-
 5770WDS V7R5M0  220415 RN        IBM ILE RPG             ASHIBATA2/PRTLSTCMT      PUB400     26-09-07 17:22:54        Page      9
                            F i n a l   S u m m a r y
  Message Totals:
    Information  (00) . . . . . . . :        4
    Warning      (10) . . . . . . . :        0
    Error        (20) . . . . . . . :        0
    Severe Error (30+)  . . . . . . :        0
    ---------------------------------  -------
    Total . . . . . . . . . . . . . :        4
  Source Totals:
    Records . . . . . . . . . . . . :       34
    Specifications  . . . . . . . . :       34
    Data records  . . . . . . . . . :        0
    Comments  . . . . . . . . . . . :        0
         * * * * *   E N D   O F   F I N A L   S U M M A R Y   * * * * *
Program PRTLSTCMT placed in library ASHIBATA2. 00 highest severity. Created on 26-09-07 at 17:22:55.
          * * * * *   E N D   O F   C O M P I L A T I O N   * * * * *
                                                   -=* http://pub400.com *=-
 5770WDS V7R5M0  220415 RN        IBM ILE RPG             ASHIBATA2/PRINTER        PUB400     26-09-07 17:22:55        Page      1
  Command  . . . . . . . . . . . . :   CRTBNDRPG
    Issued by  . . . . . . . . . . :     ASHIBATA
  Program  . . . . . . . . . . . . :   PRINTER
    Library  . . . . . . . . . . . :     ASHIBATA2
  Text 'description' . . . . . . . :   *SRCMBRTXT
  Source Member  . . . . . . . . . :   PRINTER
  Source File  . . . . . . . . . . :   QRPGLESRC
    Library  . . . . . . . . . . . :     ASHIBATA1
    CCSID  . . . . . . . . . . . . :     273
  Text 'description' . . . . . . . :
  Last Change  . . . . . . . . . . :   26-09-07  17:22:07
  Generation severity level  . . . :   10
  Default activation group . . . . :   *YES
  Compiler options . . . . . . . . :   *XREF      *GEN       *NOSECLVL  *SHOWCPY
                                       *EXPDDS    *EXT       *NOSHOWSKP *NOSRCSTMT
                                       *DEBUGIO   *UNREF     *NOEVENTF
  Debugging views  . . . . . . . . :   *SOURCE
  Debug encryption key . . . . . . :   *NONE
  Output . . . . . . . . . . . . . :   *PRINT
  Optimization level . . . . . . . :   *NONE
  Source listing indentation . . . :   *NONE
  Type conversion options  . . . . :   *NONE
  Sort sequence  . . . . . . . . . :   *HEX
  Language identifier  . . . . . . :   *JOBRUN
  Replace program  . . . . . . . . :   *YES
  User profile . . . . . . . . . . :   *USER
  Authority  . . . . . . . . . . . :   *LIBCRTAUT
  Truncate numeric . . . . . . . . :   *YES
  Fix numeric  . . . . . . . . . . :   *NONE
  Target release . . . . . . . . . :   *CURRENT
  Allow null values  . . . . . . . :   *NO
  Define condition names . . . . . :   *NONE
  Enable performance collection  . :   *PEP
  Profiling data . . . . . . . . . :   *NOCOL
  Licensed Internal Code options . :
  Generate program interface . . . :   *NO
  Include directory  . . . . . . . :
  Preprocessor options . . . . . . :   *NONE
  Require prototype for export . . :   *NO
                                                   -=* http://pub400.com *=-
 5770WDS V7R5M0  220415 RN        IBM ILE RPG             ASHIBATA2/PRINTER        PUB400     26-09-07 17:22:55        Page      2
Line   <---------------------- Source Specifications ----------------------------><---- Comments ----> Do  Page  Change Src Seq
Number ....1....+....2....+....3....+....4....+....5....+....6....+....7....+....8....+....9....+...10 Num Line  Date   Id  Number
                          S o u r c e   L i s t i n g
     1 FGUESTBKDB IF   E           K DISK                                                                        000000     000100
        *--------------------------------------------------------------------------------------------*
        *                               RPG name         External name                               *
        * File name. . . . . . . . . :  GUESTBKDB        ASHIBATA2/GUESTBKDB                         *
        * Record format(s) . . . . . :  GUESTBKRCD       GUESTBKRCD                                  *
        *--------------------------------------------------------------------------------------------*
     2 FCMTTST    O    E             PRINTER OFLIND(*IN01)                                                       000000     000200
        *--------------------------------------------------------------------------------------------*
        *                               RPG name         External name                               *
        * File name. . . . . . . . . :  CMTTST           ASHIBATA2/CMTTST                            *
        * Record format(s) . . . . . :  INITP            INITP                                       *
        *                               RCD001           RCD001                                      *
        *                               RCD002           RCD002                                      *
        *                               RCD003           RCD003                                      *
        *                               CMTNBR           CMTNBR                                      *
        *                               CMTDETAIL        CMTDETAIL                                   *
        *--------------------------------------------------------------------------------------------*
     3 DID               S              4P 0                                                                     000000     000300
     4 DCOMMAND          S             10A                                                                       000000     000400
     5=IGUESTBKRCD                                                                                                         1000001
        *--------------------------------------------------------------------------------------------*                     1
        * RPG record format  . . . . :  GUESTBKRCD                                                   *                     1
        * External format  . . . . . :  GUESTBKRCD : ASHIBATA2/GUESTBKDB                             *                     1
        *--------------------------------------------------------------------------------------------*                     1
     6=I                             B    1    2 0CMTID                                                                    1000002
     7=I                             A    3    3  VISIBLE                                                                  1000003
     8=I                             A    4   12  EXHBID                                                                   1000004
     9=I                             A   13   32  GUESTNAME                                                                1000005
    10=I                             A   33  232  GUESTCMT                                                                 1000006
    11 C                   EVAL      COMMAND = X'1B40'                                                           000000     000500
    12 C                   EXCEPT    INITP                                                                       000000     000600
    13 C                                                                                                         000000     000700
    14 C                   WRITE     RCD001                                                                      000000     000800
    15 C                                                                                                         000000     000900
    16 C     *LOVAL        SETLL     GUESTBKDB                                                                   000000     001000
    17 C                   READ      GUESTBKDB                                                                   000000     001100
    18 C                                                                                                         000000     001200
    19 C                   DOU       %EOF(GUESTBKDB)                                                   B01       000000     001300
    20 C                   READ      GUESTBKDB                                                          01       000000     001400
    21 C                   ENDDO                                                                       E01       000000     001500
    22 C                                                                                               E01       000000     001600
    23 C                   WRITE     RCD002                                                                      000000     001700
    24 C                   WRITE     RCD003                                                                      000000     001800
    25 C                   WRITE     CMTNBR                                                                      000000     001900
    26 C                   WRITE     CMTDETAIL                                                                   000000     002000
                                                   -=* http://pub400.com *=-
 5770WDS V7R5M0  220415 RN        IBM ILE RPG             ASHIBATA2/PRINTER        PUB400     26-09-07 17:22:55        Page      3
Line   <---------------------- Source Specifications ----------------------------><---- Comments ----> Do  Page  Change Src Seq
Number ....1....+....2....+....3....+....4....+....5....+....6....+....7....+....8....+....9....+...10 Num Line  Date   Id  Number
    27 C                                                                                                         000000     002100
    28 C                   EVAL      PRTCMD  = X'1D56'                                                           000000     002200
    29 C                   EXCEPT    INITP                                                                       000000     002300
    30 C                                                                                                         000000     002400
    31 C                   MOVEL     *ON           *INLR                                                         000000     002500
    32 C                   RETURN                                                                                000000     002600
    33=ORCD001                                                                                                             2000001
        *--------------------------------------------------------------------------------------------*                     2
        * RPG record format  . . . . :  RCD001                                                       *                     2
        * External format  . . . . . :  RCD001 : ASHIBATA2/CMTTST                                    *                     2
        *--------------------------------------------------------------------------------------------*                     2
    34=ORCD002                                                                                                             3000001
        *--------------------------------------------------------------------------------------------*                     3
        * RPG record format  . . . . :  RCD002                                                       *                     3
        * External format  . . . . . :  RCD002 : ASHIBATA2/CMTTST                                    *                     3
        *--------------------------------------------------------------------------------------------*                     3
    35=O                       GUESTNAME           20A CHAR       20                                                       3000002
    36=ORCD003                                                                                                             4000001
        *--------------------------------------------------------------------------------------------*                     4
        * RPG record format  . . . . :  RCD003                                                       *                     4
        * External format  . . . . . :  RCD003 : ASHIBATA2/CMTTST                                    *                     4
        *--------------------------------------------------------------------------------------------*                     4
    37=O                       EXHBID               9A CHAR        9                                                       4000002
    38=OCMTNBR                                                                                                             5000001
        *--------------------------------------------------------------------------------------------*                     5
        * RPG record format  . . . . :  CMTNBR                                                       *                     5
        * External format  . . . . . :  CMTNBR : ASHIBATA2/CMTTST                                    *                     5
        *--------------------------------------------------------------------------------------------*                     5
    39=O                       CMTID                4S ZONE      4,0                                                       5000002
    40=OCMTDETAIL                                                                                                          6000001
        *--------------------------------------------------------------------------------------------*                     6
        * RPG record format  . . . . :  CMTDETAIL                                                    *                     6
        * External format  . . . . . :  CMTDETAIL : ASHIBATA2/CMTTST                                 *                     6
        *--------------------------------------------------------------------------------------------*                     6
    41=O                       GUESTCMT           200A CHAR      200                                                       6000002
       * * * * *   E N D   O F   S O U R C E   * * * * *
                                                   -=* http://pub400.com *=-
 5770WDS V7R5M0  220415 RN        IBM ILE RPG             ASHIBATA2/PRINTER        PUB400     26-09-07 17:22:55        Page      4
          A d d i t i o n a l   D i a g n o s t i c   M e s s a g e s
 Msg id  Sv Number Seq     Message text
*RNF7066 00      1 000100  Record-Format GUESTBKRCD not used for input or output.
*RNF7030 30     28 002200  The name or indicator PRTCMD is not defined.
*RNF7260 30     12 000600  The Factor 2 operand INITP is not valid for the specified
                           operation.
*RNF7503 30     28 002200  Expression contains an operand that is not defined.
*RNF7260 30     29 002300  The Factor 2 operand INITP is not valid for the specified
                           operation.
 * * * * *   E N D   O F   A D D I T I O N A L   D I A G N O S T I C   M E S S A G E S   * * * * *
                 O u t p u t   B u f f e r   P o s i t i o n s
Line   Start End   Field or Constant
Number Pos   Pos
    35     1    20 GUESTNAME
    37     1     9 EXHBID
    39     1     4 CMTID
    41     1   200 GUESTCMT
 * * * * *   E N D   O F   O U T P U T   B U F F E R   P O S I T I O N   *  * * * *
                                                   -=* http://pub400.com *=-
 5770WDS V7R5M0  220415 RN        IBM ILE RPG             ASHIBATA2/PRINTER        PUB400     26-09-07 17:22:55        Page      5
                    K e y   F i e l d   I n f o r m a t i o n
         File           Internal    External
           Record       field name  field name  Attributes
      1  GUESTBKDB
           GUESTBKRCD
                        CMTID                   BIN2      4,0 SIGNED
 * * * * *   E N D   O F   K E Y   F I E L D   I N F O R M A T I O N   * * * * *
                                                   -=* http://pub400.com *=-
 5770WDS V7R5M0  220415 RN        IBM ILE RPG             ASHIBATA2/PRINTER        PUB400     26-09-07 17:22:55        Page      6
                          C r o s s   R e f e r e n c e
      File and Record References:
         File              Device             References (D=Defined)
           Record
         CMTTST            PRINTER                 2D
           INITP                                   2D     12      29
           RCD001                                  2D     14      33
           RCD002                                  2D     23      34
           RCD003                                  2D     24      36
           CMTNBR                                  2D     25      38
           CMTDETAIL                               2D     26      40
         GUESTBKDB         DISK                    1D     16      17      19
                                                  20
           GUESTBKRCD                              1D      5
      Global Field References:
         Field             Attributes         References (D=Defined M=Modified)
         *INLR             N(1)                   31M
*RNF7031 *IN01             N(1)                    2D
         CMTID             P(4,0)                  6M     39
         COMMAND           A(10)                   4D     11M
         EXHBID            A(9)                    8M     37
         GUESTCMT          A(200)                 10M     41
         GUESTNAME         A(20)                   9M     35
*RNF7031 ID                P(4,0)                  3D
*RNF7030 PRTCMD            **UNDEF**              28M
*RNF7031 VISIBLE           A(1)                    7D
      Indicator References:
         Indicator                            References (D=Defined M=Modified)
*RNF7031 01                                        2D
         LR                                       31M
       * * * * *   E N D   O F   C R O S S   R E F E R E N C E   * * * * *
                                                   -=* http://pub400.com *=-
 5770WDS V7R5M0  220415 RN        IBM ILE RPG             ASHIBATA2/PRINTER        PUB400     26-09-07 17:22:55        Page      7
                      E x t e r n a l   R e f e r e n c e s
      Statically bound procedures:
         Procedure                            References
         No references in the source.
      Imported fields:
         Field             Attributes         Defined
         No references in the source.
      Exported fields:
         Field             Attributes         Defined
         No references in the source.
   * * * * *   E N D   O F   E X T E R N A L   R E F E R E N C E S   * * * * *
                                                   -=* http://pub400.com *=-
 5770WDS V7R5M0  220415 RN        IBM ILE RPG             ASHIBATA2/PRINTER        PUB400     26-09-07 17:22:55        Page      8
                          M e s s a g e   S u m m a r y
 Msg id  Sv Number Message text
*RNF7031 00      3 The name or indicator is not referenced.
*RNF7066 00      1 Record-Format name of Externally-Described file is not used.
*RNF7030 30      1 The name or indicator is not defined.
*RNF7260 30      2 The Factor 2 operand is not valid for the specified
                   operation.
*RNF7503 30      1 Expression contains an operand that is not defined.
       * * * * *   E N D   O F   M E S S A G E   S U M M A R Y   * * * * *
                                                   -=* http://pub400.com *=-
 5770WDS V7R5M0  220415 RN        IBM ILE RPG             ASHIBATA2/PRINTER        PUB400     26-09-07 17:22:55        Page      9
                            F i n a l   S u m m a r y
  Message Totals:
    Information  (00) . . . . . . . :        4
    Warning      (10) . . . . . . . :        0
    Error        (20) . . . . . . . :        0
    Severe Error (30+)  . . . . . . :        4
    ---------------------------------  -------
    Total . . . . . . . . . . . . . :        8
  Source Totals:
    Records . . . . . . . . . . . . :       41
    Specifications  . . . . . . . . :       41
    Data records  . . . . . . . . . :        0
    Comments  . . . . . . . . . . . :        0
         * * * * *   E N D   O F   F I N A L   S U M M A R Y   * * * * *
Compilation stopped. Severity 30 errors found in program.
          * * * * *   E N D   O F   C O M P I L A T I O N   * * * * *
                                                   -=* http://pub400.com *=-
 5770WDS V7R5M0  220415 RN        IBM ILE RPG             ASHIBATA2/CREDITS        PUB400     26-09-07 17:22:55        Page      1
  Command  . . . . . . . . . . . . :   CRTBNDRPG
    Issued by  . . . . . . . . . . :     ASHIBATA
  Program  . . . . . . . . . . . . :   CREDITS
    Library  . . . . . . . . . . . :     ASHIBATA2
  Text 'description' . . . . . . . :   *SRCMBRTXT
  Source Member  . . . . . . . . . :   CREDITS
  Source File  . . . . . . . . . . :   QRPGLESRC
    Library  . . . . . . . . . . . :     ASHIBATA1
    CCSID  . . . . . . . . . . . . :     273
  Text 'description' . . . . . . . :
  Last Change  . . . . . . . . . . :   26-09-07  17:21:46
  Generation severity level  . . . :   10
  Default activation group . . . . :   *YES
  Compiler options . . . . . . . . :   *XREF      *GEN       *NOSECLVL  *SHOWCPY
                                       *EXPDDS    *EXT       *NOSHOWSKP *NOSRCSTMT
                                       *DEBUGIO   *UNREF     *NOEVENTF
  Debugging views  . . . . . . . . :   *SOURCE
  Debug encryption key . . . . . . :   *NONE
  Output . . . . . . . . . . . . . :   *PRINT
  Optimization level . . . . . . . :   *NONE
  Source listing indentation . . . :   *NONE
  Type conversion options  . . . . :   *NONE
  Sort sequence  . . . . . . . . . :   *HEX
  Language identifier  . . . . . . :   *JOBRUN
  Replace program  . . . . . . . . :   *YES
  User profile . . . . . . . . . . :   *USER
  Authority  . . . . . . . . . . . :   *LIBCRTAUT
  Truncate numeric . . . . . . . . :   *YES
  Fix numeric  . . . . . . . . . . :   *NONE
  Target release . . . . . . . . . :   *CURRENT
  Allow null values  . . . . . . . :   *NO
  Define condition names . . . . . :   *NONE
  Enable performance collection  . :   *PEP
  Profiling data . . . . . . . . . :   *NOCOL
  Licensed Internal Code options . :
  Generate program interface . . . :   *NO
  Include directory  . . . . . . . :
  Preprocessor options . . . . . . :   *NONE
  Require prototype for export . . :   *NO
                                                   -=* http://pub400.com *=-
 5770WDS V7R5M0  220415 RN        IBM ILE RPG             ASHIBATA2/CREDITS        PUB400     26-09-07 17:22:55        Page      2
Line   <---------------------- Source Specifications ----------------------------><---- Comments ----> Do  Page  Change Src Seq
Number ....1....+....2....+....3....+....4....+....5....+....6....+....7....+....8....+....9....+...10 Num Line  Date   Id  Number
                          S o u r c e   L i s t i n g
     1  *Open Display File TESTSUITE, this contains our display fields                                           000000     000100
     2 FCREDITSSCRCF   E             WORKSTN                                                                     000000     000200
        *--------------------------------------------------------------------------------------------*
        *                               RPG name         External name                               *
        * File name. . . . . . . . . :  CREDITSSCR       ASHIBATA2/CREDITSSCR                        *
        * Record format(s) . . . . . :  SCREEN1          SCREEN1                                     *
        *--------------------------------------------------------------------------------------------*
     3=ISCREEN1                                                                                                            1000001
        *--------------------------------------------------------------------------------------------*                     1
        * RPG record format  . . . . :  SCREEN1                                                      *                     1
        * External format  . . . . . :  SCREEN1 : ASHIBATA2/CREDITSSCR                               *                     1
        *--------------------------------------------------------------------------------------------*                     1
     4 C                   EXFMT     SCREEN1                                                                     000000     000300
     5  *Free memory and exit program (return to caller)                                                         000000     000400
     6 C                   MOVEL     *ON           *INLR                                                         000000     000500
     7 C                   RETURN                                                                                000000     000600
     8=OSCREEN1                                                                                                            2000001
        *--------------------------------------------------------------------------------------------*                     2
        * RPG record format  . . . . :  SCREEN1                                                      *                     2
        * External format  . . . . . :  SCREEN1 : ASHIBATA2/CREDITSSCR                               *                     2
        *--------------------------------------------------------------------------------------------*                     2
       * * * * *   E N D   O F   S O U R C E   * * * * *
                                                   -=* http://pub400.com *=-
 5770WDS V7R5M0  220415 RN        IBM ILE RPG             ASHIBATA2/CREDITS        PUB400     26-09-07 17:22:55        Page      3
          A d d i t i o n a l   D i a g n o s t i c   M e s s a g e s
 Msg id  Sv Number Seq     Message text
 * * * * *   E N D   O F   A D D I T I O N A L   D I A G N O S T I C   M E S S A G E S   * * * * *
                                                   -=* http://pub400.com *=-
 5770WDS V7R5M0  220415 RN        IBM ILE RPG             ASHIBATA2/CREDITS        PUB400     26-09-07 17:22:55        Page      4
                          C r o s s   R e f e r e n c e
      File and Record References:
         File              Device             References (D=Defined)
           Record
         CREDITSSCR        WORKSTN                 2D
           SCREEN1                                 2D      3       4       8
      Global Field References:
         Field             Attributes         References (D=Defined M=Modified)
         *INLR             N(1)                    6M
      Indicator References:
         Indicator                            References (D=Defined M=Modified)
         LR                                        6M
       * * * * *   E N D   O F   C R O S S   R E F E R E N C E   * * * * *
                                                   -=* http://pub400.com *=-
 5770WDS V7R5M0  220415 RN        IBM ILE RPG             ASHIBATA2/CREDITS        PUB400     26-09-07 17:22:55        Page      5
                      E x t e r n a l   R e f e r e n c e s
      Statically bound procedures:
         Procedure                            References
         No references in the source.
      Imported fields:
         Field             Attributes         Defined
         No references in the source.
      Exported fields:
         Field             Attributes         Defined
         No references in the source.
   * * * * *   E N D   O F   E X T E R N A L   R E F E R E N C E S   * * * * *
                                                   -=* http://pub400.com *=-
 5770WDS V7R5M0  220415 RN        IBM ILE RPG             ASHIBATA2/CREDITS        PUB400     26-09-07 17:22:55        Page      6
                          M e s s a g e   S u m m a r y
 Msg id  Sv Number Message text
       * * * * *   E N D   O F   M E S S A G E   S U M M A R Y   * * * * *
                                                   -=* http://pub400.com *=-
 5770WDS V7R5M0  220415 RN        IBM ILE RPG             ASHIBATA2/CREDITS        PUB400     26-09-07 17:22:55        Page      7
                            F i n a l   S u m m a r y
  Message Totals:
    Information  (00) . . . . . . . :        0
    Warning      (10) . . . . . . . :        0
    Error        (20) . . . . . . . :        0
    Severe Error (30+)  . . . . . . :        0
    ---------------------------------  -------
    Total . . . . . . . . . . . . . :        0
  Source Totals:
    Records . . . . . . . . . . . . :        8
    Specifications  . . . . . . . . :        6
    Data records  . . . . . . . . . :        0
    Comments  . . . . . . . . . . . :        2
         * * * * *   E N D   O F   F I N A L   S U M M A R Y   * * * * *
Program CREDITS placed in library ASHIBATA2. 00 highest severity. Created on 26-09-07 at 17:22:55.
          * * * * *   E N D   O F   C O M P I L A T I O N   * * * * *
                                                   -=* http://pub400.com *=-
 5770WDS V7R5M0  220415 RN        IBM ILE RPG             ASHIBATA2/BEEMOVIE       PUB400     26-09-07 17:22:55        Page      1
  Command  . . . . . . . . . . . . :   CRTBNDRPG
    Issued by  . . . . . . . . . . :     ASHIBATA
  Program  . . . . . . . . . . . . :   BEEMOVIE
    Library  . . . . . . . . . . . :     ASHIBATA2
  Text 'description' . . . . . . . :   *SRCMBRTXT
  Source Member  . . . . . . . . . :   BEEMOVIE
  Source File  . . . . . . . . . . :   QRPGLESRC
    Library  . . . . . . . . . . . :     ASHIBATA1
    CCSID  . . . . . . . . . . . . :     273
  Text 'description' . . . . . . . :
  Last Change  . . . . . . . . . . :   26-09-07  17:21:44
  Generation severity level  . . . :   10
  Default activation group . . . . :   *YES
  Compiler options . . . . . . . . :   *XREF      *GEN       *NOSECLVL  *SHOWCPY
                                       *EXPDDS    *EXT       *NOSHOWSKP *NOSRCSTMT
                                       *DEBUGIO   *UNREF     *NOEVENTF
  Debugging views  . . . . . . . . :   *SOURCE
  Debug encryption key . . . . . . :   *NONE
  Output . . . . . . . . . . . . . :   *PRINT
  Optimization level . . . . . . . :   *NONE
  Source listing indentation . . . :   *NONE
  Type conversion options  . . . . :   *NONE
  Sort sequence  . . . . . . . . . :   *HEX
  Language identifier  . . . . . . :   *JOBRUN
  Replace program  . . . . . . . . :   *YES
  User profile . . . . . . . . . . :   *USER
  Authority  . . . . . . . . . . . :   *LIBCRTAUT
  Truncate numeric . . . . . . . . :   *YES
  Fix numeric  . . . . . . . . . . :   *NONE
  Target release . . . . . . . . . :   *CURRENT
  Allow null values  . . . . . . . :   *NO
  Define condition names . . . . . :   *NONE
  Enable performance collection  . :   *PEP
  Profiling data . . . . . . . . . :   *NOCOL
  Licensed Internal Code options . :
  Generate program interface . . . :   *NO
  Include directory  . . . . . . . :
  Preprocessor options . . . . . . :   *NONE
  Require prototype for export . . :   *NO
                                                   -=* http://pub400.com *=-
 5770WDS V7R5M0  220415 RN        IBM ILE RPG             ASHIBATA2/BEEMOVIE       PUB400     26-09-07 17:22:55        Page      2
Line   <---------------------- Source Specifications ----------------------------><---- Comments ----> Do  Page  Change Src Seq
Number ....1....+....2....+....3....+....4....+....5....+....6....+....7....+....8....+....9....+...10 Num Line  Date   Id  Number
                          S o u r c e   L i s t i n g
     1 FBMOVDB    IF   E             DISK                                                                        000000     000100
        *--------------------------------------------------------------------------------------------*
        *                               RPG name         External name                               *
        * File name. . . . . . . . . :  BMOVDB           ASHIBATA2/BMOVDB                            *
        * Record format(s) . . . . . :  BMOVREC          BMOVREC                                     *
        *--------------------------------------------------------------------------------------------*
     2 FBMOVSCR   CF   E             WORKSTN                                                                     000000     000200
     3 F                                     SFILE(SFLDATA:RRN#)                                                 000000     000300
        *--------------------------------------------------------------------------------------------*
        *                               RPG name         External name                               *
        * File name. . . . . . . . . :  BMOVSCR          ASHIBATA2/BMOVSCR                           *
        * Record format(s) . . . . . :  SFLDATA          SFLDATA                                     *
        *                               SFLCTL           SFLCTL                                      *
        *--------------------------------------------------------------------------------------------*
     4 D RRN#            S              4S 0                                                                     000000     000400
     5=IBMOVREC                                                                                                            1000001
        *--------------------------------------------------------------------------------------------*                     1
        * RPG record format  . . . . :  BMOVREC                                                      *                     1
        * External format  . . . . . :  BMOVREC : ASHIBATA2/BMOVDB                                   *                     1
        *--------------------------------------------------------------------------------------------*                     1
     6=I                             A    1    9  SPEAKER                                                                  1000002
     7=I                             A   10   59  LINE                                                                     1000003
     8=ISFLDATA                                                                                                            2000001
        *--------------------------------------------------------------------------------------------*                     2
        * RPG record format  . . . . :  SFLDATA                                                      *                     2
        * External format  . . . . . :  SFLDATA : ASHIBATA2/BMOVSCR                                  *                     2
        *--------------------------------------------------------------------------------------------*                     2
     9=I                             A    1    9  SPEAKER                                                                  2000002
    10=I                             A   10   59  LINE                                                                     2000003
    11=ISFLCTL                                                                                                             3000001
        *--------------------------------------------------------------------------------------------*                     3
        * RPG record format  . . . . :  SFLCTL                                                       *                     3
        * External format  . . . . . :  SFLCTL : ASHIBATA2/BMOVSCR                                   *                     3
        *--------------------------------------------------------------------------------------------*                     3
    12 C                                                                                                         000000     000500
    13 C                   EXSR      CLEARSR                                                                     000000     000600
    14 C                   EXSR      LOADSR                                                                      000000     000700
    15 C                   EXFMT     SFLCTL                                                                      000000     000800
    16 C                   MOVEL     *ON           *INLR                                                         000000     000900
    17 C                   RETURN                                                                                000000     001000
    18 C*--------------------------------------------------------                                                000000     001100
    19 C     CLEARSR       BEGSR                                                                                 000000     001200
    20 C                   EVAL      *IN50 = *OFF                                                                000000     001300
    21 C                   WRITE     SFLCTL                                                                      000000     001400
    22 C                   EVAL      *IN50 = *ON                                                                 000000     001500
                                                   -=* http://pub400.com *=-
 5770WDS V7R5M0  220415 RN        IBM ILE RPG             ASHIBATA2/BEEMOVIE       PUB400     26-09-07 17:22:55        Page      3
Line   <---------------------- Source Specifications ----------------------------><---- Comments ----> Do  Page  Change Src Seq
Number ....1....+....2....+....3....+....4....+....5....+....6....+....7....+....8....+....9....+...10 Num Line  Date   Id  Number
    23 C                   ENDSR                                                                                 000000     001600
    24 C*--------------------------------------------------------                                                000000     001700
    25 C     LOADSR        BEGSR                                                                                 000000     001800
    26 C     *LOVAL        SETLL     BMOVDB                                                                      000000     001900
    27 C                   READ      BMOVDB                                                                      000000     002000
    28 C                                                                                                         000000     002100
    29 C                   DOU       %EOF(BMOVDB)                                                      B01       000000     002200
    30 C                   EVAL      RRN# = RRN# + 1                                                    01       000000     002300
    31 C                   WRITE     SFLDATA                                                            01       000000     002400
    32 C                   READ      BMOVDB                                                             01       000000     002500
    33 C                   ENDDO                                                                       E01       000000     002600
    34 C                                                                                               E01       000000     002700
    35 C                   ENDSR                                                                                 000000     002800
    36=OSFLDATA                                                                                                            4000001
        *--------------------------------------------------------------------------------------------*                     4
        * RPG record format  . . . . :  SFLDATA                                                      *                     4
        * External format  . . . . . :  SFLDATA : ASHIBATA2/BMOVSCR                                  *                     4
        *--------------------------------------------------------------------------------------------*                     4
    37=O                       SPEAKER              9A CHAR        9                                                       4000002
    38=O                       LINE                59A CHAR       50                                                       4000003
    39=OSFLCTL                                                                                                             5000001
        *--------------------------------------------------------------------------------------------*                     5
        * RPG record format  . . . . :  SFLCTL                                                       *                     5
        * External format  . . . . . :  SFLCTL : ASHIBATA2/BMOVSCR                                   *                     5
        *--------------------------------------------------------------------------------------------*                     5
    40=O                       *IN50                1N CHAR        1                                                       5000002
       * * * * *   E N D   O F   S O U R C E   * * * * *
                                                   -=* http://pub400.com *=-
 5770WDS V7R5M0  220415 RN        IBM ILE RPG             ASHIBATA2/BEEMOVIE       PUB400     26-09-07 17:22:55        Page      4
          A d d i t i o n a l   D i a g n o s t i c   M e s s a g e s
 Msg id  Sv Number Seq     Message text
*RNF7066 00      1 000100  Record-Format BMOVREC not used for input or output.
*RNF7055 30     26 001900  Factor 1 *LOVAL is not valid for the specified operation.
 * * * * *   E N D   O F   A D D I T I O N A L   D I A G N O S T I C   M E S S A G E S   * * * * *
                 O u t p u t   B u f f e r   P o s i t i o n s
Line   Start End   Field or Constant
Number Pos   Pos
    37     1     9 SPEAKER
    38    10    59 LINE
    40     1     1 *IN50
 * * * * *   E N D   O F   O U T P U T   B U F F E R   P O S I T I O N   *  * * * *
                                                   -=* http://pub400.com *=-
 5770WDS V7R5M0  220415 RN        IBM ILE RPG             ASHIBATA2/BEEMOVIE       PUB400     26-09-07 17:22:55        Page      5
                          C r o s s   R e f e r e n c e
      File and Record References:
         File              Device             References (D=Defined)
           Record
         BMOVDB            DISK                    1D     26      27      29
                                                  32
           BMOVREC                                 1D      5
         BMOVSCR           WORKSTN                 2D
           SFLDATA                                 2D      8      31      36
           SFLCTL                                  2D     11      15      21
                                                  39
      Global Field References:
         Field             Attributes         References (D=Defined M=Modified)
         *INLR             N(1)                   16M
         *IN50             N(1)                   20M     22M     40
         CLEARSR           BEGSR                  13      19D
         LINE              A(50)                   7M     10M     38
         LOADSR            BEGSR                  14      25D
         RRN#              S(4,0)                  3       4D     30M     30
         SPEAKER           A(9)                    6M      9M     37
      Indicator References:
         Indicator                            References (D=Defined M=Modified)
         50                                       20M     22M     40
         LR                                       16M
       * * * * *   E N D   O F   C R O S S   R E F E R E N C E   * * * * *
                                                   -=* http://pub400.com *=-
 5770WDS V7R5M0  220415 RN        IBM ILE RPG             ASHIBATA2/BEEMOVIE       PUB400     26-09-07 17:22:55        Page      6
                      E x t e r n a l   R e f e r e n c e s
      Statically bound procedures:
         Procedure                            References
         No references in the source.
      Imported fields:
         Field             Attributes         Defined
         No references in the source.
      Exported fields:
         Field             Attributes         Defined
         No references in the source.
   * * * * *   E N D   O F   E X T E R N A L   R E F E R E N C E S   * * * * *
                                                   -=* http://pub400.com *=-
 5770WDS V7R5M0  220415 RN        IBM ILE RPG             ASHIBATA2/BEEMOVIE       PUB400     26-09-07 17:22:55        Page      7
                          M e s s a g e   S u m m a r y
 Msg id  Sv Number Message text
*RNF7066 00      1 Record-Format name of Externally-Described file is not used.
*RNF7055 30      1 Factor 1 is not valid for the specified operation.
       * * * * *   E N D   O F   M E S S A G E   S U M M A R Y   * * * * *
                                                   -=* http://pub400.com *=-
 5770WDS V7R5M0  220415 RN        IBM ILE RPG             ASHIBATA2/BEEMOVIE       PUB400     26-09-07 17:22:55        Page      8
                            F i n a l   S u m m a r y
  Message Totals:
    Information  (00) . . . . . . . :        1
    Warning      (10) . . . . . . . :        0
    Error        (20) . . . . . . . :        0
    Severe Error (30+)  . . . . . . :        1
    ---------------------------------  -------
    Total . . . . . . . . . . . . . :        2
  Source Totals:
    Records . . . . . . . . . . . . :       40
    Specifications  . . . . . . . . :       38
    Data records  . . . . . . . . . :        0
    Comments  . . . . . . . . . . . :        2
         * * * * *   E N D   O F   F I N A L   S U M M A R Y   * * * * *
Compilation stopped. Severity 30 errors found in program.
          * * * * *   E N D   O F   C O M P I L A T I O N   * * * * *
                                                   -=* http://pub400.com *=-
 5770WDS V7R5M0  220415 RN        IBM ILE RPG             ASHIBATA2/ADDVOTE        PUB400     26-09-07 17:22:55        Page      1
  Command  . . . . . . . . . . . . :   CRTBNDRPG
    Issued by  . . . . . . . . . . :     ASHIBATA
  Program  . . . . . . . . . . . . :   ADDVOTE
    Library  . . . . . . . . . . . :     ASHIBATA2
  Text 'description' . . . . . . . :   *SRCMBRTXT
  Source Member  . . . . . . . . . :   ADDVOTE
  Source File  . . . . . . . . . . :   QRPGLESRC
    Library  . . . . . . . . . . . :     ASHIBATA1
    CCSID  . . . . . . . . . . . . :     273
  Text 'description' . . . . . . . :
  Last Change  . . . . . . . . . . :   26-09-07  17:21:23
  Generation severity level  . . . :   10
  Default activation group . . . . :   *YES
  Compiler options . . . . . . . . :   *XREF      *GEN       *NOSECLVL  *SHOWCPY
                                       *EXPDDS    *EXT       *NOSHOWSKP *NOSRCSTMT
                                       *DEBUGIO   *UNREF     *NOEVENTF
  Debugging views  . . . . . . . . :   *SOURCE
  Debug encryption key . . . . . . :   *NONE
  Output . . . . . . . . . . . . . :   *PRINT
  Optimization level . . . . . . . :   *NONE
  Source listing indentation . . . :   *NONE
  Type conversion options  . . . . :   *NONE
  Sort sequence  . . . . . . . . . :   *HEX
  Language identifier  . . . . . . :   *JOBRUN
  Replace program  . . . . . . . . :   *YES
  User profile . . . . . . . . . . :   *USER
  Authority  . . . . . . . . . . . :   *LIBCRTAUT
  Truncate numeric . . . . . . . . :   *YES
  Fix numeric  . . . . . . . . . . :   *NONE
  Target release . . . . . . . . . :   *CURRENT
  Allow null values  . . . . . . . :   *NO
  Define condition names . . . . . :   *NONE
  Enable performance collection  . :   *PEP
  Profiling data . . . . . . . . . :   *NOCOL
  Licensed Internal Code options . :
  Generate program interface . . . :   *NO
  Include directory  . . . . . . . :
  Preprocessor options . . . . . . :   *NONE
  Require prototype for export . . :   *NO
                                                   -=* http://pub400.com *=-
 5770WDS V7R5M0  220415 RN        IBM ILE RPG             ASHIBATA2/ADDVOTE        PUB400     26-09-07 17:22:55        Page      2
Line   <---------------------- Source Specifications ----------------------------><---- Comments ----> Do  Page  Change Src Seq
Number ....1....+....2....+....3....+....4....+....5....+....6....+....7....+....8....+....9....+...10 Num Line  Date   Id  Number
                          S o u r c e   L i s t i n g
     1 FVOTINGDB  UF A E           K DISK                                                                        000000     000100
        *--------------------------------------------------------------------------------------------*
        *                               RPG name         External name                               *
        * File name. . . . . . . . . :  VOTINGDB         ASHIBATA2/VOTINGDB                          *
        * Record format(s) . . . . . :  VOTINGREC        VOTINGREC                                   *
        *--------------------------------------------------------------------------------------------*
     2 FEXHBDB    IF   E           K DISK                                                                        000000     000200
        *--------------------------------------------------------------------------------------------*
        *                               RPG name         External name                               *
        * File name. . . . . . . . . :  EXHBDB           ASHIBATA2/EXHBDB                            *
        * Record format(s) . . . . . :  EXHBREC          EXHBREC                                     *
        *--------------------------------------------------------------------------------------------*
     3 FAWARDDB   IF   E           K DISK                                                                        000000     000300
        *--------------------------------------------------------------------------------------------*
        *                               RPG name         External name                               *
        * File name. . . . . . . . . :  AWARDDB          ASHIBATA2/AWARDDB                           *
        * Record format(s) . . . . . :  AWARDRCD         AWARDRCD                                    *
        *--------------------------------------------------------------------------------------------*
     4 FSETTINGS  IF   E           K DISK                                                                        000000     000400
        *--------------------------------------------------------------------------------------------*
        *                               RPG name         External name                               *
        * File name. . . . . . . . . :  SETTINGS         ASHIBATA2/SETTINGS                          *
        * Record format(s) . . . . . :  SETTINGSR        SETTINGSR                                   *
        *--------------------------------------------------------------------------------------------*
     5 FVOTESCR   CF   E             WORKSTN                                                                     000000     000500
        *--------------------------------------------------------------------------------------------*
        *                               RPG name         External name                               *
        * File name. . . . . . . . . :  VOTESCR          ASHIBATA2/VOTESCR                           *
        * Record format(s) . . . . . :  VOTE1            VOTE1                                       *
        *                               VOTEEND          VOTEEND                                     *
        *                               DAVE             DAVE                                        *
        *                               NOVOTEALWD       NOVOTEALWD                                  *
        *                               ENDOFCON         ENDOFCON                                    *
        *--------------------------------------------------------------------------------------------*
     6 DSTN              S              9A                                                                       000000     000600
     7 DSTNVAL           S              9A                                                                       000000     000700
     8 DUSERPRF          S              9A                                                                       000000     000800
     9 DCHECKOK          S              1P 0                                                                     000000     000900
    10 DALWEXIT          S              1P 0                                                                     000000     001000
    11 DRPTBADGE         S              4P 0                                                                     000000     001100
    12 DRPTAWD           S              3P 0                                                                     000000     001200
    13 DRPTEXHB          S              9A                                                                       000000     001300
    14 DVALIDATE         S              1P 0                                                                     000000     001400
    15 DSUCCESS          C                   CONST('You have voted successfully')                                000000     001500
    16 DERRBLKBG         C                   CONST('Must enter badge number')                                    000000     001600
    17 DERRBLKEX         C                   CONST('Must enter Exhibit ID')                                      000000     001700
    18 DERRBLKAW         C                   CONST('Must enter Award ID')                                        000000     001800
    19 DERREXIST         C                   CONST('You have already voted.')                                    000000     001900
    20 DERRENTER         C                   CONST('Use F5 key to submit')                                       000000     002000
                                                   -=* http://pub400.com *=-
 5770WDS V7R5M0  220415 RN        IBM ILE RPG             ASHIBATA2/ADDVOTE        PUB400     26-09-07 17:22:55        Page      3
Line   <---------------------- Source Specifications ----------------------------><---- Comments ----> Do  Page  Change Src Seq
Number ....1....+....2....+....3....+....4....+....5....+....6....+....7....+....8....+....9....+...10 Num Line  Date   Id  Number
    21 DERRPROHB         C                   CONST('Exhibit ineligible for award')                               000000     002100
    22 DERRNOEXB         C                   CONST('Exhibit does not exist')                                     000000     002200
    23 DERRNOAWD         C                   CONST('Award does not exist.')                                      000000     002300
    24 DERRDBG1          C                   CONST('DBG: MM2024 parm')                                           000000     002400
    25 DERRDBG2          C                   CONST('DBG: other parm')                                            000000     002500
    26 C*-----------------------------------------------                                                         000000     002600
    27=IVOTINGREC                                                                                                          1000001
        *--------------------------------------------------------------------------------------------*                     1
        * RPG record format  . . . . :  VOTINGREC                                                    *                     1
        * External format  . . . . . :  VOTINGREC : ASHIBATA2/VOTINGDB                               *                     1
        *--------------------------------------------------------------------------------------------*                     1
    28=I                             B    1    2 0BADGENBR                                                                 1000002
    29=I                             B    3    4 0AWARDNBR                                                                 1000003
    30=I                             A    5   13  EXHBNBR                                                                  1000004
    31=IEXHBREC                                                                                                            2000001
        *--------------------------------------------------------------------------------------------*                     2
        * RPG record format  . . . . :  EXHBREC                                                      *                     2
        * External format  . . . . . :  EXHBREC : ASHIBATA2/EXHBDB                                   *                     2
        *--------------------------------------------------------------------------------------------*                     2
    32=I                             B    1    2 0EXHBDBID                                                                 2000002
    33=I                             A    3   11  EXHUSRPRF                                                                2000003
    34=I                             A   12   31  EXHBITOR                                                                 2000004
    35=I                             A   32   51  EXHBCITY                                                                 2000005
    36=I                             A   52   53  EXHBSTATE                                                                2000006
    37=I                             A   54  103  EXHBTITLE                                                                2000007
    38=I                             A  104 1103  EXHBDESC                                                                 2000008
    39=I                             B 1104 1105 0ELIGIBLE                                                                 2000009
    40=I                             B 1106 1107 0ENLRN400                                                                 2000010
    41=IAWARDRCD                                                                                                           3000001
        *--------------------------------------------------------------------------------------------*                     3
        * RPG record format  . . . . :  AWARDRCD                                                     *                     3
        * External format  . . . . . :  AWARDRCD : ASHIBATA2/AWARDDB                                 *                     3
        *--------------------------------------------------------------------------------------------*                     3
    42=I                             B    1    2 0AWARDID                                                                  3000002
    43=I                             A    3  102  AWARDTITLE                                                               3000003
    44=I                             A  103 1102  AWARDDESC                                                                3000004
    45=ISETTINGSR                                                                                                          4000001
        *--------------------------------------------------------------------------------------------*                     4
        * RPG record format  . . . . :  SETTINGSR                                                    *                     4
        * External format  . . . . . :  SETTINGSR : ASHIBATA2/SETTINGS                               *                     4
        *--------------------------------------------------------------------------------------------*                     4
    46=I                             A    1    9  SETTING                                                                  4000002
    47=I                             A   10   18  VALUE                                                                    4000003
    48=IVOTE1                                                                                                              5000001
        *--------------------------------------------------------------------------------------------*                     5
        * RPG record format  . . . . :  VOTE1                                                        *                     5
        * External format  . . . . . :  VOTE1 : ASHIBATA2/VOTESCR                                    *                     5
        *--------------------------------------------------------------------------------------------*                     5
    49=I                             N    1    1  *IN05                           Submit                                   5000002
    50=I                             N    2    2  *IN12                           Cancel                                   5000003
    51=I                             S    3    6 0INPUTBADGE                                                               5000004
    52=I                             S    7    9 0INPUTAWARD                                                               5000005
    53=I                             A   10   18  INEXHB                                                                   5000006
    54=IVOTEEND                                                                                                            6000001
                                                   -=* http://pub400.com *=-
 5770WDS V7R5M0  220415 RN        IBM ILE RPG             ASHIBATA2/ADDVOTE        PUB400     26-09-07 17:22:55        Page      4
Line   <---------------------- Source Specifications ----------------------------><---- Comments ----> Do  Page  Change Src Seq
Number ....1....+....2....+....3....+....4....+....5....+....6....+....7....+....8....+....9....+...10 Num Line  Date   Id  Number
        *--------------------------------------------------------------------------------------------*                     6
        * RPG record format  . . . . :  VOTEEND                                                      *                     6
        * External format  . . . . . :  VOTEEND : ASHIBATA2/VOTESCR                                  *                     6
        *--------------------------------------------------------------------------------------------*                     6
    55=IDAVE                                                                                                               7000001
        *--------------------------------------------------------------------------------------------*                     7
        * RPG record format  . . . . :  DAVE                                                         *                     7
        * External format  . . . . . :  DAVE : ASHIBATA2/VOTESCR                                     *                     7
        *--------------------------------------------------------------------------------------------*                     7
    56=INOVOTEALWD                                                                                                         8000001
        *--------------------------------------------------------------------------------------------*                     8
        * RPG record format  . . . . :  NOVOTEALWD                                                   *                     8
        * External format  . . . . . :  NOVOTEALWD : ASHIBATA2/VOTESCR                               *                     8
        *--------------------------------------------------------------------------------------------*                     8
    57=IENDOFCON                                                                                                           9000001
        *--------------------------------------------------------------------------------------------*                     9
        * RPG record format  . . . . :  ENDOFCON                                                     *                     9
        * External format  . . . . . :  ENDOFCON : ASHIBATA2/VOTESCR                                 *                     9
        *--------------------------------------------------------------------------------------------*                     9
    58 C     *ENTRY        PLIST                                                                                 000000     002700
    59 C                   PARM                    LAUNCH            9                                           000000     002800
    60 C*-----------------------------------------------                                                         000000     002900
    61 C                   EXSR      CHKPARM                                                                     000000     003000
    62 C                   EXSR      CHKALWVOTE                                                                  000000     003100
    63 C                                                                                                         000000     003200
    64 C                   MOVEL     0             ALWEXIT                                                       000000     003300
    65 C                                                                                                         000000     003400
    66 C                   DOW       ALWEXIT = *ZERO                                                   B01       000000     003500
    67 C                   MOVEL     0             VALIDATE                                             01       000000     003600
    68 C*                  EVAL      *IN40 = *OFF                                                                000000     003700
    69 C*                  EVAL      *IN41 = *OFF                                                                000000     003800
    70 C*                  EVAL      *IN42 = *OFF                                                                000000     003900
    71 C                   EXFMT     VOTE1                                                              01       000000     004000
    72 C*                                                                                                        000000     004100
    73 C                   IF        INPUTBADGE = *ZERO                                                B02       000000     004200
    74 C                   EVAL      ERRLINE = ERRBLKBG                                                 02       000000     004300
    75 C                   EVAL      *IN40 = *ON                                                        02       000000     004400
    76 C                   ELSE                                                                        X02       000000     004500
    77 C                   ADD       1             VALIDATE                                             02       000000     004600
    78 C                   ENDIF                                                                       E02       000000     004700
    79 C*                                                                                                        000000     004800
    80 C                   IF        INPUTAWARD = *ZERO                                                B02       000000     004900
    81 C                   EVAL      ERRLINE = ERRBLKAW                                                 02       000000     005000
    82 C                   EVAL      *IN42 = *ON                                                        02       000000     005100
    83 C                   ELSE                                                                        X02       000000     005200
    84 C                   ADD       1             VALIDATE                                             02       000000     005300
    85 C                   ENDIF                                                                       E02       000000     005400
    86 C*                                                                                                        000000     005500
    87 C                   IF        INEXHB = *BLANK                                                   B02       000000     005600
    88 C                   EVAL      ERRLINE = ERRBLKEX                                                 02       000000     005700
    89 C                   EVAL      *IN41 = *ON                                                        02       000000     005800
    90 C                   ELSE                                                                        X02       000000     005900
    91 C                   ADD       1             VALIDATE                                             02       000000     006000
    92 C                   ENDIF                                                                       E02       000000     006100
                                                   -=* http://pub400.com *=-
 5770WDS V7R5M0  220415 RN        IBM ILE RPG             ASHIBATA2/ADDVOTE        PUB400     26-09-07 17:22:55        Page      5
Line   <---------------------- Source Specifications ----------------------------><---- Comments ----> Do  Page  Change Src Seq
Number ....1....+....2....+....3....+....4....+....5....+....6....+....7....+....8....+....9....+...10 Num Line  Date   Id  Number
    93 C                                                                                               E02       000000     006200
    94 C                   IF        INEXHB    = 'DAVE'                                                B02       000000     006300
    95 C                   EXSR      DODAVE                                                             02       000000     006400
    96 C                   ENDIF                                                                       E02       000000     006500
    97 C                                                                                               E02       000000     006600
    98 C                   EVAL      *IN05 = *OFF                                                       01       000000     006700
    99 C                                                                                                01       000000     006800
   100 C                   IF        VALIDATE = 3                                                      B02       000000     006900
   101 C                   MOVEL     1             ALWEXIT                                              02       000000     007000
   102 C                   ENDIF                                                                       E02       000000     007100
   103 C*                                                                                                        000000     007200
   104 C                   IF        *IN12 = *ON                                                       B02       000000     007300
   105 C                   MOVEL     *ON           *INLR                                                02       000000     007400
   106 C                   RETURN                                                                       02       000000     007500
   107 C                   ENDIF                                                                       E02       000000     007600
   108 C*                                                                                                        000000     007700
   109 C                   ENDDO                                                                       E01       000000     007800
   110 C                   EXSR      ADDTODB                                                                     000000     007900
   111 C*----------------------------------------------------                                                    000000     008000
   112 C     ADDTODB       BEGSR                                                                                 000000     008100
   113 C                   MOVEL     0             CHECKOK                                                       000000     008200
   114 C                   EVAL      *IN05 = *OFF                                                                000000     008300
   115 C     INPUTBADGE    CHAIN     VOTINGREC                          95----                                   000000     008400
   116 C                   IF        *IN95 = *OFF                                                      B01       000000     008500
   117 C                   EVAL      ERRLINE = ERREXIST                                                 01       000000     008600
   118 C                   ELSE                                                                        X01       000000     008700
   119 C                   ADD       1             CHECKOK                                              01       000000     008800
   120 C                   ENDIF                                                                       E01       000000     008900
   121 C                   READ      VOTINGDB                           ----90                                   000000     009000
   122 C     INEXHB        SETLL     EXHBREC                                                                     000000     009100
   123 C                   READ      EXHBDB                                                                      000000     009200
   124 C*                                                                                                        000000     009300
   125 C                   IF        ELIGIBLE = 0                                                      B01       000000     009400
   126 C                   EVAL      ERRLINE = ERRPROHB                                                 01       000000     009500
   127 C                   ELSE                                                                        X01       000000     009600
   128 C                   ADD       1             CHECKOK                                              01       000000     009700
   129 C                   ENDIF                                                                       E01       000000     009800
   130 C*                                                                                                        000000     009900
   131 C     INEXHB        CHAIN     EXHBREC                            93----                                   000000     010000
   132 C                   IF        *IN93 = *OFF                                                      B01       000000     010100
   133 C                   ADD       1             CHECKOK                                              01       000000     010200
   134 C                   ELSE                                                                        X01       000000     010300
   135 C                   EVAL      ERRLINE = ERRNOEXB                                                 01       000000     010400
   136 C                   ENDIF                                                                       E01       000000     010500
   137 C*                                                                                                        000000     010600
   138 C     INPUTAWARD    CHAIN     AWARDRCD                           94----                                   000000     010700
   139 C                   IF        *IN94 = *OFF                                                      B01       000000     010800
   140 C                   ADD       1             CHECKOK                                              01       000000     010900
   141 C                   ELSE                                                                        X01       000000     011000
   142 C                   EVAL      ERRLINE = ERRNOAWD                                                 01       000000     011100
   143 C                   ENDIF                                                                       E01       000000     011200
   144 C*                                                                                                        000000     011300
   145 C                   IF        CHECKOK = 4                                                       B01       000000     011400
   146 C                   MOVEL     INPUTBADGE    BADGENBR                                             01       000000     011500
   147 C                   MOVEL     INPUTAWARD    AWARDNBR                                             01       000000     011600
   148 C                   MOVEL     INEXHB        EXHBNBR                                              01       000000     011700
                                                   -=* http://pub400.com *=-
 5770WDS V7R5M0  220415 RN        IBM ILE RPG             ASHIBATA2/ADDVOTE        PUB400     26-09-07 17:22:55        Page      6
Line   <---------------------- Source Specifications ----------------------------><---- Comments ----> Do  Page  Change Src Seq
Number ....1....+....2....+....3....+....4....+....5....+....6....+....7....+....8....+....9....+...10 Num Line  Date   Id  Number
   149 C                   WRITE     VOTINGREC                                                          01       000000     011800
   150 C                   CALL      'PRTLSTVOTE'                                                       01       000000     011900
   151 C                   EXSR      ENDVOTE                                                            01       000000     012000
   152 C                   ENDIF                                                                       E01       000000     012100
   153 C                   ENDSR                                                                                 000000     012200
   154 C*-------------------------------------------------------                                                 000000     012300
   155 C     CHKPARM       BEGSR                                                                                 000000     012400
   156 C                   MOVEL     LAUNCH        USERPRF                                                       000000     012500
   157 C                   IF        USERPRF = 'MM2024'                                                B01       000000     012600
   158 C                   MOVEL     *BLANK        INEXHB                                               01       000000     012700
   159 C*TODO: Don't make this IF block hardcoded                                                                000000     012800
   160 C*This line left blank. If SECOFR profile passed,                                                         000000     012900
   161 C*allow any Exhibit ID to be entered.                                                                     000000     013000
   162 C                   ELSE                                                                        X01       000000     013100
   163 C                   MOVEL     USERPRF       INEXHB                                               01       000000     013200
   164 C                   MOVEL     *ON           *IN70                                                01       000000     013300
   165 C                   ENDIF                                                                       E01       000000     013400
   166 C                   ENDSR                                                                                 000000     013500
   167 C*-------------------------------------------------------                                                 000000     013600
   168 C     CHKALWVOTE    BEGSR                                                                                 000000     013700
   169 C     *LOVAL        SETLL     SETTINGS                                                                    000000     013800
   170 C                   DOU       %EOF(SETTINGS)                                                    B01       000000     013900
   171 C                   READ      SETTINGS                                                           01       000000     014000
   172 C                   MOVEL     SETTING       STN                                                  01       000000     014100
   173 C                   IF        STN = 'ALWVOTE'                                                   B02       000000     014200
   174 C                   MOVEL     VALUE         STNVAL                                               02       000000     014300
   175 C                   ENDIF                                                                       E02       000000     014400
   176 C                   ENDDO                                                                       E01       000000     014500
   177 C                                                                                               E01       000000     014600
   178 C                   IF        STNVAL = 'N'                                                      B01       000000     014700
   179 C                   EXFMT     ENDOFCON                                                           01       000000     014800
   180 C                   MOVEL     *ON           *INLR                                                01       000000     014900
   181 C                   RETURN                                                                       01       000000     015000
   182 C                   ENDIF                                                                       E01       000000     015100
   183 C                   ENDSR                                                                                 000000     015200
   184 C*-------------------------------------------------------                                                 000000     015300
   185 C     DODAVE        BEGSR                                                                                 000000     015400
   186 C                   EXFMT     DAVE                                                                        000000     015500
   187 C                   MOVEL     *ON           *INLR                                                         000000     015600
   188 C                   RETURN                                                                                000000     015700
   189 C                   ENDSR                                                                                 000000     015800
   190 C*-------------------------------------------------------                                                 000000     015900
   191 C     ENDVOTE       BEGSR                                                                                 000000     016000
   192 C                   EXFMT     VOTEEND                                                                     000000     016100
   193 C*                  CALL      'PRTLSTVOTE'                                                                000000     016200
   194 C                   MOVEL     *ON           *INLR                                                         000000     016300
   195 C                   RETURN                                                                                000000     016400
   196 C                   ENDSR                                                                                 000000     016500
   197=OVOTINGREC                                                                                                         10000001
        *--------------------------------------------------------------------------------------------*                    10
        * RPG record format  . . . . :  VOTINGREC                                                    *                    10
        * External format  . . . . . :  VOTINGREC : ASHIBATA2/VOTINGDB                               *                    10
        *--------------------------------------------------------------------------------------------*                    10
   198=O                       BADGENBR             2B BIN2      4,0                                                      10000002
   199=O                       AWARDNBR             4B BIN2      3,0                                                      10000003
   200=O                       EXHBNBR             13A CHAR        9                                                      10000004
                                                   -=* http://pub400.com *=-
 5770WDS V7R5M0  220415 RN        IBM ILE RPG             ASHIBATA2/ADDVOTE        PUB400     26-09-07 17:22:55        Page      7
Line   <---------------------- Source Specifications ----------------------------><---- Comments ----> Do  Page  Change Src Seq
Number ....1....+....2....+....3....+....4....+....5....+....6....+....7....+....8....+....9....+...10 Num Line  Date   Id  Number
   201=OVOTE1                                                                                                             11000001
        *--------------------------------------------------------------------------------------------*                    11
        * RPG record format  . . . . :  VOTE1                                                        *                    11
        * External format  . . . . . :  VOTE1 : ASHIBATA2/VOTESCR                                    *                    11
        *--------------------------------------------------------------------------------------------*                    11
   202=O                       *IN40                1N CHAR        1                                                      11000002
   203=O                       *IN41                4N CHAR        1                                                      11000003
   204=O                       *IN42                2N CHAR        1                                                      11000004
   205=O                       *IN70                3N CHAR        1                                                      11000005
   206=O                       ERRLINE             49A CHAR       45                                                      11000006
   207=O                       INEXHB              58A CHAR        9                                                      11000007
   208=OVOTEEND                                                                                                           12000001
        *--------------------------------------------------------------------------------------------*                    12
        * RPG record format  . . . . :  VOTEEND                                                      *                    12
        * External format  . . . . . :  VOTEEND : ASHIBATA2/VOTESCR                                  *                    12
        *--------------------------------------------------------------------------------------------*                    12
   209=ODAVE                                                                                                              13000001
        *--------------------------------------------------------------------------------------------*                    13
        * RPG record format  . . . . :  DAVE                                                         *                    13
        * External format  . . . . . :  DAVE : ASHIBATA2/VOTESCR                                     *                    13
        *--------------------------------------------------------------------------------------------*                    13
   210=OENDOFCON                                                                                                          14000001
        *--------------------------------------------------------------------------------------------*                    14
        * RPG record format  . . . . :  ENDOFCON                                                     *                    14
        * External format  . . . . . :  ENDOFCON : ASHIBATA2/VOTESCR                                 *                    14
        *--------------------------------------------------------------------------------------------*                    14
       * * * * *   E N D   O F   S O U R C E   * * * * *
                                                   -=* http://pub400.com *=-
 5770WDS V7R5M0  220415 RN        IBM ILE RPG             ASHIBATA2/ADDVOTE        PUB400     26-09-07 17:22:55        Page      8
          A d d i t i o n a l   D i a g n o s t i c   M e s s a g e s
 Msg id  Sv Number Seq     Message text
*RNF7066 00      5 000500  Record-Format NOVOTEALWD not used for input or output.
*RNF7066 00      4 000400  Record-Format SETTINGSR not used for input or output.
 * * * * *   E N D   O F   A D D I T I O N A L   D I A G N O S T I C   M E S S A G E S   * * * * *
                 O u t p u t   B u f f e r   P o s i t i o n s
Line   Start End   Field or Constant
Number Pos   Pos
   198     1     2 BADGENBR
   199     3     4 AWARDNBR
   200     5    13 EXHBNBR
   202     1     1 *IN40
   203     4     4 *IN41
   204     2     2 *IN42
   205     3     3 *IN70
   206     5    49 ERRLINE
   207    50    58 INEXHB
 * * * * *   E N D   O F   O U T P U T   B U F F E R   P O S I T I O N   *  * * * *
                                                   -=* http://pub400.com *=-
 5770WDS V7R5M0  220415 RN        IBM ILE RPG             ASHIBATA2/ADDVOTE        PUB400     26-09-07 17:22:55        Page      9
                    K e y   F i e l d   I n f o r m a t i o n
         File           Internal    External
           Record       field name  field name  Attributes
      3  AWARDDB
           AWARDRCD
                        AWARDID                 BIN2      3,0 SIGNED
      2  EXHBDB
           EXHBREC
                        EXHUSRPRF               CHAR        9
      4  SETTINGS
           SETTINGSR
                        SETTING                 CHAR        9
      1  VOTINGDB
           VOTINGREC
                        BADGENBR                BIN2      4,0 SIGNED
 * * * * *   E N D   O F   K E Y   F I E L D   I N F O R M A T I O N   * * * * *
                                                   -=* http://pub400.com *=-
 5770WDS V7R5M0  220415 RN        IBM ILE RPG             ASHIBATA2/ADDVOTE        PUB400     26-09-07 17:22:55        Page     10
                          C r o s s   R e f e r e n c e
      File and Record References:
         File              Device             References (D=Defined)
           Record
         AWARDDB           DISK                    3D
           AWARDRCD                                3D     41     138
         EXHBDB            DISK                    2D    123
           EXHBREC                                 2D     31     122     131
         SETTINGS          DISK                    4D    169     170     171
           SETTINGSR                               4D     45
         VOTESCR           WORKSTN                 5D
           VOTE1                                   5D     48      71     201
           VOTEEND                                 5D     54     192     208
           DAVE                                    5D     55     186     209
           NOVOTEALWD                              5D     56
           ENDOFCON                                5D     57     179     210
         VOTINGDB          DISK                    1D    121
           VOTINGREC                               1D     27     115     149
                                                 197
      Global Field References:
         Field             Attributes         References (D=Defined M=Modified)
         *ENTRY            PLIST                  58D
         *INLR             N(1)                  105M    180M    187M    194M
         *IN05             N(1)                   49M     98M    114M
         *IN12             N(1)                   50D    104
         *IN40             N(1)                   75M    202
         *IN41             N(1)                   89M    203
         *IN42             N(1)                   82M    204
         *IN70             N(1)                  164M    205
         *IN93             N(1)                  132
         *IN94             N(1)                  139
         *IN95             N(1)                  116
         ADDTODB           BEGSR                 110     112D
         ALWEXIT           P(1,0)                 10D     64M     66     101M
*RNF7031 AWARDDESC         A(1000)                44D
*RNF7031 AWARDID           P(3,0)                 42D
         AWARDNBR          P(3,0)                 29M    147M    199
*RNF7031 AWARDTITLE        A(100)                 43D
         BADGENBR          P(4,0)                 28M    146M    198
         CHECKOK           P(1,0)                  9D    113M    119M    128M
                                                 133M    140M    145
         CHKALWVOTE        BEGSR                  62     168D
         CHKPARM           BEGSR                  61     155D
         DODAVE            BEGSR                  95     185D
         ELIGIBLE          P(1,0)                 39D    125
         ENDVOTE           BEGSR                 151     191D
*RNF7031 ENLRN400          P(1,0)                 40D
         ERRBLKAW          CONST                  18D     81
         ERRBLKBG          CONST                  16D     74
         ERRBLKEX          CONST                  17D     88
*RNF7031 ERRDBG1           CONST                  24D
*RNF7031 ERRDBG2           CONST                  25D
*RNF7031 ERRENTER          CONST                  20D
         ERREXIST          CONST                  19D    117
                                                   -=* http://pub400.com *=-
 5770WDS V7R5M0  220415 RN        IBM ILE RPG             ASHIBATA2/ADDVOTE        PUB400     26-09-07 17:22:55        Page     11
         ERRLINE           A(45)                  74M     81M     88M    117M
                                                 126M    135M    142M    206
         ERRNOAWD          CONST                  23D    142
         ERRNOEXB          CONST                  22D    135
         ERRPROHB          CONST                  21D    126
*RNF7031 EXHBCITY          A(20)                  35D
*RNF7031 EXHBDBID          P(3,0)                 32D
*RNF7031 EXHBDESC          A(1000)                38D
*RNF7031 EXHBITOR          A(20)                  34D
         EXHBNBR           A(9)                   30M    148M    200
*RNF7031 EXHBSTATE         A(2)                   36D
*RNF7031 EXHBTITLE         A(50)                  37D
*RNF7031 EXHUSRPRF         A(9)                   33D
         INEXHB            A(9)                   53M     87      94     122
                                                 131     148     158M    163M
                                                 207
         INPUTAWARD        P(3,0)                 52D     80     138     147
         INPUTBADGE        P(4,0)                 51D     73     115     146
         LAUNCH            A(9)                   59D    156
                           BASED(_QRNL_PRM+)
*RNF7031 RPTAWD            P(3,0)                 12D
*RNF7031 RPTBADGE          P(4,0)                 11D
*RNF7031 RPTEXHB           A(9)                   13D
         SETTING           A(9)                   46D    172
         STN               A(9)                    6D    172M    173
         STNVAL            A(9)                    7D    174M    178
*RNF7031 SUCCESS           CONST                  15D
         USERPRF           A(9)                    8D    156M    157     163
         VALIDATE          P(1,0)                 14D     67M     77M     84M
                                                  91M    100
         VALUE             A(9)                   47D    174
      Indicator References:
         Indicator                            References (D=Defined M=Modified)
         05                                       49M     98M    114M
         12                                       50M    104
         40                                       75M    202
         41                                       89M    203
         42                                       82M    204
         70                                      164M    205
*RNF7031 90                                      121D
         93                                      131D    132
         94                                      138D    139
         95                                      115D    116
         LR                                      105M    180M    187M    194M
       * * * * *   E N D   O F   C R O S S   R E F E R E N C E   * * * * *
                                                   -=* http://pub400.com *=-
 5770WDS V7R5M0  220415 RN        IBM ILE RPG             ASHIBATA2/ADDVOTE        PUB400     26-09-07 17:22:55        Page     12
                      E x t e r n a l   R e f e r e n c e s
      Statically bound procedures:
         Procedure                            References
         No references in the source.
      Imported fields:
         Field             Attributes         Defined
         No references in the source.
      Exported fields:
         Field             Attributes         Defined
         No references in the source.
   * * * * *   E N D   O F   E X T E R N A L   R E F E R E N C E S   * * * * *
                                                   -=* http://pub400.com *=-
 5770WDS V7R5M0  220415 RN        IBM ILE RPG             ASHIBATA2/ADDVOTE        PUB400     26-09-07 17:22:55        Page     13
                          M e s s a g e   S u m m a r y
 Msg id  Sv Number Message text
*RNF7031 00     19 The name or indicator is not referenced.
*RNF7066 00      2 Record-Format name of Externally-Described file is not used.
       * * * * *   E N D   O F   M E S S A G E   S U M M A R Y   * * * * *
                                                   -=* http://pub400.com *=-
 5770WDS V7R5M0  220415 RN        IBM ILE RPG             ASHIBATA2/ADDVOTE        PUB400     26-09-07 17:22:55        Page     14
                            F i n a l   S u m m a r y
  Message Totals:
    Information  (00) . . . . . . . :       21
    Warning      (10) . . . . . . . :        0
    Error        (20) . . . . . . . :        0
    Severe Error (30+)  . . . . . . :        0
    ---------------------------------  -------
    Total . . . . . . . . . . . . . :       21
  Source Totals:
    Records . . . . . . . . . . . . :      210
    Specifications  . . . . . . . . :      187
    Data records  . . . . . . . . . :        0
    Comments  . . . . . . . . . . . :       23
         * * * * *   E N D   O F   F I N A L   S U M M A R Y   * * * * *
Program ADDVOTE placed in library ASHIBATA2. 00 highest severity. Created on 26-09-07 at 17:22:55.
          * * * * *   E N D   O F   C O M P I L A T I O N   * * * * *
                                                   -=* http://pub400.com *=-
 5770WDS V7R5M0  220415 RN        IBM ILE RPG             ASHIBATA2/ADDGBCMT       PUB400     26-09-07 17:22:55        Page      1
  Command  . . . . . . . . . . . . :   CRTBNDRPG
    Issued by  . . . . . . . . . . :     ASHIBATA
  Program  . . . . . . . . . . . . :   ADDGBCMT
    Library  . . . . . . . . . . . :     ASHIBATA2
  Text 'description' . . . . . . . :   *SRCMBRTXT
  Source Member  . . . . . . . . . :   ADDGBCMT
  Source File  . . . . . . . . . . :   QRPGLESRC
    Library  . . . . . . . . . . . :     ASHIBATA1
    CCSID  . . . . . . . . . . . . :     273
  Text 'description' . . . . . . . :
  Last Change  . . . . . . . . . . :   26-09-07  17:21:20
  Generation severity level  . . . :   10
  Default activation group . . . . :   *YES
  Compiler options . . . . . . . . :   *XREF      *GEN       *NOSECLVL  *SHOWCPY
                                       *EXPDDS    *EXT       *NOSHOWSKP *NOSRCSTMT
                                       *DEBUGIO   *UNREF     *NOEVENTF
  Debugging views  . . . . . . . . :   *SOURCE
  Debug encryption key . . . . . . :   *NONE
  Output . . . . . . . . . . . . . :   *PRINT
  Optimization level . . . . . . . :   *NONE
  Source listing indentation . . . :   *NONE
  Type conversion options  . . . . :   *NONE
  Sort sequence  . . . . . . . . . :   *HEX
  Language identifier  . . . . . . :   *JOBRUN
  Replace program  . . . . . . . . :   *YES
  User profile . . . . . . . . . . :   *USER
  Authority  . . . . . . . . . . . :   *LIBCRTAUT
  Truncate numeric . . . . . . . . :   *YES
  Fix numeric  . . . . . . . . . . :   *NONE
  Target release . . . . . . . . . :   *CURRENT
  Allow null values  . . . . . . . :   *NO
  Define condition names . . . . . :   *NONE
  Enable performance collection  . :   *PEP
  Profiling data . . . . . . . . . :   *NOCOL
  Licensed Internal Code options . :
  Generate program interface . . . :   *NO
  Include directory  . . . . . . . :
  Preprocessor options . . . . . . :   *NONE
  Require prototype for export . . :   *NO
                                                   -=* http://pub400.com *=-
 5770WDS V7R5M0  220415 RN        IBM ILE RPG             ASHIBATA2/ADDGBCMT       PUB400     26-09-07 17:22:55        Page      2
Line   <---------------------- Source Specifications ----------------------------><---- Comments ----> Do  Page  Change Src Seq
Number ....1....+....2....+....3....+....4....+....5....+....6....+....7....+....8....+....9....+...10 Num Line  Date   Id  Number
                          S o u r c e   L i s t i n g
     1 FGUESTBKDB UF A E           K DISK                                                                        000000     000100
        *--------------------------------------------------------------------------------------------*
        *                               RPG name         External name                               *
        * File name. . . . . . . . . :  GUESTBKDB        ASHIBATA2/GUESTBKDB                         *
        * Record format(s) . . . . . :  GUESTBKRCD       GUESTBKRCD                                  *
        *--------------------------------------------------------------------------------------------*
     2 FEXHBDB    IF   E           K DISK                                                                        000000     000200
        *--------------------------------------------------------------------------------------------*
        *                               RPG name         External name                               *
        * File name. . . . . . . . . :  EXHBDB           ASHIBATA2/EXHBDB                            *
        * Record format(s) . . . . . :  EXHBREC          EXHBREC                                     *
        *--------------------------------------------------------------------------------------------*
     3 FGUESTBKSCRCF   E             WORKSTN                                                                     000000     000300
        *--------------------------------------------------------------------------------------------*
        *                               RPG name         External name                               *
        * File name. . . . . . . . . :  GUESTBKSCR       ASHIBATA2/GUESTBKSCR                        *
        * Record format(s) . . . . . :  ADDCMT           ADDCMT                                      *
        *                               ENDCMT           ENDCMT                                      *
        *                               READCMT          READCMT                                     *
        *                               HIDECMT          HIDECMT                                     *
        *--------------------------------------------------------------------------------------------*
     4 DID               S              4P 0                                                                     000000     000400
     5 DALWEXIT          S              1P 0                                                                     000000     000500
     6 DVALIDATE         S              1P 0                                                                     000000     000600
     7 DUSERPRF          S              9A                                                                       000000     000700
     8 DSUCCESS          C                   CONST('Thanks for commenting')                                      000000     000800
     9 DVISYES           C                   CONST('Y')                                                          000000     000900
    10 DERREXID          C                   CONST('Must enter Exhibit ID')                                      000000     001000
    11 DERRNOCMT         C                   CONST('Must enter a comment')                                       000000     001100
    12 DERREXIST         C                   CONST('Exhibit not found')                                          000000     001200
    13 DERRNONAME        C                   CONST('Must enter your name    ')                                   000000     001300
    14 C*-----------------------------------------------                                                         000000     001400
    15=IGUESTBKRCD                                                                                                         1000001
        *--------------------------------------------------------------------------------------------*                     1
        * RPG record format  . . . . :  GUESTBKRCD                                                   *                     1
        * External format  . . . . . :  GUESTBKRCD : ASHIBATA2/GUESTBKDB                             *                     1
        *--------------------------------------------------------------------------------------------*                     1
    16=I                             B    1    2 0CMTID                                                                    1000002
    17=I                             A    3    3  VISIBLE                                                                  1000003
    18=I                             A    4   12  EXHBID                                                                   1000004
    19=I                             A   13   32  GUESTNAME                                                                1000005
    20=I                             A   33  232  GUESTCMT                                                                 1000006
    21=IEXHBREC                                                                                                            2000001
        *--------------------------------------------------------------------------------------------*                     2
        * RPG record format  . . . . :  EXHBREC                                                      *                     2
        * External format  . . . . . :  EXHBREC : ASHIBATA2/EXHBDB                                   *                     2
        *--------------------------------------------------------------------------------------------*                     2
                                                   -=* http://pub400.com *=-
 5770WDS V7R5M0  220415 RN        IBM ILE RPG             ASHIBATA2/ADDGBCMT       PUB400     26-09-07 17:22:55        Page      3
Line   <---------------------- Source Specifications ----------------------------><---- Comments ----> Do  Page  Change Src Seq
Number ....1....+....2....+....3....+....4....+....5....+....6....+....7....+....8....+....9....+...10 Num Line  Date   Id  Number
    22=I                             B    1    2 0EXHBDBID                                                                 2000002
    23=I                             A    3   11  EXHUSRPRF                                                                2000003
    24=I                             A   12   31  EXHBITOR                                                                 2000004
    25=I                             A   32   51  EXHBCITY                                                                 2000005
    26=I                             A   52   53  EXHBSTATE                                                                2000006
    27=I                             A   54  103  EXHBTITLE                                                                2000007
    28=I                             A  104 1103  EXHBDESC                                                                 2000008
    29=I                             B 1104 1105 0ELIGIBLE                                                                 2000009
    30=I                             B 1106 1107 0ENLRN400                                                                 2000010
    31=IADDCMT                                                                                                             3000001
        *--------------------------------------------------------------------------------------------*                     3
        * RPG record format  . . . . :  ADDCMT                                                       *                     3
        * External format  . . . . . :  ADDCMT : ASHIBATA2/GUESTBKSCR                                *                     3
        *--------------------------------------------------------------------------------------------*                     3
    32=I                             N    1    1  *IN05                           Submit                                   3000002
    33=I                             N    2    2  *IN12                           Cancel                                   3000003
    34=I                             A    3   18  INNAME                                                                   3000004
    35=I                             A   19  218  INCMT                                                                    3000005
    36=I                             A  219  227  INID                                                                     3000006
    37=IENDCMT                                                                                                             4000001
        *--------------------------------------------------------------------------------------------*                     4
        * RPG record format  . . . . :  ENDCMT                                                       *                     4
        * External format  . . . . . :  ENDCMT : ASHIBATA2/GUESTBKSCR                                *                     4
        *--------------------------------------------------------------------------------------------*                     4
    38=IREADCMT                                                                                                            5000001
        *--------------------------------------------------------------------------------------------*                     5
        * RPG record format  . . . . :  READCMT                                                      *                     5
        * External format  . . . . . :  READCMT : ASHIBATA2/GUESTBKSCR                               *                     5
        *--------------------------------------------------------------------------------------------*                     5
    39=I                             N    1    1  *IN05                           Submit                                   5000002
    40=I                             N    2    2  *IN12                           Cancel                                   5000003
    41=I                             S    3    6 0INCMTID                                                                  5000004
    42=IHIDECMT                                                                                                            6000001
        *--------------------------------------------------------------------------------------------*                     6
        * RPG record format  . . . . :  HIDECMT                                                      *                     6
        * External format  . . . . . :  HIDECMT : ASHIBATA2/GUESTBKSCR                               *                     6
        *--------------------------------------------------------------------------------------------*                     6
    43=I                             N    1    1  *IN05                           Submit                                   6000002
    44=I                             N    2    2  *IN12                           Cancel                                   6000003
    45=I                             A    3    3  INHIDEYN                                                                 6000004
    46 C     *ENTRY        PLIST                                                                                 000000     001500
    47 C                   PARM                    LAUNCH           20                                           000000     001600
    48 C*-----------------------------------------------                                                         000000     001700
    49 C                   MOVEL     0             ALWEXIT                                                       000000     001800
    50 C                                                                                                         000000     001900
    51 C                   DOW       ALWEXIT = *ZERO                                                   B01       000000     002000
    52 C                   MOVEL     0             VALIDATE                                             01       000000     002100
    53 C                                                                                                01       000000     002200
    54 C                   EXSR      CHKPARM                                                            01       000000     002300
    55 C                   EXFMT     ADDCMT                                                             01       000000     002400
    56 C*                                                                                                        000000     002500
    57 C                   IF        INID     = *BLANK                                                 B02       000000     002600
    58 C                   EVAL      ERRLINE = ERREXID                                                  02       000000     002700
    59 C                   EVAL      *IN40 = *ON                                                        02       000000     002800
                                                   -=* http://pub400.com *=-
 5770WDS V7R5M0  220415 RN        IBM ILE RPG             ASHIBATA2/ADDGBCMT       PUB400     26-09-07 17:22:55        Page      4
Line   <---------------------- Source Specifications ----------------------------><---- Comments ----> Do  Page  Change Src Seq
Number ....1....+....2....+....3....+....4....+....5....+....6....+....7....+....8....+....9....+...10 Num Line  Date   Id  Number
    60 C                   ELSE                                                                        X02       000000     002900
    61 C                   ADD       1             VALIDATE                                             02       000000     003000
    62 C                   ENDIF                                                                       E02       000000     003100
    63 C*                                                                                                        000000     003200
    64 C                   IF        INNAME = *BLANK                                                   B02       000000     003300
    65 C                   EVAL      ERRLINE = ERRNONAME                                                02       000000     003400
    66 C                   EVAL      *IN41 = *ON                                                        02       000000     003500
    67 C                   ELSE                                                                        X02       000000     003600
    68 C                   ADD       1             VALIDATE                                             02       000000     003700
    69 C                   ENDIF                                                                       E02       000000     003800
    70 C                                                                                               E02       000000     003900
    71 C                   IF        INCMT = *BLANK                                                    B02       000000     004000
    72 C                   EVAL      ERRLINE = ERRNOCMT                                                 02       000000     004100
    73 C                   EVAL      *IN42 = *ON                                                        02       000000     004200
    74 C                   ELSE                                                                        X02       000000     004300
    75 C                   ADD       1             VALIDATE                                             02       000000     004400
    76 C                   ENDIF                                                                       E02       000000     004500
    77 C                                                                                               E02       000000     004600
    78 C                   EVAL      *IN05 = *OFF                                                       01       000000     004700
    79 C                                                                                                01       000000     004800
    80 C                   IF        VALIDATE = 3                                                      B02       000000     004900
    81 C                   MOVEL     1             ALWEXIT                                              02       000000     005000
    82 C                   ENDIF                                                                       E02       000000     005100
    83 C*                                                                                                        000000     005200
    84 C                   IF        *IN12 = *ON                                                       B02       000000     005300
    85 C                   MOVEL     *ON           *INLR                                                02       000000     005400
    86 C                   RETURN                                                                       02       000000     005500
    87 C                   ENDIF                                                                       E02       000000     005600
    88 C*                                                                                                        000000     005700
    89 C                   ENDDO                                                                       E01       000000     005800
    90 C                   EXSR      ADDTODB                                                                     000000     005900
    91 C*----------------------------------------------------                                                    000000     006000
    92 C     ADDTODB       BEGSR                                                                                 000000     006100
    93 C                   MOVEL     0             ID                                                            000000     006200
    94 C                   EVAL      *IN05 = *OFF                                                                000000     006300
    95 C                   READ      GUESTBKDB                          ----90                                   000000     006400
    96 C     *IN90         DOWEQ     *OFF                                                              B01       000000     006500
    97 C                   READ      GUESTBKDB                          ----90                          01       000000     006600
    98 C                   ENDDO                                                                       E01       000000     006700
    99 C                   MOVEL     CMTID         ID                                                            000000     006800
   100 C                   ADD       1             ID                                                            000000     006900
   101 C                   MOVEL     ID            CMTID                                                         000000     007000
   102 C                   MOVEL     INNAME        GUESTNAME                                                     000000     007100
   103 C                   MOVEL     INID          EXHBID                                                        000000     007200
   104 C                   MOVEL     INCMT         GUESTCMT                                                      000000     007300
   105 C                   MOVEL     VISYES        VISIBLE                                                       000000     007400
   106 C                   WRITE     GUESTBKRCD                                                                  000000     007500
   107 C                   CALL      'PRTLSTCMT'                                                                 000000     007600
   108 C                   EXFMT     ENDCMT                                                                      000000     007700
   109 C                   EXSR      ENDADDGB                                                                    000000     007800
   110 C                   ENDSR                                                                                 000000     007900
   111 C*-------------------------------------------------------                                                 000000     008000
   112 C     CHKPARM       BEGSR                                                                                 000000     008100
   113 C                   MOVEL     LAUNCH        USERPRF                                                       000000     008200
   114 C                   IF        USERPRF = 'MM2024'                                                B01       000000     008300
   115 C                                                                                               B01       000000     008400
                                                   -=* http://pub400.com *=-
 5770WDS V7R5M0  220415 RN        IBM ILE RPG             ASHIBATA2/ADDGBCMT       PUB400     26-09-07 17:22:55        Page      5
Line   <---------------------- Source Specifications ----------------------------><---- Comments ----> Do  Page  Change Src Seq
Number ....1....+....2....+....3....+....4....+....5....+....6....+....7....+....8....+....9....+...10 Num Line  Date   Id  Number
   116 C                   ELSE                                                                        X01       000000     008500
   117 C                   MOVEL     USERPRF       INID                                                 01       000000     008600
   118 C                   MOVEL     *ON           *IN70                                                01       000000     008700
   119 C                   ENDIF                                                                       E01       000000     008800
   120 C                   ENDSR                                                                                 000000     008900
   121 C*-------------------------------------------------------                                                 000000     009000
   122 C     ENDADDGB      BEGSR                                                                                 000000     009100
   123 C*                  EXFMT     VOTEEND                                                                     000000     009200
   124 C                   MOVEL     *ON           *INLR                                                         000000     009300
   125 C                   RETURN                                                                                000000     009400
   126 C                   ENDSR                                                                                 000000     009500
   127=OGUESTBKRCD                                                                                                         7000001
        *--------------------------------------------------------------------------------------------*                     7
        * RPG record format  . . . . :  GUESTBKRCD                                                   *                     7
        * External format  . . . . . :  GUESTBKRCD : ASHIBATA2/GUESTBKDB                             *                     7
        *--------------------------------------------------------------------------------------------*                     7
   128=O                       CMTID                2B BIN2      4,0                                                       7000002
   129=O                       VISIBLE              3A CHAR        1                                                       7000003
   130=O                       EXHBID              12A CHAR        9                                                       7000004
   131=O                       GUESTNAME           32A CHAR       20                                                       7000005
   132=O                       GUESTCMT           232A CHAR      200                                                       7000006
   133=OADDCMT                                                                                                             8000001
        *--------------------------------------------------------------------------------------------*                     8
        * RPG record format  . . . . :  ADDCMT                                                       *                     8
        * External format  . . . . . :  ADDCMT : ASHIBATA2/GUESTBKSCR                                *                     8
        *--------------------------------------------------------------------------------------------*                     8
   134=O                       *IN70                1N CHAR        1                                                       8000002
   135=O                       ERRLINE             22A CHAR       21                                                       8000003
   136=O                       INID                31A CHAR        9                                                       8000004
   137=OENDCMT                                                                                                             9000001
        *--------------------------------------------------------------------------------------------*                     9
        * RPG record format  . . . . :  ENDCMT                                                       *                     9
        * External format  . . . . . :  ENDCMT : ASHIBATA2/GUESTBKSCR                                *                     9
        *--------------------------------------------------------------------------------------------*                     9
       * * * * *   E N D   O F   S O U R C E   * * * * *
                                                   -=* http://pub400.com *=-
 5770WDS V7R5M0  220415 RN        IBM ILE RPG             ASHIBATA2/ADDGBCMT       PUB400     26-09-07 17:22:55        Page      6
          A d d i t i o n a l   D i a g n o s t i c   M e s s a g e s
 Msg id  Sv Number Seq     Message text
*RNF7066 00      2 000200  Record-Format EXHBREC not used for input or output.
*RNF7066 00      3 000300  Record-Format HIDECMT not used for input or output.
*RNF7066 00      3 000300  Record-Format READCMT not used for input or output.
*RNF7086 00      2 000200  RPG handles blocking for file EXHBDB. INFDS is updated only
                           when blocks of data are transferred.
 * * * * *   E N D   O F   A D D I T I O N A L   D I A G N O S T I C   M E S S A G E S   * * * * *
                 O u t p u t   B u f f e r   P o s i t i o n s
Line   Start End   Field or Constant
Number Pos   Pos
   128     1     2 CMTID
   129     3     3 VISIBLE
   130     4    12 EXHBID
   131    13    32 GUESTNAME
   132    33   232 GUESTCMT
   134     1     1 *IN70
   135     2    22 ERRLINE
   136    23    31 INID
 * * * * *   E N D   O F   O U T P U T   B U F F E R   P O S I T I O N   *  * * * *
                                                   -=* http://pub400.com *=-
 5770WDS V7R5M0  220415 RN        IBM ILE RPG             ASHIBATA2/ADDGBCMT       PUB400     26-09-07 17:22:55        Page      7
                    K e y   F i e l d   I n f o r m a t i o n
         File           Internal    External
           Record       field name  field name  Attributes
      2  EXHBDB
           EXHBREC
                        EXHUSRPRF               CHAR        9
      1  GUESTBKDB
           GUESTBKRCD
                        CMTID                   BIN2      4,0 SIGNED
 * * * * *   E N D   O F   K E Y   F I E L D   I N F O R M A T I O N   * * * * *
                                                   -=* http://pub400.com *=-
 5770WDS V7R5M0  220415 RN        IBM ILE RPG             ASHIBATA2/ADDGBCMT       PUB400     26-09-07 17:22:55        Page      8
                          C r o s s   R e f e r e n c e
      File and Record References:
         File              Device             References (D=Defined)
           Record
         EXHBDB            DISK                    2D
           EXHBREC                                 2D     21
         GUESTBKDB         DISK                    1D     95      97
           GUESTBKRCD                              1D     15     106     127
         GUESTBKSCR        WORKSTN                 3D
           ADDCMT                                  3D     31      55     133
           ENDCMT                                  3D     37     108     137
           READCMT                                 3D     38
           HIDECMT                                 3D     42
      Global Field References:
         Field             Attributes         References (D=Defined M=Modified)
         *ENTRY            PLIST                  46D
         *INLR             N(1)                   85M    124M
         *IN05             N(1)                   32M     39M     43M     78M
                                                  94M
         *IN12             N(1)                   33D     40M     44M     84
         *IN40             N(1)                   59M
         *IN41             N(1)                   66M
         *IN42             N(1)                   73M
         *IN70             N(1)                  118M    134
         *IN90             N(1)                   96
         ADDTODB           BEGSR                  90      92D
         ALWEXIT           P(1,0)                  5D     49M     51      81M
         CHKPARM           BEGSR                  54     112D
         CMTID             P(4,0)                 16M     99     101M    128
*RNF7031 ELIGIBLE          P(1,0)                 29D
         ENDADDGB          BEGSR                 109     122D
*RNF7031 ENLRN400          P(1,0)                 30D
         ERREXID           CONST                  10D     58
*RNF7031 ERREXIST          CONST                  12D
         ERRLINE           A(21)                  58M     65M     72M    135
         ERRNOCMT          CONST                  11D     72
         ERRNONAME         CONST                  13D     65
*RNF7031 EXHBCITY          A(20)                  25D
*RNF7031 EXHBDBID          P(3,0)                 22D
*RNF7031 EXHBDESC          A(1000)                28D
         EXHBID            A(9)                   18M    103M    130
*RNF7031 EXHBITOR          A(20)                  24D
*RNF7031 EXHBSTATE         A(2)                   26D
*RNF7031 EXHBTITLE         A(50)                  27D
*RNF7031 EXHUSRPRF         A(9)                   23D
         GUESTCMT          A(200)                 20M    104M    132
         GUESTNAME         A(20)                  19M    102M    131
         ID                P(4,0)                  4D     93M     99M    100M
                                                 101
         INCMT             A(200)                 35D     71     104
*RNF7031 INCMTID           P(4,0)                 41D
*RNF7031 INHIDEYN          A(1)                   45D
         INID              A(9)                   36M     57     103     117M
                                                 136
                                                   -=* http://pub400.com *=-
 5770WDS V7R5M0  220415 RN        IBM ILE RPG             ASHIBATA2/ADDGBCMT       PUB400     26-09-07 17:22:55        Page      9
         INNAME            A(16)                  34D     64     102
         LAUNCH            A(20)                  47D    113
                           BASED(_QRNL_PRM+)
*RNF7031 SUCCESS           CONST                   8D
         USERPRF           A(9)                    7D    113M    114     117
         VALIDATE          P(1,0)                  6D     52M     61M     68M
                                                  75M     80
         VISIBLE           A(1)                   17M    105M    129
         VISYES            CONST                   9D    105
      Indicator References:
         Indicator                            References (D=Defined M=Modified)
         05                                       32M     39M     43M     78M
                                                  94M
         12                                       33M     40M     44M     84
         40                                       59M
         41                                       66M
         42                                       73M
         70                                      118M    134
         90                                       95D     96      97D
         LR                                       85M    124M
       * * * * *   E N D   O F   C R O S S   R E F E R E N C E   * * * * *
                                                   -=* http://pub400.com *=-
 5770WDS V7R5M0  220415 RN        IBM ILE RPG             ASHIBATA2/ADDGBCMT       PUB400     26-09-07 17:22:55        Page     10
                      E x t e r n a l   R e f e r e n c e s
      Statically bound procedures:
         Procedure                            References
         No references in the source.
      Imported fields:
         Field             Attributes         Defined
         No references in the source.
      Exported fields:
         Field             Attributes         Defined
         No references in the source.
   * * * * *   E N D   O F   E X T E R N A L   R E F E R E N C E S   * * * * *
                                                   -=* http://pub400.com *=-
 5770WDS V7R5M0  220415 RN        IBM ILE RPG             ASHIBATA2/ADDGBCMT       PUB400     26-09-07 17:22:55        Page     11
                          M e s s a g e   S u m m a r y
 Msg id  Sv Number Message text
*RNF7031 00     13 The name or indicator is not referenced.
*RNF7066 00      3 Record-Format name of Externally-Described file is not used.
*RNF7086 00      1 RPG handles blocking for the file. INFDS is updated only when
                   blocks of data are transferred.
       * * * * *   E N D   O F   M E S S A G E   S U M M A R Y   * * * * *
                                                   -=* http://pub400.com *=-
 5770WDS V7R5M0  220415 RN        IBM ILE RPG             ASHIBATA2/ADDGBCMT       PUB400     26-09-07 17:22:55        Page     12
                            F i n a l   S u m m a r y
  Message Totals:
    Information  (00) . . . . . . . :       17
    Warning      (10) . . . . . . . :        0
    Error        (20) . . . . . . . :        0
    Severe Error (30+)  . . . . . . :        0
    ---------------------------------  -------
    Total . . . . . . . . . . . . . :       17
  Source Totals:
    Records . . . . . . . . . . . . :      137
    Specifications  . . . . . . . . :      127
    Data records  . . . . . . . . . :        0
    Comments  . . . . . . . . . . . :       10
         * * * * *   E N D   O F   F I N A L   S U M M A R Y   * * * * *
Program ADDGBCMT placed in library ASHIBATA2. 00 highest severity. Created on 26-09-07 at 17:22:55.
          * * * * *   E N D   O F   C O M P I L A T I O N   * * * * *
                                                   -=* http://pub400.com *=-
 5770WDS V7R5M0  220415 RN        IBM ILE RPG             ASHIBATA2/READGBCMT      PUB400     26-09-07 17:22:55        Page      1
  Command  . . . . . . . . . . . . :   CRTBNDRPG
    Issued by  . . . . . . . . . . :     ASHIBATA
  Program  . . . . . . . . . . . . :   READGBCMT
    Library  . . . . . . . . . . . :     ASHIBATA2
  Text 'description' . . . . . . . :   *SRCMBRTXT
  Source Member  . . . . . . . . . :   READGBCMT
  Source File  . . . . . . . . . . :   QRPGLESRC
    Library  . . . . . . . . . . . :     ASHIBATA1
    CCSID  . . . . . . . . . . . . :     273
  Text 'description' . . . . . . . :
  Last Change  . . . . . . . . . . :   26-09-07  17:22:15
  Generation severity level  . . . :   10
  Default activation group . . . . :   *YES
  Compiler options . . . . . . . . :   *XREF      *GEN       *NOSECLVL  *SHOWCPY
                                       *EXPDDS    *EXT       *NOSHOWSKP *NOSRCSTMT
                                       *DEBUGIO   *UNREF     *NOEVENTF
  Debugging views  . . . . . . . . :   *SOURCE
  Debug encryption key . . . . . . :   *NONE
  Output . . . . . . . . . . . . . :   *PRINT
  Optimization level . . . . . . . :   *NONE
  Source listing indentation . . . :   *NONE
  Type conversion options  . . . . :   *NONE
  Sort sequence  . . . . . . . . . :   *HEX
  Language identifier  . . . . . . :   *JOBRUN
  Replace program  . . . . . . . . :   *YES
  User profile . . . . . . . . . . :   *USER
  Authority  . . . . . . . . . . . :   *LIBCRTAUT
  Truncate numeric . . . . . . . . :   *YES
  Fix numeric  . . . . . . . . . . :   *NONE
  Target release . . . . . . . . . :   *CURRENT
  Allow null values  . . . . . . . :   *NO
  Define condition names . . . . . :   *NONE
  Enable performance collection  . :   *PEP
  Profiling data . . . . . . . . . :   *NOCOL
  Licensed Internal Code options . :
  Generate program interface . . . :   *NO
  Include directory  . . . . . . . :
  Preprocessor options . . . . . . :   *NONE
  Require prototype for export . . :   *NO
                                                   -=* http://pub400.com *=-
 5770WDS V7R5M0  220415 RN        IBM ILE RPG             ASHIBATA2/READGBCMT      PUB400     26-09-07 17:22:55        Page      2
Line   <---------------------- Source Specifications ----------------------------><---- Comments ----> Do  Page  Change Src Seq
Number ....1....+....2....+....3....+....4....+....5....+....6....+....7....+....8....+....9....+...10 Num Line  Date   Id  Number
                          S o u r c e   L i s t i n g
     1 FGUESTBKDB UF A E           K DISK                                                                        000000     000100
        *--------------------------------------------------------------------------------------------*
        *                               RPG name         External name                               *
        * File name. . . . . . . . . :  GUESTBKDB        ASHIBATA2/GUESTBKDB                         *
        * Record format(s) . . . . . :  GUESTBKRCD       GUESTBKRCD                                  *
        *--------------------------------------------------------------------------------------------*
     2 FEXHBDB    IF   E           K DISK                                                                        000000     000200
        *--------------------------------------------------------------------------------------------*
        *                               RPG name         External name                               *
        * File name. . . . . . . . . :  EXHBDB           ASHIBATA2/EXHBDB                            *
        * Record format(s) . . . . . :  EXHBREC          EXHBREC                                     *
        *--------------------------------------------------------------------------------------------*
     3 FGUESTBKSCRCF   E             WORKSTN                                                                     000000     000300
        *--------------------------------------------------------------------------------------------*
        *                               RPG name         External name                               *
        * File name. . . . . . . . . :  GUESTBKSCR       ASHIBATA2/GUESTBKSCR                        *
        * Record format(s) . . . . . :  ADDCMT           ADDCMT                                      *
        *                               ENDCMT           ENDCMT                                      *
        *                               READCMT          READCMT                                     *
        *                               HIDECMT          HIDECMT                                     *
        *--------------------------------------------------------------------------------------------*
     4 DID               S              4P 0                                                                     000000     000400
     5 DALWEXIT          S              1P 0                                                                     000000     000500
     6 DVALIDATE         S              1P 0                                                                     000000     000600
     7 DUSERPRF          S              9A                                                                       000000     000700
     8 DERRCMTID         C                   CONST('Must enter CommentID')                                       000000     000800
     9 DERRHNAME         C                   CONST('Name Hidden')                                                000000     000900
    10 DERRPNAME         C                   CONST('Private Comment')                                            000000     001000
    11 DERREXIST         C                   CONST('Exhibit not found')                                          000000     001100
    12 DERRHCMT          C                   CONST('This comment hidden by an +                                  000000     001200
    13 D                                            admin - offensive content.')                                 000000     001300
    14 DERRPRIV          C                   CONST('This comment is not part of +                                000000     001400
    15 D                                            this guestbook.             ')                               000000     001500
    16 DBLNK             C                   CONST('                         -                                   000000     001600
    17 D                                                                    ')                                   000000     001700
    18 C*-----------------------------------------------                                                         000000     001800
    19=IGUESTBKRCD                                                                                                         1000001
        *--------------------------------------------------------------------------------------------*                     1
        * RPG record format  . . . . :  GUESTBKRCD                                                   *                     1
        * External format  . . . . . :  GUESTBKRCD : ASHIBATA2/GUESTBKDB                             *                     1
        *--------------------------------------------------------------------------------------------*                     1
    20=I                             B    1    2 0CMTID                                                                    1000002
    21=I                             A    3    3  VISIBLE                                                                  1000003
    22=I                             A    4   12  EXHBID                                                                   1000004
    23=I                             A   13   32  GUESTNAME                                                                1000005
    24=I                             A   33  232  GUESTCMT                                                                 1000006
    25=IEXHBREC                                                                                                            2000001
                                                   -=* http://pub400.com *=-
 5770WDS V7R5M0  220415 RN        IBM ILE RPG             ASHIBATA2/READGBCMT      PUB400     26-09-07 17:22:55        Page      3
Line   <---------------------- Source Specifications ----------------------------><---- Comments ----> Do  Page  Change Src Seq
Number ....1....+....2....+....3....+....4....+....5....+....6....+....7....+....8....+....9....+...10 Num Line  Date   Id  Number
        *--------------------------------------------------------------------------------------------*                     2
        * RPG record format  . . . . :  EXHBREC                                                      *                     2
        * External format  . . . . . :  EXHBREC : ASHIBATA2/EXHBDB                                   *                     2
        *--------------------------------------------------------------------------------------------*                     2
    26=I                             B    1    2 0EXHBDBID                                                                 2000002
    27=I                             A    3   11  EXHUSRPRF                                                                2000003
    28=I                             A   12   31  EXHBITOR                                                                 2000004
    29=I                             A   32   51  EXHBCITY                                                                 2000005
    30=I                             A   52   53  EXHBSTATE                                                                2000006
    31=I                             A   54  103  EXHBTITLE                                                                2000007
    32=I                             A  104 1103  EXHBDESC                                                                 2000008
    33=I                             B 1104 1105 0ELIGIBLE                                                                 2000009
    34=I                             B 1106 1107 0ENLRN400                                                                 2000010
    35=IADDCMT                                                                                                             3000001
        *--------------------------------------------------------------------------------------------*                     3
        * RPG record format  . . . . :  ADDCMT                                                       *                     3
        * External format  . . . . . :  ADDCMT : ASHIBATA2/GUESTBKSCR                                *                     3
        *--------------------------------------------------------------------------------------------*                     3
    36=I                             N    1    1  *IN05                           Submit                                   3000002
    37=I                             N    2    2  *IN12                           Cancel                                   3000003
    38=I                             A    3   18  INNAME                                                                   3000004
    39=I                             A   19  218  INCMT                                                                    3000005
    40=I                             A  219  227  INID                                                                     3000006
    41=IENDCMT                                                                                                             4000001
        *--------------------------------------------------------------------------------------------*                     4
        * RPG record format  . . . . :  ENDCMT                                                       *                     4
        * External format  . . . . . :  ENDCMT : ASHIBATA2/GUESTBKSCR                                *                     4
        *--------------------------------------------------------------------------------------------*                     4
    42=IREADCMT                                                                                                            5000001
        *--------------------------------------------------------------------------------------------*                     5
        * RPG record format  . . . . :  READCMT                                                      *                     5
        * External format  . . . . . :  READCMT : ASHIBATA2/GUESTBKSCR                               *                     5
        *--------------------------------------------------------------------------------------------*                     5
    43=I                             N    1    1  *IN05                           Submit                                   5000002
    44=I                             N    2    2  *IN12                           Cancel                                   5000003
    45=I                             S    3    6 0INCMTID                                                                  5000004
    46=IHIDECMT                                                                                                            6000001
        *--------------------------------------------------------------------------------------------*                     6
        * RPG record format  . . . . :  HIDECMT                                                      *                     6
        * External format  . . . . . :  HIDECMT : ASHIBATA2/GUESTBKSCR                               *                     6
        *--------------------------------------------------------------------------------------------*                     6
    47=I                             N    1    1  *IN05                           Submit                                   6000002
    48=I                             N    2    2  *IN12                           Cancel                                   6000003
    49=I                             A    3    3  INHIDEYN                                                                 6000004
    50 C     *ENTRY        PLIST                                                                                 000000     001900
    51 C                   PARM                    LAUNCH           20                                           000000     002000
    52 C*-----------------------------------------------                                                         000000     002100
    53 C                   EXSR      CHKPARM                                                                     000000     002200
    54 C                                                                                                         000000     002300
    55 C                   MOVEL     0             ALWEXIT                                                       000000     002400
    56 C                                                                                                         000000     002500
    57 C                   DOW       ALWEXIT = *ZERO                                                   B01       000000     002600
    58 C                   MOVEL     0             VALIDATE                                             01       000000     002700
    59 C                                                                                                01       000000     002800
                                                   -=* http://pub400.com *=-
 5770WDS V7R5M0  220415 RN        IBM ILE RPG             ASHIBATA2/READGBCMT      PUB400     26-09-07 17:22:55        Page      4
Line   <---------------------- Source Specifications ----------------------------><---- Comments ----> Do  Page  Change Src Seq
Number ....1....+....2....+....3....+....4....+....5....+....6....+....7....+....8....+....9....+...10 Num Line  Date   Id  Number
    60 C                   EXSR      GETTLCMT                                                           01       000000     002900
    61 C                   EXFMT     READCMT                                                            01       000000     003000
    62 C*                                                                                                        000000     003100
    63 C                   IF        INCMTID  = *ZERO                                                  B02       000000     003200
    64 C                   EVAL      ERRLINE = ERRCMTID                                                 02       000000     003300
    65 C                   EVAL      *IN43 = *ON                                                        02       000000     003400
    66 C                   ELSE                                                                        X02       000000     003500
    67 C                   ADD       1             VALIDATE                                             02       000000     003600
    68 C                   ENDIF                                                                       E02       000000     003700
    69 C                                                                                               E02       000000     003800
    70 C                   EVAL      *IN05 = *OFF                                                       01       000000     003900
    71 C                                                                                                01       000000     004000
    72 C                   IF        VALIDATE = 1                                                      B02       000000     004100
    73 C                   ADD       1             ALWEXIT                                              02       000000     004200
    74 C                   ENDIF                                                                       E02       000000     004300
    75 C                                                                                               E02       000000     004400
    76 C                   IF        *IN12 = *ON                                                       B02       000000     004500
    77 C                   MOVEL     *ON           *INLR                                                02       000000     004600
    78 C                   RETURN                                                                       02       000000     004700
    79 C                   ENDIF                                                                       E02       000000     004800
    80 C*                                                                                                        000000     004900
    81 C                   ENDDO                                                                       E01       000000     005000
    82 C                   EXSR      READDB                                                                      000000     005100
    83 C*----------------------------------------------------                                                    000000     005200
    84 C     READDB        BEGSR                                                                                 000000     005300
    85 C                   EVAL      *IN05 = *OFF                                                                000000     005400
    86 C     INCMTID       SETLL     GUESTBKRCD                                                                  000000     005500
    87 C                   READ      GUESTBKDB                                                                   000000     005600
    88 C                   IF        VISIBLE = 'N'                                                     B01       000000     005700
    89 C                   MOVEL     ERRHNAME      OUTNAME                                              01       000000     005800
    90 C                   MOVEL     ERRHCMT       OUTCMT                                               01       000000     005900
    91 C                   ELSE                                                                        X01       000000     006000
    92 C                   IF        EXHBID = USERPRF OR USERPRF = 'MM2024'                            B02       000000     006100
    93 C                   MOVEL     GUESTNAME     OUTNAME                                              02       000000     006200
    94 C                   MOVEL     GUESTCMT      OUTCMT                                               02       000000     006300
    95 C     EXHBID        SETLL     EXHBREC                                                            02       000000     006400
    96 C                   READ      EXHBDB                                                             02       000000     006500
    97 C                   MOVEL     EXHBTITLE     OUTTITLE                                             02       000000     006600
    98 C                   ELSE                                                                        X02       000000     006700
    99 C                   MOVEL     ERRPRIV       OUTCMT                                               02       000000     006800
   100 C                   MOVEL     BLNK          OUTNAME                                              02       000000     006900
   101 C                   MOVEL     BLNK          OUTTITLE                                             02       000000     007000
   102 C                   ENDIF                                                                       E02       000000     007100
   103 C                   ENDIF                                                                       E01       000000     007200
   104 C                   ENDSR                                                                                 000000     007300
   105 C*-------------------------------------------------------                                                 000000     007400
   106 C     GETTLCMT      BEGSR                                                                                 000000     007500
   107 C                   READ      GUESTBKDB                          ----92                                   000000     007600
   108 C     *IN92         DOWEQ     *OFF                                                              B01       000000     007700
   109 C                   READ      GUESTBKDB                          ----92                          01       000000     007800
   110 C                   ENDDO                                                                       E01       000000     007900
   111 C*                  EVAL      WTFCMTNUM = CMTID                                                           000000     008000
   112 C                   MOVEL     CMTID         WTFCMTNUM                                                     000000     008100
   113 C                   ENDSR                                                                                 000000     008200
   114 C*-------------------------------------------------------                                                 000000     008300
   115 C     CHKPARM       BEGSR                                                                                 000000     008400
                                                   -=* http://pub400.com *=-
 5770WDS V7R5M0  220415 RN        IBM ILE RPG             ASHIBATA2/READGBCMT      PUB400     26-09-07 17:22:55        Page      5
Line   <---------------------- Source Specifications ----------------------------><---- Comments ----> Do  Page  Change Src Seq
Number ....1....+....2....+....3....+....4....+....5....+....6....+....7....+....8....+....9....+...10 Num Line  Date   Id  Number
   116 C                   MOVEL     LAUNCH        USERPRF                                                       000000     008500
   117 C                   EVAL      ERRLINE = USERPRF                                                           000000     008600
   118 C                   ENDSR                                                                                 000000     008700
   119=OREADCMT                                                                                                            7000001
        *--------------------------------------------------------------------------------------------*                     7
        * RPG record format  . . . . :  READCMT                                                      *                     7
        * External format  . . . . . :  READCMT : ASHIBATA2/GUESTBKSCR                               *                     7
        *--------------------------------------------------------------------------------------------*                     7
   120=O                       OUTNAME             11A CHAR       11                                                       7000002
   121=O                       OUTCMT             211A CHAR      200                                                       7000003
   122=O                       ERRLINE            231A CHAR       20                                                       7000004
   123=O                       WTFCMTNUM          235A CHAR        4                                                       7000005
   124=O                       OUTTITLE           285A CHAR       50                                                       7000006
       * * * * *   E N D   O F   S O U R C E   * * * * *
                                                   -=* http://pub400.com *=-
 5770WDS V7R5M0  220415 RN        IBM ILE RPG             ASHIBATA2/READGBCMT      PUB400     26-09-07 17:22:55        Page      6
          A d d i t i o n a l   D i a g n o s t i c   M e s s a g e s
 Msg id  Sv Number Seq     Message text
*RNF7066 00      3 000300  Record-Format ADDCMT not used for input or output.
*RNF7066 00      3 000300  Record-Format ENDCMT not used for input or output.
*RNF7066 00      3 000300  Record-Format HIDECMT not used for input or output.
 * * * * *   E N D   O F   A D D I T I O N A L   D I A G N O S T I C   M E S S A G E S   * * * * *
                 O u t p u t   B u f f e r   P o s i t i o n s
Line   Start End   Field or Constant
Number Pos   Pos
   120     1    11 OUTNAME
   121    12   211 OUTCMT
   122   212   231 ERRLINE
   123   232   235 WTFCMTNUM
   124   236   285 OUTTITLE
 * * * * *   E N D   O F   O U T P U T   B U F F E R   P O S I T I O N   *  * * * *
                                                   -=* http://pub400.com *=-
 5770WDS V7R5M0  220415 RN        IBM ILE RPG             ASHIBATA2/READGBCMT      PUB400     26-09-07 17:22:55        Page      7
                    K e y   F i e l d   I n f o r m a t i o n
         File           Internal    External
           Record       field name  field name  Attributes
      2  EXHBDB
           EXHBREC
                        EXHUSRPRF               CHAR        9
      1  GUESTBKDB
           GUESTBKRCD
                        CMTID                   BIN2      4,0 SIGNED
 * * * * *   E N D   O F   K E Y   F I E L D   I N F O R M A T I O N   * * * * *
                                                   -=* http://pub400.com *=-
 5770WDS V7R5M0  220415 RN        IBM ILE RPG             ASHIBATA2/READGBCMT      PUB400     26-09-07 17:22:55        Page      8
                          C r o s s   R e f e r e n c e
      File and Record References:
         File              Device             References (D=Defined)
           Record
         EXHBDB            DISK                    2D     96
           EXHBREC                                 2D     25      95
         GUESTBKDB         DISK                    1D     87     107     109
           GUESTBKRCD                              1D     19      86
         GUESTBKSCR        WORKSTN                 3D
           ADDCMT                                  3D     35
           ENDCMT                                  3D     41
           READCMT                                 3D     42      61     119
           HIDECMT                                 3D     46
      Global Field References:
         Field             Attributes         References (D=Defined M=Modified)
         *ENTRY            PLIST                  50D
         *INLR             N(1)                   77M
         *IN05             N(1)                   36M     43M     47M     70M
                                                  85M
         *IN12             N(1)                   37D     44M     48M     76
         *IN43             N(1)                   65M
         *IN92             N(1)                  108
         ALWEXIT           P(1,0)                  5D     55M     57      73M
         BLNK              CONST                  16D    100     101
         CHKPARM           BEGSR                  53     115D
         CMTID             P(4,0)                 20D    112
*RNF7031 ELIGIBLE          P(1,0)                 33D
*RNF7031 ENLRN400          P(1,0)                 34D
         ERRCMTID          CONST                   8D     64
*RNF7031 ERREXIST          CONST                  11D
         ERRHCMT           CONST                  12D     90
         ERRHNAME          CONST                   9D     89
         ERRLINE           A(20)                  64M    117M    122
*RNF7031 ERRPNAME          CONST                  10D
         ERRPRIV           CONST                  14D     99
*RNF7031 EXHBCITY          A(20)                  29D
*RNF7031 EXHBDBID          P(3,0)                 26D
*RNF7031 EXHBDESC          A(1000)                32D
         EXHBID            A(9)                   22D     92      95
*RNF7031 EXHBITOR          A(20)                  28D
*RNF7031 EXHBSTATE         A(2)                   30D
         EXHBTITLE         A(50)                  31D     97
*RNF7031 EXHUSRPRF         A(9)                   27D
         GETTLCMT          BEGSR                  60     106D
         GUESTCMT          A(200)                 24D     94
         GUESTNAME         A(20)                  23D     93
*RNF7031 ID                P(4,0)                  4D
*RNF7031 INCMT             A(200)                 39D
         INCMTID           P(4,0)                 45D     63      86
*RNF7031 INHIDEYN          A(1)                   49D
*RNF7031 INID              A(9)                   40D
*RNF7031 INNAME            A(16)                  38D
         LAUNCH            A(20)                  51D    116
                           BASED(_QRNL_PRM+)
                                                   -=* http://pub400.com *=-
 5770WDS V7R5M0  220415 RN        IBM ILE RPG             ASHIBATA2/READGBCMT      PUB400     26-09-07 17:22:55        Page      9
         OUTCMT            A(200)                 90M     94M     99M    121
         OUTNAME           A(11)                  89M     93M    100M    120
         OUTTITLE          A(50)                  97M    101M    124
         READDB            BEGSR                  82      84D
         USERPRF           A(9)                    7D     92      92     116M
                                                 117
         VALIDATE          P(1,0)                  6D     58M     67M     72
         VISIBLE           A(1)                   21D     88
         WTFCMTNUM         A(4)                  112M    123
      Indicator References:
         Indicator                            References (D=Defined M=Modified)
         05                                       36M     43M     47M     70M
                                                  85M
         12                                       37M     44M     48M     76
         43                                       65M
         92                                      107D    108     109D
         LR                                       77M
       * * * * *   E N D   O F   C R O S S   R E F E R E N C E   * * * * *
                                                   -=* http://pub400.com *=-
 5770WDS V7R5M0  220415 RN        IBM ILE RPG             ASHIBATA2/READGBCMT      PUB400     26-09-07 17:22:55        Page     10
                      E x t e r n a l   R e f e r e n c e s
      Statically bound procedures:
         Procedure                            References
         No references in the source.
      Imported fields:
         Field             Attributes         Defined
         No references in the source.
      Exported fields:
         Field             Attributes         Defined
         No references in the source.
   * * * * *   E N D   O F   E X T E R N A L   R E F E R E N C E S   * * * * *
                                                   -=* http://pub400.com *=-
 5770WDS V7R5M0  220415 RN        IBM ILE RPG             ASHIBATA2/READGBCMT      PUB400     26-09-07 17:22:55        Page     11
                          M e s s a g e   S u m m a r y
 Msg id  Sv Number Message text
*RNF7031 00     15 The name or indicator is not referenced.
*RNF7066 00      3 Record-Format name of Externally-Described file is not used.
       * * * * *   E N D   O F   M E S S A G E   S U M M A R Y   * * * * *
                                                   -=* http://pub400.com *=-
 5770WDS V7R5M0  220415 RN        IBM ILE RPG             ASHIBATA2/READGBCMT      PUB400     26-09-07 17:22:55        Page     12
                            F i n a l   S u m m a r y
  Message Totals:
    Information  (00) . . . . . . . :       18
    Warning      (10) . . . . . . . :        0
    Error        (20) . . . . . . . :        0
    Severe Error (30+)  . . . . . . :        0
    ---------------------------------  -------
    Total . . . . . . . . . . . . . :       18
  Source Totals:
    Records . . . . . . . . . . . . :      124
    Specifications  . . . . . . . . :      116
    Data records  . . . . . . . . . :        0
    Comments  . . . . . . . . . . . :        8
         * * * * *   E N D   O F   F I N A L   S U M M A R Y   * * * * *
Program READGBCMT placed in library ASHIBATA2. 00 highest severity. Created on 26-09-07 at 17:22:55.
          * * * * *   E N D   O F   C O M P I L A T I O N   * * * * *
                                                   -=* http://pub400.com *=-
 5770WDS V7R5M0  220415 RN        IBM ILE RPG             ASHIBATA2/LRN400         PUB400     26-09-07 17:22:55        Page      1
  Command  . . . . . . . . . . . . :   CRTBNDRPG
    Issued by  . . . . . . . . . . :     ASHIBATA
  Program  . . . . . . . . . . . . :   LRN400
    Library  . . . . . . . . . . . :     ASHIBATA2
  Text 'description' . . . . . . . :   *SRCMBRTXT
  Source Member  . . . . . . . . . :   LRN400
  Source File  . . . . . . . . . . :   QRPGLESRC
    Library  . . . . . . . . . . . :     ASHIBATA1
    CCSID  . . . . . . . . . . . . :     273
  Text 'description' . . . . . . . :
  Last Change  . . . . . . . . . . :   26-09-07  17:21:52
  Generation severity level  . . . :   10
  Default activation group . . . . :   *YES
  Compiler options . . . . . . . . :   *XREF      *GEN       *NOSECLVL  *SHOWCPY
                                       *EXPDDS    *EXT       *NOSHOWSKP *NOSRCSTMT
                                       *DEBUGIO   *UNREF     *NOEVENTF
  Debugging views  . . . . . . . . :   *SOURCE
  Debug encryption key . . . . . . :   *NONE
  Output . . . . . . . . . . . . . :   *PRINT
  Optimization level . . . . . . . :   *NONE
  Source listing indentation . . . :   *NONE
  Type conversion options  . . . . :   *NONE
  Sort sequence  . . . . . . . . . :   *HEX
  Language identifier  . . . . . . :   *JOBRUN
  Replace program  . . . . . . . . :   *YES
  User profile . . . . . . . . . . :   *USER
  Authority  . . . . . . . . . . . :   *LIBCRTAUT
  Truncate numeric . . . . . . . . :   *YES
  Fix numeric  . . . . . . . . . . :   *NONE
  Target release . . . . . . . . . :   *CURRENT
  Allow null values  . . . . . . . :   *NO
  Define condition names . . . . . :   *NONE
  Enable performance collection  . :   *PEP
  Profiling data . . . . . . . . . :   *NOCOL
  Licensed Internal Code options . :
  Generate program interface . . . :   *NO
  Include directory  . . . . . . . :
  Preprocessor options . . . . . . :   *NONE
  Require prototype for export . . :   *NO
                                                   -=* http://pub400.com *=-
 5770WDS V7R5M0  220415 RN        IBM ILE RPG             ASHIBATA2/LRN400         PUB400     26-09-07 17:22:55        Page      2
Line   <---------------------- Source Specifications ----------------------------><---- Comments ----> Do  Page  Change Src Seq
Number ....1....+....2....+....3....+....4....+....5....+....6....+....7....+....8....+....9....+...10 Num Line  Date   Id  Number
                          S o u r c e   L i s t i n g
     1 FLRN400STR IF   E           K DISK                                                                        000000     000100
        *--------------------------------------------------------------------------------------------*
        *                               RPG name         External name                               *
        * File name. . . . . . . . . :  LRN400STR        ASHIBATA2/LRN400STR                         *
        * Record format(s) . . . . . :  LRN400RCD        LRN400RCD                                   *
        *--------------------------------------------------------------------------------------------*
     2 FLRN400SCR CF   E             WORKSTN                                                                     000000     000200
        *--------------------------------------------------------------------------------------------*
        *                               RPG name         External name                               *
        * File name. . . . . . . . . :  LRN400SCR        ASHIBATA2/LRN400SCR                         *
        * Record format(s) . . . . . :  MAIN             MAIN                                        *
        *                               MAINADMIN        MAINADMIN                                   *
        *--------------------------------------------------------------------------------------------*
     3 DCURPAGENBR       S              4P 0                                                                     000000     000300
     4 DFRMPAGENBR       S              4P 0                                                                     000000     000400
     5 DPAGEACTION       S              1P 0                                                                     000000     000500
     6 DALWFWD           S              1P 0                                                                     000000     000600
     7 C*---------------------------------------------------------------------                                   000000     000700
     8 C*    *ENTRY        PLIST                                                                                 000000     000800
     9 C*                  PARM                    LAUNCH            9                                           000000     000900
    10 C*-----------------------------------------------------------------------                                 000000     001000
    11=ILRN400RCD                                                                                                          1000001
        *--------------------------------------------------------------------------------------------*                     1
        * RPG record format  . . . . :  LRN400RCD                                                    *                     1
        * External format  . . . . . :  LRN400RCD : ASHIBATA2/LRN400STR                              *                     1
        *--------------------------------------------------------------------------------------------*                     1
    12=I                             B    1    2 0PAGENBR                                                                  1000002
    13=I                             A    3 1502  CONTENT                                                                  1000003
    14=I                             A 1503 1511  EXTRA                                                                    1000004
    15=IMAIN                                                                                                               2000001
        *--------------------------------------------------------------------------------------------*                     2
        * RPG record format  . . . . :  MAIN                                                         *                     2
        * External format  . . . . . :  MAIN : ASHIBATA2/LRN400SCR                                   *                     2
        *--------------------------------------------------------------------------------------------*                     2
    16=I                             N    1    1  *IN03                           Exit                                     2000002
    17=I                             N    2    2  *IN05                           Fwd                                      2000003
    18=I                             N    3    3  *IN08                           Back                                     2000004
    19=IMAINADMIN                                                                                                          3000001
        *--------------------------------------------------------------------------------------------*                     3
        * RPG record format  . . . . :  MAINADMIN                                                    *                     3
        * External format  . . . . . :  MAINADMIN : ASHIBATA2/LRN400SCR                              *                     3
        *--------------------------------------------------------------------------------------------*                     3
    20=I                             N    3    3  *IN03                           Exit                                     3000002
    21=I                             N    1    1  *IN05                           Fwd                                      3000003
    22=I                             N    2    2  *IN08                           Back                                     3000004
    23=I                             N    4    4  *IN10                           Save                                     3000005
    24=I                             A    5 1504  INCONTENT                                                                3000006
                                                   -=* http://pub400.com *=-
 5770WDS V7R5M0  220415 RN        IBM ILE RPG             ASHIBATA2/LRN400         PUB400     26-09-07 17:22:55        Page      3
Line   <---------------------- Source Specifications ----------------------------><---- Comments ----> Do  Page  Change Src Seq
Number ....1....+....2....+....3....+....4....+....5....+....6....+....7....+....8....+....9....+...10 Num Line  Date   Id  Number
    25=I                             A 1505 1513  INEXTRA                                                                  3000007
    26 C                   MOVEL     1             ALWFWD                                                        000000     001100
    27 C                   MOVEL     0             PAGEACTION                                                    000000     001200
    28 C                                                                                                         000000     001300
    29 C                   READ      LRN400STR                                                                   000000     001400
    30 C                   MOVEL     PAGENBR       CURPAGENBR                                                    000000     001500
    31 C                   MOVEL     CONTENT       OUTCONTENT                                                    000000     001600
    32 C                   MOVEL     PAGENBR       OUTPAGENBR                                                    000000     001700
    33 C                                                                                                         000000     001800
    34 C                   DOW       *IN03 = *OFF                                                      B01       000000     001900
    35 C                                                                                               B01       000000     002000
    36 C                   IF        *IN05 = *ON                                                       B02       000000     002100
    37 C                   EXSR      PAGEFWD                                                            02       000000     002200
    38 C                   EVAL      *IN05 = *OFF                                                       02       000000     002300
    39 C                   ENDIF                                                                       E02       000000     002400
    40 C                                                                                               E02       000000     002500
    41 C                   IF        *IN08 = *ON                                                       B02       000000     002600
    42 C                   EXSR      PAGEBACK                                                           02       000000     002700
    43 C                   EVAL      *IN08 = *OFF                                                       02       000000     002800
    44 C                   ENDIF                                                                       E02       000000     002900
    45 C                                                                                               E02       000000     003000
    46 C                   EXFMT     MAIN                                                               01       000000     003100
    47 C                   ENDDO                                                                       E01       000000     003200
    48 C                                                                                               E01       000000     003300
    49 C                   MOVEL     *ON           *INLR                                                         000000     003400
    50 C                   RETURN                                                                                000000     003500
    51 C*---------------------------------------------------------------------                                   000000     003600
    52 C     PARSESCRIPT   BEGSR                                                                                 000000     003700
    53 C                   IF        EXTRA   = 'END'                                                   B01       000000     003800
    54 C                   MOVEL     1             PAGEACTION                                           01       000000     003900
    55 C                   ENDIF                                                                       E01       000000     004000
    56 C                                                                                               E01       000000     004100
    57 C                   IF        OUTCONTENT = 'CALL'                                               B01       000000     004200
    58 C                   MOVEL     2             PAGEACTION                                           01       000000     004300
    59 C                   ENDIF                                                                       E01       000000     004400
    60 C                                                                                               E01       000000     004500
    61 C                   IF        OUTCONTENT = 'JUMP'                                               B01       000000     004600
    62 C                   MOVEL     3             PAGEACTION                                           01       000000     004700
    63 C                   ENDIF                                                                       E01       000000     004800
    64 C                   ENDSR                                                                                 000000     004900
    65 C*---------------------------------------------------------------------                                   000000     005000
    66 C     PRFRMACTN     BEGSR                                                                                 000000     005100
    67 C                   IF        PAGEACTION = 0                                                    B01       000000     005200
    68 C                   LEAVESR                                                                      01       000000     005300
    69 C                   ENDIF                                                                       E01       000000     005400
    70 C                                                                                               E01       000000     005500
    71 C                   IF        PAGEACTION = 1                                                    B01       000000     005600
    72 C                   MOVEL     *ON           *INLR                                                01       000000     005700
    73 C                   RETURN                                                                       01       000000     005800
    74 C                   ENDIF                                                                       E01       000000     005900
    75 C                                                                                               E01       000000     006000
    76 C                   IF        PAGEACTION = 2                                                    B01       000000     006100
    77 C                   CALL      EXTRA                                                              01       000000     006200
    78 C                   EXSR      JUMPTO                                                             01       000000     006300
                                                   -=* http://pub400.com *=-
 5770WDS V7R5M0  220415 RN        IBM ILE RPG             ASHIBATA2/LRN400         PUB400     26-09-07 17:22:55        Page      4
Line   <---------------------- Source Specifications ----------------------------><---- Comments ----> Do  Page  Change Src Seq
Number ....1....+....2....+....3....+....4....+....5....+....6....+....7....+....8....+....9....+...10 Num Line  Date   Id  Number
    79 C                   MOVEL     0             PAGEACTION                                           01       000000     006400
    80 C                   ENDIF                                                                       E01       000000     006500
    81 C                                                                                               E01       000000     006600
    82 C                   IF        PAGEACTION = 3                                                    B01       000000     006700
    83 C                   EXSR      JUMPTO                                                             01       000000     006800
    84 C                   MOVEL     0             PAGEACTION                                           01       000000     006900
    85 C                   ENDIF                                                                       E01       000000     007000
    86 C                   ENDSR                                                                                 000000     007100
    87 C*---------------------------------------------------------------------                                   000000     007200
    88 C     JUMPTO        BEGSR                                                                                 000000     007300
    89 C                   IF        PAGEACTION = 2                                                    B01       000000     007400
    90 C                   MOVEL     CURPAGENBR    FRMPAGENBR                                           01       000000     007500
    91 C                   SUB       1             FRMPAGENBR                                           01       000000     007600
    92 C                   ADD       1             CURPAGENBR                                           01       000000     007700
    93 C                   ENDIF                                                                       E01       000000     007800
    94 C                                                                                               E01       000000     007900
    95 C                   IF        PAGEACTION = 3                                                    B01       000000     008000
    96 C                   MOVEL     CURPAGENBR    FRMPAGENBR                                           01       000000     008100
    97 C                   SUB       1             FRMPAGENBR                                           01       000000     008200
    98 C                   MOVEL     EXTRA         CURPAGENBR                                           01       000000     008300
    99 C                   ENDIF                                                                       E01       000000     008400
   100 C                                                                                               E01       000000     008500
   101 C     CURPAGENBR    CHAIN     LRN400RCD                                                                   000000     008600
   102 C                   READE     LRN400STR                                                                   000000     008700
   103 C                   MOVEL     PAGENBR       OUTPAGENBR                                                    000000     008800
   104 C                   MOVEL     CONTENT       OUTCONTENT                                                    000000     008900
   105 C                   MOVEL     1             ALWFWD                                                        000000     009000
   106 C                   ENDSR                                                                                 000000     009100
   107 C*---------------------------------------------------------------------                                   000000     009200
   108 C     PAGEFWD       BEGSR                                                                                 000000     009300
   109 C                   CLEAR                   OUTCONTENT                                                    000000     009400
   110 C                   IF        ALWFWD = 1                                                        B01       000000     009500
   111 C                   ADD       1             CURPAGENBR                                           01       000000     009600
   112 C                   MOVEL     0             FRMPAGENBR                                           01       000000     009700
   113 C                   ENDIF                                                                       E01       000000     009800
   114 C                                                                                               E01       000000     009900
   115 C     CURPAGENBR    CHAIN     LRN400RCD                          95----                                   000000     010000
   116 C                   IF        *IN95 = *OFF                                                      B01       000000     010100
   117 C                   READE     LRN400STR                                                          01       000000     010200
   118 C                   MOVEL     PAGENBR       OUTPAGENBR                                           01       000000     010300
   119 C                   MOVEL     CONTENT       OUTCONTENT                                           01       000000     010400
   120 C                   EXSR      PARSESCRIPT                                                        01       000000     010500
   121 C                   EXSR      PRFRMACTN                                                          01       000000     010600
   122 C                   ELSE                                                                        X01       000000     010700
   123 C                   MOVEL     0             ALWFWD                                               01       000000     010800
   124 C                   ENDIF                                                                       E01       000000     010900
   125 C                   ENDSR                                                                                 000000     011000
   126 C*------------------------------------------------------------------------                                000000     011100
   127 C     PAGEBACK      BEGSR                                                                                 000000     011200
   128 C                   IF        CURPAGENBR = 0                                                    B01       000000     011300
   129 C                                                                                               B01       000000     011400
   130 C                   ELSE                                                                        X01       000000     011500
   131 C                   SUB       1             CURPAGENBR                                           01       000000     011600
   132 C                   ENDIF                                                                       E01       000000     011700
   133 C                                                                                               E01       000000     011800
   134 C                   CLEAR                   OUTCONTENT                                                    000000     011900
                                                   -=* http://pub400.com *=-
 5770WDS V7R5M0  220415 RN        IBM ILE RPG             ASHIBATA2/LRN400         PUB400     26-09-07 17:22:55        Page      5
Line   <---------------------- Source Specifications ----------------------------><---- Comments ----> Do  Page  Change Src Seq
Number ....1....+....2....+....3....+....4....+....5....+....6....+....7....+....8....+....9....+...10 Num Line  Date   Id  Number
   135 C                   IF        FRMPAGENBR = 0                                                    B01       000000     012000
   136 C     CURPAGENBR    CHAIN     LRN400RCD                                                          01       000000     012100
   137 C                   ELSE                                                                        X01       000000     012200
   138 C     FRMPAGENBR    CHAIN     LRN400RCD                                                          01       000000     012300
   139 C                   ENDIF                                                                       E01       000000     012400
   140 C                   READE     LRN400STR                                                                   000000     012500
   141 C                   MOVEL     PAGENBR       OUTPAGENBR                                                    000000     012600
   142 C                   MOVEL     CONTENT       OUTCONTENT                                                    000000     012700
   143 C                   MOVEL     1             ALWFWD                                                        000000     012800
   144 C                   MOVEL     0             FRMPAGENBR                                                    000000     012900
   145 C                   ENDSR                                                                                 000000     013000
   146 C*------------------------------------------------------------------------                                000000     013100
   147 C     CHKPARM       BEGSR                                                                                 000000     013200
   148 C*                  MOVEL     LAUNCH        PAGEJMP                                                       000000     013300
   149 C                   ENDSR                                                                                 000000     013400
   150=OMAIN                                                                                                               4000001
        *--------------------------------------------------------------------------------------------*                     4
        * RPG record format  . . . . :  MAIN                                                         *                     4
        * External format  . . . . . :  MAIN : ASHIBATA2/LRN400SCR                                   *                     4
        *--------------------------------------------------------------------------------------------*                     4
   151=O                       OUTPAGENBR           4A CHAR        4                                                       4000002
   152=O                       OUTCONTENT        1504A CHAR     1500                                                       4000003
       * * * * *   E N D   O F   S O U R C E   * * * * *
                                                   -=* http://pub400.com *=-
 5770WDS V7R5M0  220415 RN        IBM ILE RPG             ASHIBATA2/LRN400         PUB400     26-09-07 17:22:55        Page      6
          A d d i t i o n a l   D i a g n o s t i c   M e s s a g e s
 Msg id  Sv Number Seq     Message text
*RNF7066 00      2 000200  Record-Format MAINADMIN not used for input or output.
 * * * * *   E N D   O F   A D D I T I O N A L   D I A G N O S T I C   M E S S A G E S   * * * * *
                 O u t p u t   B u f f e r   P o s i t i o n s
Line   Start End   Field or Constant
Number Pos   Pos
   151     1     4 OUTPAGENBR
   152     5  1504 OUTCONTENT
 * * * * *   E N D   O F   O U T P U T   B U F F E R   P O S I T I O N   *  * * * *
                                                   -=* http://pub400.com *=-
 5770WDS V7R5M0  220415 RN        IBM ILE RPG             ASHIBATA2/LRN400         PUB400     26-09-07 17:22:55        Page      7
                    K e y   F i e l d   I n f o r m a t i o n
         File           Internal    External
           Record       field name  field name  Attributes
      1  LRN400STR
           LRN400RCD
                        PAGENBR                 BIN2      4,0 SIGNED
 * * * * *   E N D   O F   K E Y   F I E L D   I N F O R M A T I O N   * * * * *
                                                   -=* http://pub400.com *=-
 5770WDS V7R5M0  220415 RN        IBM ILE RPG             ASHIBATA2/LRN400         PUB400     26-09-07 17:22:55        Page      8
                          C r o s s   R e f e r e n c e
      File and Record References:
         File              Device             References (D=Defined)
           Record
         LRN400SCR         WORKSTN                 2D
           MAIN                                    2D     15      46     150
           MAINADMIN                               2D     19
         LRN400STR         DISK                    1D     29     102     117
                                                 140
           LRN400RCD                               1D     11     101     115
                                                 136     138
      Global Field References:
         Field             Attributes         References (D=Defined M=Modified)
         *INLR             N(1)                   49M     72M
         *IN03             N(1)                   16D     20M     34
         *IN05             N(1)                   17M     21M     36      38M
         *IN08             N(1)                   18M     22M     41      43M
*RNF7031 *IN10             N(1)                   23D
         *IN95             N(1)                  116
         ALWFWD            P(1,0)                  6D     26M    105M    110
                                                 123M    143M
*RNF7031 CHKPARM           BEGSR                 147D
         CONTENT           A(1500)                13D     31     104     119
                                                 142
         CURPAGENBR        P(4,0)                  3D     30M     90      92M
                                                  96      98M    101     111M
                                                 115     128     131M    136
         EXTRA             A(9)                   14D     53      77      98
         FRMPAGENBR        P(4,0)                  4D     90M     91M     96M
                                                  97M    112M    135     138
                                                 144M
*RNF7031 INCONTENT         A(1500)                24D
*RNF7031 INEXTRA           A(9)                   25D
         JUMPTO            BEGSR                  78      83      88D
         OUTCONTENT        A(1500)                31M     57      61     104M
                                                 109M    119M    134M    142M
                                                 152
         OUTPAGENBR        A(4)                   32M    103M    118M    141M
                                                 151
         PAGEACTION        P(1,0)                  5D     27M     54M     58M
                                                  62M     67      71      76
                                                  79M     82      84M     89
                                                  95
         PAGEBACK          BEGSR                  42     127D
         PAGEFWD           BEGSR                  37     108D
         PAGENBR           P(4,0)                 12D     30      32     103
                                                 118     141
         PARSESCRIPT       BEGSR                  52D    120
         PRFRMACTN         BEGSR                  66D    121
      Indicator References:
         Indicator                            References (D=Defined M=Modified)
         03                                       16M     20M     34
                                                   -=* http://pub400.com *=-
 5770WDS V7R5M0  220415 RN        IBM ILE RPG             ASHIBATA2/LRN400         PUB400     26-09-07 17:22:55        Page      9
         05                                       17M     21M     36      38M
         08                                       18M     22M     41      43M
*RNF7031 10                                       23M
         95                                      115D    116
         LR                                       49M     72M
       * * * * *   E N D   O F   C R O S S   R E F E R E N C E   * * * * *
                                                   -=* http://pub400.com *=-
 5770WDS V7R5M0  220415 RN        IBM ILE RPG             ASHIBATA2/LRN400         PUB400     26-09-07 17:22:55        Page     10
                      E x t e r n a l   R e f e r e n c e s
      Statically bound procedures:
         Procedure                            References
         No references in the source.
      Imported fields:
         Field             Attributes         Defined
         No references in the source.
      Exported fields:
         Field             Attributes         Defined
         No references in the source.
   * * * * *   E N D   O F   E X T E R N A L   R E F E R E N C E S   * * * * *
                                                   -=* http://pub400.com *=-
 5770WDS V7R5M0  220415 RN        IBM ILE RPG             ASHIBATA2/LRN400         PUB400     26-09-07 17:22:55        Page     11
                          M e s s a g e   S u m m a r y
 Msg id  Sv Number Message text
*RNF7031 00      4 The name or indicator is not referenced.
*RNF7066 00      1 Record-Format name of Externally-Described file is not used.
       * * * * *   E N D   O F   M E S S A G E   S U M M A R Y   * * * * *
                                                   -=* http://pub400.com *=-
 5770WDS V7R5M0  220415 RN        IBM ILE RPG             ASHIBATA2/LRN400         PUB400     26-09-07 17:22:55        Page     12
                            F i n a l   S u m m a r y
  Message Totals:
    Information  (00) . . . . . . . :        5
    Warning      (10) . . . . . . . :        0
    Error        (20) . . . . . . . :        0
    Severe Error (30+)  . . . . . . :        0
    ---------------------------------  -------
    Total . . . . . . . . . . . . . :        5
  Source Totals:
    Records . . . . . . . . . . . . :      152
    Specifications  . . . . . . . . :      141
    Data records  . . . . . . . . . :        0
    Comments  . . . . . . . . . . . :       11
         * * * * *   E N D   O F   F I N A L   S U M M A R Y   * * * * *
Program LRN400 placed in library ASHIBATA2. 00 highest severity. Created on 26-09-07 at 17:22:56.
          * * * * *   E N D   O F   C O M P I L A T I O N   * * * * *
                                                   -=* http://pub400.com *=-
 5770WDS V7R5M0  220415 RN        IBM ILE RPG             ASHIBATA2/LRN400AUT      PUB400     26-09-07 17:22:56        Page      1
  Command  . . . . . . . . . . . . :   CRTBNDRPG
    Issued by  . . . . . . . . . . :     ASHIBATA
  Program  . . . . . . . . . . . . :   LRN400AUT
    Library  . . . . . . . . . . . :     ASHIBATA2
  Text 'description' . . . . . . . :   *SRCMBRTXT
  Source Member  . . . . . . . . . :   LRN400AUT
  Source File  . . . . . . . . . . :   QRPGLESRC
    Library  . . . . . . . . . . . :     ASHIBATA1
    CCSID  . . . . . . . . . . . . :     273
  Text 'description' . . . . . . . :
  Last Change  . . . . . . . . . . :   26-09-07  17:21:54
  Generation severity level  . . . :   10
  Default activation group . . . . :   *YES
  Compiler options . . . . . . . . :   *XREF      *GEN       *NOSECLVL  *SHOWCPY
                                       *EXPDDS    *EXT       *NOSHOWSKP *NOSRCSTMT
                                       *DEBUGIO   *UNREF     *NOEVENTF
  Debugging views  . . . . . . . . :   *SOURCE
  Debug encryption key . . . . . . :   *NONE
  Output . . . . . . . . . . . . . :   *PRINT
  Optimization level . . . . . . . :   *NONE
  Source listing indentation . . . :   *NONE
  Type conversion options  . . . . :   *NONE
  Sort sequence  . . . . . . . . . :   *HEX
  Language identifier  . . . . . . :   *JOBRUN
  Replace program  . . . . . . . . :   *YES
  User profile . . . . . . . . . . :   *USER
  Authority  . . . . . . . . . . . :   *LIBCRTAUT
  Truncate numeric . . . . . . . . :   *YES
  Fix numeric  . . . . . . . . . . :   *NONE
  Target release . . . . . . . . . :   *CURRENT
  Allow null values  . . . . . . . :   *NO
  Define condition names . . . . . :   *NONE
  Enable performance collection  . :   *PEP
  Profiling data . . . . . . . . . :   *NOCOL
  Licensed Internal Code options . :
  Generate program interface . . . :   *NO
  Include directory  . . . . . . . :
  Preprocessor options . . . . . . :   *NONE
  Require prototype for export . . :   *NO
                                                   -=* http://pub400.com *=-
 5770WDS V7R5M0  220415 RN        IBM ILE RPG             ASHIBATA2/LRN400AUT      PUB400     26-09-07 17:22:56        Page      2
Line   <---------------------- Source Specifications ----------------------------><---- Comments ----> Do  Page  Change Src Seq
Number ....1....+....2....+....3....+....4....+....5....+....6....+....7....+....8....+....9....+...10 Num Line  Date   Id  Number
                          S o u r c e   L i s t i n g
     1 FLRN400STR IF   E           K DISK                                                                        000000     000100
        *--------------------------------------------------------------------------------------------*
        *                               RPG name         External name                               *
        * File name. . . . . . . . . :  LRN400STR        ASHIBATA2/LRN400STR                         *
        * Record format(s) . . . . . :  LRN400RCD        LRN400RCD                                   *
        *--------------------------------------------------------------------------------------------*
     2 FLRNAUTO   CF   E             WORKSTN MAXDEV(*FILE)                                                       000000     000200
        *--------------------------------------------------------------------------------------------*
        *                               RPG name         External name                               *
        * File name. . . . . . . . . :  LRNAUTO          ASHIBATA2/LRNAUTO                           *
        * Record format(s) . . . . . :  MAIN             MAIN                                        *
        *                               MAINADMIN        MAINADMIN                                   *
        *--------------------------------------------------------------------------------------------*
     3 DCURPAGENBR       S              4P 0                                                                     000000     000300
     4 DFRMPAGENBR       S              4P 0                                                                     000000     000400
     5 DPAGEACTION       S              1P 0                                                                     000000     000500
     6 DALWFWD           S              1P 0                                                                     000000     000600
     7 C*---------------------------------------------------------------------                                   000000     000700
     8=ILRN400RCD                                                                                                          1000001
        *--------------------------------------------------------------------------------------------*                     1
        * RPG record format  . . . . :  LRN400RCD                                                    *                     1
        * External format  . . . . . :  LRN400RCD : ASHIBATA2/LRN400STR                              *                     1
        *--------------------------------------------------------------------------------------------*                     1
     9=I                             B    1    2 0PAGENBR                                                                  1000002
    10=I                             A    3 1502  CONTENT                                                                  1000003
    11=I                             A 1503 1511  EXTRA                                                                    1000004
    12=IMAIN                                                                                                               2000001
        *--------------------------------------------------------------------------------------------*                     2
        * RPG record format  . . . . :  MAIN                                                         *                     2
        * External format  . . . . . :  MAIN : ASHIBATA2/LRNAUTO                                     *                     2
        *--------------------------------------------------------------------------------------------*                     2
    13=I                             N    1    1  *IN03                           Exit                                     2000002
    14=I                             N    2    2  *IN05                           Fwd                                      2000003
    15=I                             N    3    3  *IN08                           Back                                     2000004
    16=IMAINADMIN                                                                                                          3000001
        *--------------------------------------------------------------------------------------------*                     3
        * RPG record format  . . . . :  MAINADMIN                                                    *                     3
        * External format  . . . . . :  MAINADMIN : ASHIBATA2/LRNAUTO                                *                     3
        *--------------------------------------------------------------------------------------------*                     3
    17=I                             N    3    3  *IN03                           Exit                                     3000002
    18=I                             N    1    1  *IN05                           Fwd                                      3000003
    19=I                             N    2    2  *IN08                           Back                                     3000004
    20=I                             N    4    4  *IN10                           Save                                     3000005
    21=I                             A    5 1504  INCONTENT                                                                3000006
    22=I                             A 1505 1513  INEXTRA                                                                  3000007
                                                   -=* http://pub400.com *=-
 5770WDS V7R5M0  220415 RN        IBM ILE RPG             ASHIBATA2/LRN400AUT      PUB400     26-09-07 17:22:56        Page      3
Line   <---------------------- Source Specifications ----------------------------><---- Comments ----> Do  Page  Change Src Seq
Number ....1....+....2....+....3....+....4....+....5....+....6....+....7....+....8....+....9....+...10 Num Line  Date   Id  Number
    23 C                   MOVEL     1             ALWFWD                                                        000000     000800
    24 C                   MOVEL     0             PAGEACTION                                                    000000     000900
    25 C                                                                                                         000000     001000
    26 C                   READ      LRN400STR                                                                   000000     001100
    27 C                   MOVEL     PAGENBR       CURPAGENBR                                                    000000     001200
    28 C                   MOVEL     CONTENT       OUTCONTENT                                                    000000     001300
    29 C                   MOVEL     PAGENBR       OUTPAGENBR                                                    000000     001400
    30 C                                                                                                         000000     001500
    31 C                   DOU       *IN03 = *ON                                                       B01       000000     001600
    32 C*                  EXFMT     MAIN                                                                        000000     001700
    33 C                   WRITE     MAIN                                                               01       000000     001800
    34 C                   READ      LRNAUTO                            --69--                          01       000000     001900
    35 C                   EXSR      PAGEFWD                                                            01       000000     002000
    36 C                   ENDDO                                                                       E01       000000     002100
    37 C                                                                                               E01       000000     002200
    38 C                   MOVEL     *ON           *INLR                                                         000000     002300
    39 C                   RETURN                                                                                000000     002400
    40 C*---------------------------------------------------------------------                                   000000     002500
    41 C     PARSESCRIPT   BEGSR                                                                                 000000     002600
    42 C                   IF        EXTRA   = 'END'                                                   B01       000000     002700
    43 C                   MOVEL     1             PAGEACTION                                           01       000000     002800
    44 C                   ENDIF                                                                       E01       000000     002900
    45 C                                                                                               E01       000000     003000
    46 C*                  IF        OUTCONTENT = 'CALL'                                                         000000     003100
    47 C*                  MOVEL     2             PAGEACTION                                                    000000     003200
    48 C*                  ENDIF                                                                                 000000     003300
    49 C                                                                                                         000000     003400
    50 C*                  IF        OUTCONTENT = 'JUMP'                                                         000000     003500
    51 C*                  MOVEL     3             PAGEACTION                                                    000000     003600
    52 C*                  ENDIF                                                                                 000000     003700
    53 C                   ENDSR                                                                                 000000     003800
    54 C*---------------------------------------------------------------------                                   000000     003900
    55 C     PRFRMACTN     BEGSR                                                                                 000000     004000
    56 C                   IF        PAGEACTION = 0                                                    B01       000000     004100
    57 C                   LEAVESR                                                                      01       000000     004200
    58 C                   ENDIF                                                                       E01       000000     004300
    59 C                                                                                               E01       000000     004400
    60 C                   IF        PAGEACTION = 1                                                    B01       000000     004500
    61 C*                  MOVEL     *ON           *INLR                                                         000000     004600
    62 C*                  RETURN                                                                                000000     004700
    63 C                   EVAL      CURPAGENBR = 0                                                     01       000000     004800
    64 C                   EVAL      PAGEACTION = 0                                                     01       000000     004900
    65 C                   ENDIF                                                                       E01       000000     005000
    66 C                                                                                               E01       000000     005100
    67 C                   ENDSR                                                                                 000000     005200
    68 C*---------------------------------------------------------------------                                   000000     005300
    69 C     PAGEFWD       BEGSR                                                                                 000000     005400
    70 C                   CLEAR                   OUTCONTENT                                                    000000     005500
    71 C                   IF        ALWFWD = 1                                                        B01       000000     005600
    72 C                   ADD       1             CURPAGENBR                                           01       000000     005700
    73 C                   MOVEL     0             FRMPAGENBR                                           01       000000     005800
    74 C                   ENDIF                                                                       E01       000000     005900
    75 C                                                                                               E01       000000     006000
    76 C     CURPAGENBR    CHAIN     LRN400RCD                          95----                                   000000     006100
    77 C                   IF        *IN95 = *OFF                                                      B01       000000     006200
    78 C                   READE     LRN400STR                                                          01       000000     006300
                                                   -=* http://pub400.com *=-
 5770WDS V7R5M0  220415 RN        IBM ILE RPG             ASHIBATA2/LRN400AUT      PUB400     26-09-07 17:22:56        Page      4
Line   <---------------------- Source Specifications ----------------------------><---- Comments ----> Do  Page  Change Src Seq
Number ....1....+....2....+....3....+....4....+....5....+....6....+....7....+....8....+....9....+...10 Num Line  Date   Id  Number
    79 C                   MOVEL     PAGENBR       OUTPAGENBR                                           01       000000     006400
    80 C                   MOVEL     CONTENT       OUTCONTENT                                           01       000000     006500
    81 C                   EXSR      PARSESCRIPT                                                        01       000000     006600
    82 C                   EXSR      PRFRMACTN                                                          01       000000     006700
    83 C                   ELSE                                                                        X01       000000     006800
    84 C                   MOVEL     0             ALWFWD                                               01       000000     006900
    85 C                   ENDIF                                                                       E01       000000     007000
    86 C                   ENDSR                                                                                 000000     007100
    87 C*------------------------------------------------------------------------                                000000     007200
    88 C     PAGEBACK      BEGSR                                                                                 000000     007300
    89 C                   IF        CURPAGENBR = 0                                                    B01       000000     007400
    90 C                                                                                               B01       000000     007500
    91 C                   ELSE                                                                        X01       000000     007600
    92 C                   SUB       1             CURPAGENBR                                           01       000000     007700
    93 C                   ENDIF                                                                       E01       000000     007800
    94 C                                                                                               E01       000000     007900
    95 C                   CLEAR                   OUTCONTENT                                                    000000     008000
    96 C                   IF        FRMPAGENBR = 0                                                    B01       000000     008100
    97 C     CURPAGENBR    CHAIN     LRN400RCD                                                          01       000000     008200
    98 C                   ELSE                                                                        X01       000000     008300
    99 C     FRMPAGENBR    CHAIN     LRN400RCD                                                          01       000000     008400
   100 C                   ENDIF                                                                       E01       000000     008500
   101 C                   READE     LRN400STR                                                                   000000     008600
   102 C                   MOVEL     PAGENBR       OUTPAGENBR                                                    000000     008700
   103 C                   MOVEL     CONTENT       OUTCONTENT                                                    000000     008800
   104 C                   MOVEL     1             ALWFWD                                                        000000     008900
   105 C                   MOVEL     0             FRMPAGENBR                                                    000000     009000
   106 C                   ENDSR                                                                                 000000     009100
   107 C*------------------------------------------------------------------------                                000000     009200
   108=OMAIN                                                                                                               4000001
        *--------------------------------------------------------------------------------------------*                     4
        * RPG record format  . . . . :  MAIN                                                         *                     4
        * External format  . . . . . :  MAIN : ASHIBATA2/LRNAUTO                                     *                     4
        *--------------------------------------------------------------------------------------------*                     4
   109=O                       OUTPAGENBR           4A CHAR        4                                                       4000002
   110=O                       OUTCONTENT        1504A CHAR     1500                                                       4000003
       * * * * *   E N D   O F   S O U R C E   * * * * *
                                                   -=* http://pub400.com *=-
 5770WDS V7R5M0  220415 RN        IBM ILE RPG             ASHIBATA2/LRN400AUT      PUB400     26-09-07 17:22:56        Page      5
          A d d i t i o n a l   D i a g n o s t i c   M e s s a g e s
 Msg id  Sv Number Seq     Message text
*RNF7066 00      2 000200  Record-Format MAINADMIN not used for input or output.
 * * * * *   E N D   O F   A D D I T I O N A L   D I A G N O S T I C   M E S S A G E S   * * * * *
                 O u t p u t   B u f f e r   P o s i t i o n s
Line   Start End   Field or Constant
Number Pos   Pos
   109     1     4 OUTPAGENBR
   110     5  1504 OUTCONTENT
 * * * * *   E N D   O F   O U T P U T   B U F F E R   P O S I T I O N   *  * * * *
                                                   -=* http://pub400.com *=-
 5770WDS V7R5M0  220415 RN        IBM ILE RPG             ASHIBATA2/LRN400AUT      PUB400     26-09-07 17:22:56        Page      6
                    K e y   F i e l d   I n f o r m a t i o n
         File           Internal    External
           Record       field name  field name  Attributes
      1  LRN400STR
           LRN400RCD
                        PAGENBR                 BIN2      4,0 SIGNED
 * * * * *   E N D   O F   K E Y   F I E L D   I N F O R M A T I O N   * * * * *
                                                   -=* http://pub400.com *=-
 5770WDS V7R5M0  220415 RN        IBM ILE RPG             ASHIBATA2/LRN400AUT      PUB400     26-09-07 17:22:56        Page      7
                          C r o s s   R e f e r e n c e
      File and Record References:
         File              Device             References (D=Defined)
           Record
         LRNAUTO           WORKSTN                 2D     34
           MAIN                                    2D     12      33     108
           MAINADMIN                               2D     16
         LRN400STR         DISK                    1D     26      78     101
           LRN400RCD                               1D      8      76      97
                                                  99
      Global Field References:
         Field             Attributes         References (D=Defined M=Modified)
         *INLR             N(1)                   38M
         *IN03             N(1)                   13D     17M     31
*RNF7031 *IN05             N(1)                   14D     18M
*RNF7031 *IN08             N(1)                   15D     19M
*RNF7031 *IN10             N(1)                   20D
         *IN95             N(1)                   77
         ALWFWD            P(1,0)                  6D     23M     71      84M
                                                 104M
         CONTENT           A(1500)                10D     28      80     103
         CURPAGENBR        P(4,0)                  3D     27M     63M     72M
                                                  76      89      92M     97
         EXTRA             A(9)                   11D     42
         FRMPAGENBR        P(4,0)                  4D     73M     96      99
                                                 105M
*RNF7031 INCONTENT         A(1500)                21D
*RNF7031 INEXTRA           A(9)                   22D
         OUTCONTENT        A(1500)                28M     70M     80M     95M
                                                 103M    110
         OUTPAGENBR        A(4)                   29M     79M    102M    109
         PAGEACTION        P(1,0)                  5D     24M     43M     56
                                                  60      64M
*RNF7031 PAGEBACK          BEGSR                  88D
         PAGEFWD           BEGSR                  35      69D
         PAGENBR           P(4,0)                  9D     27      29      79
                                                 102
         PARSESCRIPT       BEGSR                  41D     81
         PRFRMACTN         BEGSR                  55D     82
      Indicator References:
         Indicator                            References (D=Defined M=Modified)
         03                                       13M     17M     31
*RNF7031 05                                       14M     18M
*RNF7031 08                                       15M     19M
*RNF7031 10                                       20M
*RNF7031 69                                       34D
         95                                       76D     77
         LR                                       38M
       * * * * *   E N D   O F   C R O S S   R E F E R E N C E   * * * * *
                                                   -=* http://pub400.com *=-
 5770WDS V7R5M0  220415 RN        IBM ILE RPG             ASHIBATA2/LRN400AUT      PUB400     26-09-07 17:22:56        Page      8
                      E x t e r n a l   R e f e r e n c e s
      Statically bound procedures:
         Procedure                            References
         No references in the source.
      Imported fields:
         Field             Attributes         Defined
         No references in the source.
      Exported fields:
         Field             Attributes         Defined
         No references in the source.
   * * * * *   E N D   O F   E X T E R N A L   R E F E R E N C E S   * * * * *
                                                   -=* http://pub400.com *=-
 5770WDS V7R5M0  220415 RN        IBM ILE RPG             ASHIBATA2/LRN400AUT      PUB400     26-09-07 17:22:56        Page      9
                          M e s s a g e   S u m m a r y
 Msg id  Sv Number Message text
*RNF7031 00      7 The name or indicator is not referenced.
*RNF7066 00      1 Record-Format name of Externally-Described file is not used.
       * * * * *   E N D   O F   M E S S A G E   S U M M A R Y   * * * * *
                                                   -=* http://pub400.com *=-
 5770WDS V7R5M0  220415 RN        IBM ILE RPG             ASHIBATA2/LRN400AUT      PUB400     26-09-07 17:22:56        Page     10
                            F i n a l   S u m m a r y
  Message Totals:
    Information  (00) . . . . . . . :        8
    Warning      (10) . . . . . . . :        0
    Error        (20) . . . . . . . :        0
    Severe Error (30+)  . . . . . . :        0
    ---------------------------------  -------
    Total . . . . . . . . . . . . . :        8
  Source Totals:
    Records . . . . . . . . . . . . :      110
    Specifications  . . . . . . . . :       95
    Data records  . . . . . . . . . :        0
    Comments  . . . . . . . . . . . :       15
         * * * * *   E N D   O F   F I N A L   S U M M A R Y   * * * * *
Program LRN400AUT placed in library ASHIBATA2. 00 highest severity. Created on 26-09-07 at 17:22:56.
          * * * * *   E N D   O F   C O M P I L A T I O N   * * * * *
                                                   -=* http://pub400.com *=-
 5770WDS V7R5M0  220415 RN        IBM ILE RPG             ASHIBATA2/EXHBMENU       PUB400     26-09-07 17:22:56        Page      1
  Command  . . . . . . . . . . . . :   CRTBNDRPG
    Issued by  . . . . . . . . . . :     ASHIBATA
  Program  . . . . . . . . . . . . :   EXHBMENU
    Library  . . . . . . . . . . . :     ASHIBATA2
  Text 'description' . . . . . . . :   *SRCMBRTXT
  Source Member  . . . . . . . . . :   EXHBMENU
  Source File  . . . . . . . . . . :   QRPGLESRC
    Library  . . . . . . . . . . . :     ASHIBATA1
    CCSID  . . . . . . . . . . . . :     273
  Text 'description' . . . . . . . :
  Last Change  . . . . . . . . . . :   26-09-07  17:21:49
  Generation severity level  . . . :   10
  Default activation group . . . . :   *YES
  Compiler options . . . . . . . . :   *XREF      *GEN       *NOSECLVL  *SHOWCPY
                                       *EXPDDS    *EXT       *NOSHOWSKP *NOSRCSTMT
                                       *DEBUGIO   *UNREF     *NOEVENTF
  Debugging views  . . . . . . . . :   *SOURCE
  Debug encryption key . . . . . . :   *NONE
  Output . . . . . . . . . . . . . :   *PRINT
  Optimization level . . . . . . . :   *NONE
  Source listing indentation . . . :   *NONE
  Type conversion options  . . . . :   *NONE
  Sort sequence  . . . . . . . . . :   *HEX
  Language identifier  . . . . . . :   *JOBRUN
  Replace program  . . . . . . . . :   *YES
  User profile . . . . . . . . . . :   *USER
  Authority  . . . . . . . . . . . :   *LIBCRTAUT
  Truncate numeric . . . . . . . . :   *YES
  Fix numeric  . . . . . . . . . . :   *NONE
  Target release . . . . . . . . . :   *CURRENT
  Allow null values  . . . . . . . :   *NO
  Define condition names . . . . . :   *NONE
  Enable performance collection  . :   *PEP
  Profiling data . . . . . . . . . :   *NOCOL
  Licensed Internal Code options . :
  Generate program interface . . . :   *NO
  Include directory  . . . . . . . :
  Preprocessor options . . . . . . :   *NONE
  Require prototype for export . . :   *NO
                                                   -=* http://pub400.com *=-
 5770WDS V7R5M0  220415 RN        IBM ILE RPG             ASHIBATA2/EXHBMENU       PUB400     26-09-07 17:22:56        Page      2
Line   <---------------------- Source Specifications ----------------------------><---- Comments ----> Do  Page  Change Src Seq
Number ....1....+....2....+....3....+....4....+....5....+....6....+....7....+....8....+....9....+...10 Num Line  Date   Id  Number
                          S o u r c e   L i s t i n g
     1 FEXHBDB    IF   E           K DISK                                                                        000000     000100
        *--------------------------------------------------------------------------------------------*
        *                               RPG name         External name                               *
        * File name. . . . . . . . . :  EXHBDB           ASHIBATA2/EXHBDB                            *
        * Record format(s) . . . . . :  EXHBREC          EXHBREC                                     *
        *--------------------------------------------------------------------------------------------*
     2 FSETTINGS  IF   E             DISK                                                                        000000     000200
        *--------------------------------------------------------------------------------------------*
        *                               RPG name         External name                               *
        * File name. . . . . . . . . :  SETTINGS         ASHIBATA2/SETTINGS                          *
        * Record format(s) . . . . . :  SETTINGSR        SETTINGSR                                   *
        *--------------------------------------------------------------------------------------------*
     3 FEXHBMENUSCCF   E             WORKSTN                                                                     000000     000300
        *--------------------------------------------------------------------------------------------*
        *                               RPG name         External name                               *
        * File name. . . . . . . . . :  EXHBMENUSC       ASHIBATA2/EXHBMENUSC                        *
        * Record format(s) . . . . . :  MENU             MENU                                        *
        *                               ADMCREATE        ADMCREATE                                   *
        *                               ADMPSWRD         ADMPSWRD                                    *
        *                               ADMDELETE        ADMDELETE                                   *
        *                               ADMDELETE2       ADMDELETE2                                  *
        *--------------------------------------------------------------------------------------------*
     4 DUSERPROF         S              9A                                                                       000000     000400
     5 DEXITPSWRD        S              9A                                                                       000000     000500
     6 DCHKALWVOTE       S              1P 0                                                                     000000     000600
     7 DCHKLRN400        S              1P 0                                                                     000000     000700
     8=IEXHBREC                                                                                                            1000001
        *--------------------------------------------------------------------------------------------*                     1
        * RPG record format  . . . . :  EXHBREC                                                      *                     1
        * External format  . . . . . :  EXHBREC : ASHIBATA2/EXHBDB                                   *                     1
        *--------------------------------------------------------------------------------------------*                     1
     9=I                             B    1    2 0EXHBDBID                                                                 1000002
    10=I                             A    3   11  EXHUSRPRF                                                                1000003
    11=I                             A   12   31  EXHBITOR                                                                 1000004
    12=I                             A   32   51  EXHBCITY                                                                 1000005
    13=I                             A   52   53  EXHBSTATE                                                                1000006
    14=I                             A   54  103  EXHBTITLE                                                                1000007
    15=I                             A  104 1103  EXHBDESC                                                                 1000008
    16=I                             B 1104 1105 0ELIGIBLE                                                                 1000009
    17=I                             B 1106 1107 0ENLRN400                                                                 1000010
    18=ISETTINGSR                                                                                                          2000001
        *--------------------------------------------------------------------------------------------*                     2
        * RPG record format  . . . . :  SETTINGSR                                                    *                     2
        * External format  . . . . . :  SETTINGSR : ASHIBATA2/SETTINGS                               *                     2
        *--------------------------------------------------------------------------------------------*                     2
    19=I                             A    1    9  SETTING                                                                  2000002
    20=I                             A   10   18  VALUE                                                                    2000003
                                                   -=* http://pub400.com *=-
 5770WDS V7R5M0  220415 RN        IBM ILE RPG             ASHIBATA2/EXHBMENU       PUB400     26-09-07 17:22:56        Page      3
Line   <---------------------- Source Specifications ----------------------------><---- Comments ----> Do  Page  Change Src Seq
Number ....1....+....2....+....3....+....4....+....5....+....6....+....7....+....8....+....9....+...10 Num Line  Date   Id  Number
    21=IMENU                                                                                                               3000001
        *--------------------------------------------------------------------------------------------*                     3
        * RPG record format  . . . . :  MENU                                                         *                     3
        * External format  . . . . . :  MENU : ASHIBATA2/EXHBMENUSC                                  *                     3
        *--------------------------------------------------------------------------------------------*                     3
    22=I                             S    1    1 0INOPT                                                                    3000002
    23=IADMCREATE                                                                                                          4000001
        *--------------------------------------------------------------------------------------------*                     4
        * RPG record format  . . . . :  ADMCREATE                                                    *                     4
        * External format  . . . . . :  ADMCREATE : ASHIBATA2/EXHBMENUSC                             *                     4
        *--------------------------------------------------------------------------------------------*                     4
    24=I                             N    1    1  *IN05                           Delete                                   4000002
    25=I                             N    2    2  *IN12                           Cancel                                   4000003
    26=I                             A    3   11  INUSRPRF                                                                 4000004
    27=I                             A   12   71  INTITLE                                                                  4000005
    28=I                             A   72   91  INNAME                                                                   4000006
    29=I                             A   92  106  INCITY                                                                   4000007
    30=I                             A  107  108  INSTATE                                                                  4000008
    31=I                             A  109  109  INELIGIBLE                                                               4000009
    32=I                             A  110 1109  INDESC                                                                   4000010
    33=I                             A 1110 1110  INLRN400EN                                                               4000011
    34=IADMPSWRD                                                                                                           5000001
        *--------------------------------------------------------------------------------------------*                     5
        * RPG record format  . . . . :  ADMPSWRD                                                     *                     5
        * External format  . . . . . :  ADMPSWRD : ASHIBATA2/EXHBMENUSC                              *                     5
        *--------------------------------------------------------------------------------------------*                     5
    35=I                             A    1    9  INPWD                                                                    5000002
    36=IADMDELETE                                                                                                          6000001
        *--------------------------------------------------------------------------------------------*                     6
        * RPG record format  . . . . :  ADMDELETE                                                    *                     6
        * External format  . . . . . :  ADMDELETE : ASHIBATA2/EXHBMENUSC                             *                     6
        *--------------------------------------------------------------------------------------------*                     6
    37=I                             N    1    1  *IN12                           Cancel                                   6000002
    38=IADMDELETE2                                                                                                         7000001
        *--------------------------------------------------------------------------------------------*                     7
        * RPG record format  . . . . :  ADMDELETE2                                                   *                     7
        * External format  . . . . . :  ADMDELETE2 : ASHIBATA2/EXHBMENUSC                            *                     7
        *--------------------------------------------------------------------------------------------*                     7
    39=I                             N    1    1  *IN12                           Cancel                                   7000002
    40 C     *ENTRY        PLIST                                                                                 000000     000800
    41 C                   PARM                    LAUNCH            9                                           000000     000900
    42 C*-----------------------------------------------------------------------                                 000000     001000
    43 C*                  MOVEL     LAUNCH        PARMOUT                                                       000000     001100
    44 C                   EXSR      CHKPARM                                                                     000000     001200
    45 C                   EXSR      GETPSWRD                                                                    000000     001300
    46 C                   EXFMT     MENU                                                                        000000     001400
    47 C                                                                                                         000000     001500
    48 C                   IF        INOPT = 1                                                         B01       000000     001600
    49 C                   EXSR      DOVOTE                                                             01       000000     001700
    50 C                   ENDIF                                                                       E01       000000     001800
    51 C                                                                                               E01       000000     001900
    52 C                   IF        INOPT = 2                                                         B01       000000     002000
    53 C                   EXSR      DOLRN400                                                           01       000000     002100
    54 C                   ENDIF                                                                       E01       000000     002200
                                                   -=* http://pub400.com *=-
 5770WDS V7R5M0  220415 RN        IBM ILE RPG             ASHIBATA2/EXHBMENU       PUB400     26-09-07 17:22:56        Page      4
Line   <---------------------- Source Specifications ----------------------------><---- Comments ----> Do  Page  Change Src Seq
Number ....1....+....2....+....3....+....4....+....5....+....6....+....7....+....8....+....9....+...10 Num Line  Date   Id  Number
    55 C                                                                                               E01       000000     002300
    56 C                   IF        INOPT = 3                                                         B01       000000     002400
    57 C                   CALL      'ADDGBSTUB'                                                        01       000000     002500
    58 C                   ENDIF                                                                       E01       000000     002600
    59 C                                                                                               E01       000000     002700
    60 C                   IF        INOPT = 4                                                         B01       000000     002800
    61 C                   CALL      'READGBSTUB'                                                       01       000000     002900
    62 C                   ENDIF                                                                       E01       000000     003000
    63 C                                                                                               E01       000000     003100
    64 C                   IF        INOPT = 7                                                         B01       000000     003200
    65 C                   EXSR      ADMKIOSK                                                           01       000000     003300
    66 C                   ENDIF                                                                       E01       000000     003400
    67 C*------------------------------------------------------------------------                                000000     003500
    68 C     DOVOTE        BEGSR                                                                                 000000     003600
    69 C                   IF        CHKALWVOTE = 1                                                    B01       000000     003700
    70 C                   CALL      'VOTESTUB'                                                         01       000000     003800
    71 C                   ENDIF                                                                       E01       000000     003900
    72 C                   ENDSR                                                                                 000000     004000
    73 C*------------------------------------------------------------------------                                000000     004100
    74 C     DOLRN400      BEGSR                                                                                 000000     004200
    75 C                   IF        CHKLRN400 = 1                                                     B01       000000     004300
    76 C                   CALL      'LRN400STUB'                                                       01       000000     004400
    77 C                   ENDIF                                                                       E01       000000     004500
    78 C                   ENDSR                                                                                 000000     004600
    79 C*------------------------------------------------------------------------                                000000     004700
    80 C     ADMKIOSK      BEGSR                                                                                 000000     004800
    81 C                   EXFMT     ADMPSWRD                                                                    000000     004900
    82 C                   IF        INPWD = EXITPSWRD                                                 B01       000000     005000
    83 C                   MOVEL     *ON           *INLR                                                01       000000     005100
    84 C                   RETURN                                                                       01       000000     005200
    85 C                   ENDIF                                                                       E01       000000     005300
    86 C                   ENDSR                                                                                 000000     005400
    87 C*-------------------------------------------------------------------------                               000000     005500
    88 C     GETPSWRD      BEGSR                                                                                 000000     005600
    89 C     *START        SETLL     SETTINGS                                                                    000000     005700
    90 C                   READ      SETTINGS                                                                    000000     005800
    91 C                   MOVEL     VALUE         EXITPSWRD                                                     000000     005900
    92 C                   ENDSR                                                                                 000000     006000
    93 C*-------------------------------------------------------------------------                               000000     006100
    94 C     CHKPARM       BEGSR                                                                                 000000     006200
    95 C                   MOVEL     LAUNCH        USERPROF                                                      000000     006300
    96 C     USERPROF      SETLL     EXHBREC                                                                     000000     006400
    97 C                   READ      EXHBDB                                                                      000000     006500
    98 C                   MOVEL     EXHBTITLE     OUTTITLE                                                      000000     006600
    99 C                   MOVEL     EXHBITOR      OUTNAME                                                       000000     006700
   100 C                   MOVEL     EXHBCITY      OUTCITY                                                       000000     006800
   101 C                   MOVEL     EXHBSTATE     OUTSTATE                                                      000000     006900
   102 C                   MOVEL     EXHBDESC      OUTDESC                                                       000000     007000
   103 C                   MOVEL     ELIGIBLE      CHKALWVOTE                                                    000000     007100
   104 C                   MOVEL     ENLRN400      CHKLRN400                                                     000000     007200
   105 C                                                                                                         000000     007300
   106 C                   IF        CHKALWVOTE = 1                                                    B01       000000     007400
   107 C                   EVAL      *IN41 = *OFF                                                       01       000000     007500
   108 C                   ELSE                                                                        X01       000000     007600
   109 C                   EVAL      *IN41 = *ON                                                        01       000000     007700
   110 C                   ENDIF                                                                       E01       000000     007800
                                                   -=* http://pub400.com *=-
 5770WDS V7R5M0  220415 RN        IBM ILE RPG             ASHIBATA2/EXHBMENU       PUB400     26-09-07 17:22:56        Page      5
Line   <---------------------- Source Specifications ----------------------------><---- Comments ----> Do  Page  Change Src Seq
Number ....1....+....2....+....3....+....4....+....5....+....6....+....7....+....8....+....9....+...10 Num Line  Date   Id  Number
   111 C                                                                                               E01       000000     007900
   112 C                   IF        CHKLRN400 = 1                                                     B01       000000     008000
   113 C                   EVAL      *IN40 = *OFF                                                       01       000000     008100
   114 C                   ELSE                                                                        X01       000000     008200
   115 C                   EVAL      *IN40 = *ON                                                        01       000000     008300
   116 C                   ENDIF                                                                       E01       000000     008400
   117 C                                                                                               E01       000000     008500
   118 C                   ENDSR                                                                                 000000     008600
   119=OMENU                                                                                                               8000001
        *--------------------------------------------------------------------------------------------*                     8
        * RPG record format  . . . . :  MENU                                                         *                     8
        * External format  . . . . . :  MENU : ASHIBATA2/EXHBMENUSC                                  *                     8
        *--------------------------------------------------------------------------------------------*                     8
   120=O                       *IN40                2N CHAR        1                                                       8000002
   121=O                       *IN41                1N CHAR        1                                                       8000003
   122=O                       OUTTITLE            77A CHAR       75                                                       8000004
   123=O                       OUTNAME            102A CHAR       25                                                       8000005
   124=O                       OUTCITY            117A CHAR       15                                                       8000006
   125=O                       OUTSTATE           119A CHAR        2                                                       8000007
   126=O                       OUTDESC           1119A CHAR     1000                                                       8000008
   127=OADMPSWRD                                                                                                           9000001
        *--------------------------------------------------------------------------------------------*                     9
        * RPG record format  . . . . :  ADMPSWRD                                                     *                     9
        * External format  . . . . . :  ADMPSWRD : ASHIBATA2/EXHBMENUSC                              *                     9
        *--------------------------------------------------------------------------------------------*                     9
       * * * * *   E N D   O F   S O U R C E   * * * * *
                                                   -=* http://pub400.com *=-
 5770WDS V7R5M0  220415 RN        IBM ILE RPG             ASHIBATA2/EXHBMENU       PUB400     26-09-07 17:22:56        Page      6
          A d d i t i o n a l   D i a g n o s t i c   M e s s a g e s
 Msg id  Sv Number Seq     Message text
*RNF7066 00      3 000300  Record-Format ADMCREATE not used for input or output.
*RNF7066 00      3 000300  Record-Format ADMDELETE not used for input or output.
*RNF7066 00      3 000300  Record-Format ADMDELETE2 not used for input or output.
*RNF7066 00      2 000200  Record-Format SETTINGSR not used for input or output.
 * * * * *   E N D   O F   A D D I T I O N A L   D I A G N O S T I C   M E S S A G E S   * * * * *
                 O u t p u t   B u f f e r   P o s i t i o n s
Line   Start End   Field or Constant
Number Pos   Pos
   120     2     2 *IN40
   121     1     1 *IN41
   122     3    77 OUTTITLE
   123    78   102 OUTNAME
   124   103   117 OUTCITY
   125   118   119 OUTSTATE
   126   120  1119 OUTDESC
 * * * * *   E N D   O F   O U T P U T   B U F F E R   P O S I T I O N   *  * * * *
                                                   -=* http://pub400.com *=-
 5770WDS V7R5M0  220415 RN        IBM ILE RPG             ASHIBATA2/EXHBMENU       PUB400     26-09-07 17:22:56        Page      7
                    K e y   F i e l d   I n f o r m a t i o n
         File           Internal    External
           Record       field name  field name  Attributes
      1  EXHBDB
           EXHBREC
                        EXHUSRPRF               CHAR        9
 * * * * *   E N D   O F   K E Y   F I E L D   I N F O R M A T I O N   * * * * *
                                                   -=* http://pub400.com *=-
 5770WDS V7R5M0  220415 RN        IBM ILE RPG             ASHIBATA2/EXHBMENU       PUB400     26-09-07 17:22:56        Page      8
                          C r o s s   R e f e r e n c e
      File and Record References:
         File              Device             References (D=Defined)
           Record
         EXHBDB            DISK                    1D     97
           EXHBREC                                 1D      8      96
         EXHBMENUSC        WORKSTN                 3D
           MENU                                    3D     21      46     119
           ADMCREATE                               3D     23
           ADMPSWRD                                3D     34      81     127
           ADMDELETE                               3D     36
           ADMDELETE2                              3D     38
         SETTINGS          DISK                    2D     89      90
           SETTINGSR                               2D     18
      Global Field References:
         Field             Attributes         References (D=Defined M=Modified)
         *ENTRY            PLIST                  40D
         *INLR             N(1)                   83M
*RNF7031 *IN05             N(1)                   24D
*RNF7031 *IN12             N(1)                   25D     37M     39M
         *IN40             N(1)                  113M    115M    120
         *IN41             N(1)                  107M    109M    121
         ADMKIOSK          BEGSR                  65      80D
         CHKALWVOTE        P(1,0)                  6D     69     103M    106
         CHKLRN400         P(1,0)                  7D     75     104M    112
         CHKPARM           BEGSR                  44      94D
         DOLRN400          BEGSR                  53      74D
         DOVOTE            BEGSR                  49      68D
         ELIGIBLE          P(1,0)                 16D    103
         ENLRN400          P(1,0)                 17D    104
         EXHBCITY          A(20)                  12D    100
*RNF7031 EXHBDBID          P(3,0)                  9D
         EXHBDESC          A(1000)                15D    102
         EXHBITOR          A(20)                  11D     99
         EXHBSTATE         A(2)                   13D    101
         EXHBTITLE         A(50)                  14D     98
*RNF7031 EXHUSRPRF         A(9)                   10D
         EXITPSWRD         A(9)                    5D     82      91M
         GETPSWRD          BEGSR                  45      88D
*RNF7031 INCITY            A(15)                  29D
*RNF7031 INDESC            A(1000)                32D
*RNF7031 INELIGIBLE        A(1)                   31D
*RNF7031 INLRN400EN        A(1)                   33D
*RNF7031 INNAME            A(20)                  28D
         INOPT             P(1,0)                 22D     48      52      56
                                                  60      64
         INPWD             A(9)                   35D     82
*RNF7031 INSTATE           A(2)                   30D
*RNF7031 INTITLE           A(60)                  27D
*RNF7031 INUSRPRF          A(9)                   26D
         LAUNCH            A(9)                   41D     95
                           BASED(_QRNL_PRM+)
         OUTCITY           A(15)                 100M    124
         OUTDESC           A(1000)               102M    126
                                                   -=* http://pub400.com *=-
 5770WDS V7R5M0  220415 RN        IBM ILE RPG             ASHIBATA2/EXHBMENU       PUB400     26-09-07 17:22:56        Page      9
         OUTNAME           A(25)                  99M    123
         OUTSTATE          A(2)                  101M    125
         OUTTITLE          A(75)                  98M    122
*RNF7031 SETTING           A(9)                   19D
         USERPROF          A(9)                    4D     95M     96
         VALUE             A(9)                   20D     91
      Indicator References:
         Indicator                            References (D=Defined M=Modified)
*RNF7031 05                                       24M
*RNF7031 12                                       25M     37M     39M
         40                                      113M    115M    120
         41                                      107M    109M    121
         LR                                       83M
       * * * * *   E N D   O F   C R O S S   R E F E R E N C E   * * * * *
                                                   -=* http://pub400.com *=-
 5770WDS V7R5M0  220415 RN        IBM ILE RPG             ASHIBATA2/EXHBMENU       PUB400     26-09-07 17:22:56        Page     10
                      E x t e r n a l   R e f e r e n c e s
      Statically bound procedures:
         Procedure                            References
         No references in the source.
      Imported fields:
         Field             Attributes         Defined
         No references in the source.
      Exported fields:
         Field             Attributes         Defined
         No references in the source.
   * * * * *   E N D   O F   E X T E R N A L   R E F E R E N C E S   * * * * *
                                                   -=* http://pub400.com *=-
 5770WDS V7R5M0  220415 RN        IBM ILE RPG             ASHIBATA2/EXHBMENU       PUB400     26-09-07 17:22:56        Page     11
                          M e s s a g e   S u m m a r y
 Msg id  Sv Number Message text
*RNF7031 00     13 The name or indicator is not referenced.
*RNF7066 00      4 Record-Format name of Externally-Described file is not used.
       * * * * *   E N D   O F   M E S S A G E   S U M M A R Y   * * * * *
                                                   -=* http://pub400.com *=-
 5770WDS V7R5M0  220415 RN        IBM ILE RPG             ASHIBATA2/EXHBMENU       PUB400     26-09-07 17:22:56        Page     12
                            F i n a l   S u m m a r y
  Message Totals:
    Information  (00) . . . . . . . :       17
    Warning      (10) . . . . . . . :        0
    Error        (20) . . . . . . . :        0
    Severe Error (30+)  . . . . . . :        0
    ---------------------------------  -------
    Total . . . . . . . . . . . . . :       17
  Source Totals:
    Records . . . . . . . . . . . . :      127
    Specifications  . . . . . . . . :      120
    Data records  . . . . . . . . . :        0
    Comments  . . . . . . . . . . . :        7
         * * * * *   E N D   O F   F I N A L   S U M M A R Y   * * * * *
Program EXHBMENU placed in library ASHIBATA2. 00 highest severity. Created on 26-09-07 at 17:22:56.
          * * * * *   E N D   O F   C O M P I L A T I O N   * * * * *
                                                   -=* http://pub400.com *=-
 5770WDS V7R5M0  220415 RN        IBM ILE RPG             ASHIBATA2/ADMADDSOFR     PUB400     26-09-07 17:22:56        Page      1
  Command  . . . . . . . . . . . . :   CRTBNDRPG
    Issued by  . . . . . . . . . . :     ASHIBATA
  Program  . . . . . . . . . . . . :   ADMADDSOFR
    Library  . . . . . . . . . . . :     ASHIBATA2
  Text 'description' . . . . . . . :   *SRCMBRTXT
  Source Member  . . . . . . . . . :   ADMADDSOFR
  Source File  . . . . . . . . . . :   QRPGLESRC
    Library  . . . . . . . . . . . :     ASHIBATA1
    CCSID  . . . . . . . . . . . . :     273
  Text 'description' . . . . . . . :
  Last Change  . . . . . . . . . . :   26-09-07  17:21:26
  Generation severity level  . . . :   10
  Default activation group . . . . :   *YES
  Compiler options . . . . . . . . :   *XREF      *GEN       *NOSECLVL  *SHOWCPY
                                       *EXPDDS    *EXT       *NOSHOWSKP *NOSRCSTMT
                                       *DEBUGIO   *UNREF     *NOEVENTF
  Debugging views  . . . . . . . . :   *SOURCE
  Debug encryption key . . . . . . :   *NONE
  Output . . . . . . . . . . . . . :   *PRINT
  Optimization level . . . . . . . :   *NONE
  Source listing indentation . . . :   *NONE
  Type conversion options  . . . . :   *NONE
  Sort sequence  . . . . . . . . . :   *HEX
  Language identifier  . . . . . . :   *JOBRUN
  Replace program  . . . . . . . . :   *YES
  User profile . . . . . . . . . . :   *USER
  Authority  . . . . . . . . . . . :   *LIBCRTAUT
  Truncate numeric . . . . . . . . :   *YES
  Fix numeric  . . . . . . . . . . :   *NONE
  Target release . . . . . . . . . :   *CURRENT
  Allow null values  . . . . . . . :   *NO
  Define condition names . . . . . :   *NONE
  Enable performance collection  . :   *PEP
  Profiling data . . . . . . . . . :   *NOCOL
  Licensed Internal Code options . :
  Generate program interface . . . :   *NO
  Include directory  . . . . . . . :
  Preprocessor options . . . . . . :   *NONE
  Require prototype for export . . :   *NO
                                                   -=* http://pub400.com *=-
 5770WDS V7R5M0  220415 RN        IBM ILE RPG             ASHIBATA2/ADMADDSOFR     PUB400     26-09-07 17:22:56        Page      2
Line   <---------------------- Source Specifications ----------------------------><---- Comments ----> Do  Page  Change Src Seq
Number ....1....+....2....+....3....+....4....+....5....+....6....+....7....+....8....+....9....+...10 Num Line  Date   Id  Number
                          S o u r c e   L i s t i n g
     1 FSECOFRS   UF A E           K DISK                                                                        000000     000100
        *--------------------------------------------------------------------------------------------*
        *                               RPG name         External name                               *
        * File name. . . . . . . . . :  SECOFRS          ASHIBATA2/SECOFRS                           *
        * Record format(s) . . . . . :  USRPROFR         USRPROFR                                    *
        *--------------------------------------------------------------------------------------------*
     2 FADMSCR    CF   E             WORKSTN                                                                     000000     000200
        *--------------------------------------------------------------------------------------------*
        *                               RPG name         External name                               *
        * File name. . . . . . . . . :  ADMSCR           ASHIBATA2/ADMSCR                            *
        * Record format(s) . . . . . :  ADDADM           ADDADM                                      *
        *                               LISTADMRCD       LISTADMRCD                                  *
        *--------------------------------------------------------------------------------------------*
     3 DCHECKOK          S              1P 0                                                                     000000     000300
     4 DSTSOK            C                   CONST('Status updated')                                             000000     000400
     5 C*----------------------------------------------------                                                    000000     000500
     6=IUSRPROFR                                                                                                           1000001
        *--------------------------------------------------------------------------------------------*                     1
        * RPG record format  . . . . :  USRPROFR                                                     *                     1
        * External format  . . . . . :  USRPROFR : ASHIBATA2/SECOFRS                                 *                     1
        *--------------------------------------------------------------------------------------------*                     1
     7=I                             A    1    9  USERPROF                                                                 1000002
     8=IADDADM                                                                                                             2000001
        *--------------------------------------------------------------------------------------------*                     2
        * RPG record format  . . . . :  ADDADM                                                       *                     2
        * External format  . . . . . :  ADDADM : ASHIBATA2/ADMSCR                                    *                     2
        *--------------------------------------------------------------------------------------------*                     2
     9=I                             A    1    9  INADMNAME                                                                2000002
    10=ILISTADMRCD                                                                                                         3000001
        *--------------------------------------------------------------------------------------------*                     3
        * RPG record format  . . . . :  LISTADMRCD                                                   *                     3
        * External format  . . . . . :  LISTADMRCD : ASHIBATA2/ADMSCR                                *                     3
        *--------------------------------------------------------------------------------------------*                     3
    11 C                   EXFMT     ADDADM                                                                      000000     000600
    12 C                                                                                                         000000     000700
    13 C                   READ      SECOFRS                                                                     000000     000800
    14 C     *LOVAL        SETLL     USRPROFR                                                                    000000     000900
    15                                                                                                           000000     001000
    16 C                   MOVEL     INADMNAME     USERPROF                                                      000000     001100
    17 C                   WRITE     USRPROFR                                                                    000000     001200
    18 C                                                                                                         000000     001300
    19 C                   MOVEL     *ON           *INLR                                                         000000     001400
    20 C                   RETURN                                                                                000000     001500
    21 C*----------------------------------------------------                                                    000000     001600
    22=OUSRPROFR                                                                                                           4000001
                                                   -=* http://pub400.com *=-
 5770WDS V7R5M0  220415 RN        IBM ILE RPG             ASHIBATA2/ADMADDSOFR     PUB400     26-09-07 17:22:56        Page      3
Line   <---------------------- Source Specifications ----------------------------><---- Comments ----> Do  Page  Change Src Seq
Number ....1....+....2....+....3....+....4....+....5....+....6....+....7....+....8....+....9....+...10 Num Line  Date   Id  Number
        *--------------------------------------------------------------------------------------------*                     4
        * RPG record format  . . . . :  USRPROFR                                                     *                     4
        * External format  . . . . . :  USRPROFR : ASHIBATA2/SECOFRS                                 *                     4
        *--------------------------------------------------------------------------------------------*                     4
    23=O                       USERPROF             9A CHAR        9                                                       4000002
    24=OADDADM                                                                                                             5000001
        *--------------------------------------------------------------------------------------------*                     5
        * RPG record format  . . . . :  ADDADM                                                       *                     5
        * External format  . . . . . :  ADDADM : ASHIBATA2/ADMSCR                                    *                     5
        *--------------------------------------------------------------------------------------------*                     5
       * * * * *   E N D   O F   S O U R C E   * * * * *
                                                   -=* http://pub400.com *=-
 5770WDS V7R5M0  220415 RN        IBM ILE RPG             ASHIBATA2/ADMADDSOFR     PUB400     26-09-07 17:22:56        Page      4
          A d d i t i o n a l   D i a g n o s t i c   M e s s a g e s
 Msg id  Sv Number Seq     Message text
*RNF7066 00      2 000200  Record-Format LISTADMRCD not used for input or output.
 * * * * *   E N D   O F   A D D I T I O N A L   D I A G N O S T I C   M E S S A G E S   * * * * *
                 O u t p u t   B u f f e r   P o s i t i o n s
Line   Start End   Field or Constant
Number Pos   Pos
    23     1     9 USERPROF
 * * * * *   E N D   O F   O U T P U T   B U F F E R   P O S I T I O N   *  * * * *
                                                   -=* http://pub400.com *=-
 5770WDS V7R5M0  220415 RN        IBM ILE RPG             ASHIBATA2/ADMADDSOFR     PUB400     26-09-07 17:22:56        Page      5
                    K e y   F i e l d   I n f o r m a t i o n
         File           Internal    External
           Record       field name  field name  Attributes
      1  SECOFRS
           USRPROFR
                        USERPROF                CHAR        9
 * * * * *   E N D   O F   K E Y   F I E L D   I N F O R M A T I O N   * * * * *
                                                   -=* http://pub400.com *=-
 5770WDS V7R5M0  220415 RN        IBM ILE RPG             ASHIBATA2/ADMADDSOFR     PUB400     26-09-07 17:22:56        Page      6
                          C r o s s   R e f e r e n c e
      File and Record References:
         File              Device             References (D=Defined)
           Record
         ADMSCR            WORKSTN                 2D
           ADDADM                                  2D      8      11      24
           LISTADMRCD                              2D     10
         SECOFRS           DISK                    1D     13
           USRPROFR                                1D      6      14      17
                                                  22
      Global Field References:
         Field             Attributes         References (D=Defined M=Modified)
         *INLR             N(1)                   19M
*RNF7031 CHECKOK           P(1,0)                  3D
         INADMNAME         A(9)                    9D     16
*RNF7031 STSOK             CONST                   4D
         USERPROF          A(9)                    7M     16M     23
      Indicator References:
         Indicator                            References (D=Defined M=Modified)
         LR                                       19M
       * * * * *   E N D   O F   C R O S S   R E F E R E N C E   * * * * *
                                                   -=* http://pub400.com *=-
 5770WDS V7R5M0  220415 RN        IBM ILE RPG             ASHIBATA2/ADMADDSOFR     PUB400     26-09-07 17:22:56        Page      7
                      E x t e r n a l   R e f e r e n c e s
      Statically bound procedures:
         Procedure                            References
         No references in the source.
      Imported fields:
         Field             Attributes         Defined
         No references in the source.
      Exported fields:
         Field             Attributes         Defined
         No references in the source.
   * * * * *   E N D   O F   E X T E R N A L   R E F E R E N C E S   * * * * *
                                                   -=* http://pub400.com *=-
 5770WDS V7R5M0  220415 RN        IBM ILE RPG             ASHIBATA2/ADMADDSOFR     PUB400     26-09-07 17:22:56        Page      8
                          M e s s a g e   S u m m a r y
 Msg id  Sv Number Message text
*RNF7031 00      2 The name or indicator is not referenced.
*RNF7066 00      1 Record-Format name of Externally-Described file is not used.
       * * * * *   E N D   O F   M E S S A G E   S U M M A R Y   * * * * *
                                                   -=* http://pub400.com *=-
 5770WDS V7R5M0  220415 RN        IBM ILE RPG             ASHIBATA2/ADMADDSOFR     PUB400     26-09-07 17:22:56        Page      9
                            F i n a l   S u m m a r y
  Message Totals:
    Information  (00) . . . . . . . :        3
    Warning      (10) . . . . . . . :        0
    Error        (20) . . . . . . . :        0
    Severe Error (30+)  . . . . . . :        0
    ---------------------------------  -------
    Total . . . . . . . . . . . . . :        3
  Source Totals:
    Records . . . . . . . . . . . . :       24
    Specifications  . . . . . . . . :       21
    Data records  . . . . . . . . . :        0
    Comments  . . . . . . . . . . . :        2
         * * * * *   E N D   O F   F I N A L   S U M M A R Y   * * * * *
Program ADMADDSOFR placed in library ASHIBATA2. 00 highest severity. Created on 26-09-07 at 17:22:56.
          * * * * *   E N D   O F   C O M P I L A T I O N   * * * * *
                                                   -=* http://pub400.com *=-
 5770WDS V7R5M0  220415 RN        IBM ILE RPG             ASHIBATA2/ADMCRTEXHB     PUB400     26-09-07 17:22:56        Page      1
  Command  . . . . . . . . . . . . :   CRTBNDRPG
    Issued by  . . . . . . . . . . :     ASHIBATA
  Program  . . . . . . . . . . . . :   ADMCRTEXHB
    Library  . . . . . . . . . . . :     ASHIBATA2
  Text 'description' . . . . . . . :   *SRCMBRTXT
  Source Member  . . . . . . . . . :   ADMCRTEXHB
  Source File  . . . . . . . . . . :   QRPGLESRC
    Library  . . . . . . . . . . . :     ASHIBATA1
    CCSID  . . . . . . . . . . . . :     273
  Text 'description' . . . . . . . :
  Last Change  . . . . . . . . . . :   26-09-07  17:21:28
  Generation severity level  . . . :   10
  Default activation group . . . . :   *YES
  Compiler options . . . . . . . . :   *XREF      *GEN       *NOSECLVL  *SHOWCPY
                                       *EXPDDS    *EXT       *NOSHOWSKP *NOSRCSTMT
                                       *DEBUGIO   *UNREF     *NOEVENTF
  Debugging views  . . . . . . . . :   *SOURCE
  Debug encryption key . . . . . . :   *NONE
  Output . . . . . . . . . . . . . :   *PRINT
  Optimization level . . . . . . . :   *NONE
  Source listing indentation . . . :   *NONE
  Type conversion options  . . . . :   *NONE
  Sort sequence  . . . . . . . . . :   *HEX
  Language identifier  . . . . . . :   *JOBRUN
  Replace program  . . . . . . . . :   *YES
  User profile . . . . . . . . . . :   *USER
  Authority  . . . . . . . . . . . :   *LIBCRTAUT
  Truncate numeric . . . . . . . . :   *YES
  Fix numeric  . . . . . . . . . . :   *NONE
  Target release . . . . . . . . . :   *CURRENT
  Allow null values  . . . . . . . :   *NO
  Define condition names . . . . . :   *NONE
  Enable performance collection  . :   *PEP
  Profiling data . . . . . . . . . :   *NOCOL
  Licensed Internal Code options . :
  Generate program interface . . . :   *NO
  Include directory  . . . . . . . :
  Preprocessor options . . . . . . :   *NONE
  Require prototype for export . . :   *NO
                                                   -=* http://pub400.com *=-
 5770WDS V7R5M0  220415 RN        IBM ILE RPG             ASHIBATA2/ADMCRTEXHB     PUB400     26-09-07 17:22:56        Page      2
Line   <---------------------- Source Specifications ----------------------------><---- Comments ----> Do  Page  Change Src Seq
Number ....1....+....2....+....3....+....4....+....5....+....6....+....7....+....8....+....9....+...10 Num Line  Date   Id  Number
                          S o u r c e   L i s t i n g
     1 FSECOFRS   IF   E           K DISK                                                                        000000     000100
        *--------------------------------------------------------------------------------------------*
        *                               RPG name         External name                               *
        * File name. . . . . . . . . :  SECOFRS          ASHIBATA2/SECOFRS                           *
        * Record format(s) . . . . . :  USRPROFR         USRPROFR                                    *
        *--------------------------------------------------------------------------------------------*
     2 FEXHBDB    UF A E           K DISK                                                                        000000     000200
        *--------------------------------------------------------------------------------------------*
        *                               RPG name         External name                               *
        * File name. . . . . . . . . :  EXHBDB           ASHIBATA2/EXHBDB                            *
        * Record format(s) . . . . . :  EXHBREC          EXHBREC                                     *
        *--------------------------------------------------------------------------------------------*
     3 FEXHBMENUSCCF   E             WORKSTN                                                                     000000     000300
        *--------------------------------------------------------------------------------------------*
        *                               RPG name         External name                               *
        * File name. . . . . . . . . :  EXHBMENUSC       ASHIBATA2/EXHBMENUSC                        *
        * Record format(s) . . . . . :  MENU             MENU                                        *
        *                               ADMCREATE        ADMCREATE                                   *
        *                               ADMPSWRD         ADMPSWRD                                    *
        *                               ADMDELETE        ADMDELETE                                   *
        *                               ADMDELETE2       ADMDELETE2                                  *
        *--------------------------------------------------------------------------------------------*
     4 DNEWOREDT         S              1P 0                                                                     000000     000400
     5 DALWEXIT          S              1P 0                                                                     000000     000500
     6 DERRSTS           S              1P 0                                                                     000000     000600
     7 DDLTACTIV         S              1P 0                                                                     000000     000700
     8 DUSERPROF         S              9A                                                                       000000     000800
     9 DEDTEXHB          S              9A                                                                       000000     000900
    10 DEMPTY            C                   CONST('          ')                                                 000000     001000
    11 DERREXIST         C                   CONST('Error - USRPRF exists')                                      000000     001100
    12 DERRNF            C                   CONST('USRPRF not found, creating +                                 000000     001200
    13 D                                            new')                                                        000000     001300
    14 DERRNODEL         C                   CONST('Not found - not deleted')                                    000000     001400
    15 DERRDELOK         C                   CONST('USRPRF was deleted from DB')                                 000000     001500
    16 DERRBLANK         C                   CONST('USRPRF cannot be blank     ')                                000000     001600
    17 C*---------------------------------------------------------------------                                   000000     001700
    18=IUSRPROFR                                                                                                           1000001
        *--------------------------------------------------------------------------------------------*                     1
        * RPG record format  . . . . :  USRPROFR                                                     *                     1
        * External format  . . . . . :  USRPROFR : ASHIBATA2/SECOFRS                                 *                     1
        *--------------------------------------------------------------------------------------------*                     1
    19=I                             A    1    9  USERPROF                                                                 1000002
    20=IEXHBREC                                                                                                            2000001
        *--------------------------------------------------------------------------------------------*                     2
        * RPG record format  . . . . :  EXHBREC                                                      *                     2
        * External format  . . . . . :  EXHBREC : ASHIBATA2/EXHBDB                                   *                     2
        *--------------------------------------------------------------------------------------------*                     2
                                                   -=* http://pub400.com *=-
 5770WDS V7R5M0  220415 RN        IBM ILE RPG             ASHIBATA2/ADMCRTEXHB     PUB400     26-09-07 17:22:56        Page      3
Line   <---------------------- Source Specifications ----------------------------><---- Comments ----> Do  Page  Change Src Seq
Number ....1....+....2....+....3....+....4....+....5....+....6....+....7....+....8....+....9....+...10 Num Line  Date   Id  Number
    21=I                             B    1    2 0EXHBDBID                                                                 2000002
    22=I                             A    3   11  EXHUSRPRF                                                                2000003
    23=I                             A   12   31  EXHBITOR                                                                 2000004
    24=I                             A   32   51  EXHBCITY                                                                 2000005
    25=I                             A   52   53  EXHBSTATE                                                                2000006
    26=I                             A   54  103  EXHBTITLE                                                                2000007
    27=I                             A  104 1103  EXHBDESC                                                                 2000008
    28=I                             B 1104 1105 0ELIGIBLE                                                                 2000009
    29=I                             B 1106 1107 0ENLRN400                                                                 2000010
    30=IMENU                                                                                                               3000001
        *--------------------------------------------------------------------------------------------*                     3
        * RPG record format  . . . . :  MENU                                                         *                     3
        * External format  . . . . . :  MENU : ASHIBATA2/EXHBMENUSC                                  *                     3
        *--------------------------------------------------------------------------------------------*                     3
    31=I                             S    1    1 0INOPT                                                                    3000002
    32=IADMCREATE                                                                                                          4000001
        *--------------------------------------------------------------------------------------------*                     4
        * RPG record format  . . . . :  ADMCREATE                                                    *                     4
        * External format  . . . . . :  ADMCREATE : ASHIBATA2/EXHBMENUSC                             *                     4
        *--------------------------------------------------------------------------------------------*                     4
    33=I                             N    1    1  *IN05                           Delete                                   4000002
    34=I                             N    2    2  *IN12                           Cancel                                   4000003
    35=I                             A    3   11  INUSRPRF                                                                 4000004
    36=I                             A   12   71  INTITLE                                                                  4000005
    37=I                             A   72   91  INNAME                                                                   4000006
    38=I                             A   92  106  INCITY                                                                   4000007
    39=I                             A  107  108  INSTATE                                                                  4000008
    40=I                             A  109  109  INELIGIBLE                                                               4000009
    41=I                             A  110 1109  INDESC                                                                   4000010
    42=I                             A 1110 1110  INLRN400EN                                                               4000011
    43=IADMPSWRD                                                                                                           5000001
        *--------------------------------------------------------------------------------------------*                     5
        * RPG record format  . . . . :  ADMPSWRD                                                     *                     5
        * External format  . . . . . :  ADMPSWRD : ASHIBATA2/EXHBMENUSC                              *                     5
        *--------------------------------------------------------------------------------------------*                     5
    44=I                             A    1    9  INPWD                                                                    5000002
    45=IADMDELETE                                                                                                          6000001
        *--------------------------------------------------------------------------------------------*                     6
        * RPG record format  . . . . :  ADMDELETE                                                    *                     6
        * External format  . . . . . :  ADMDELETE : ASHIBATA2/EXHBMENUSC                             *                     6
        *--------------------------------------------------------------------------------------------*                     6
    46=I                             N    1    1  *IN12                           Cancel                                   6000002
    47=IADMDELETE2                                                                                                         7000001
        *--------------------------------------------------------------------------------------------*                     7
        * RPG record format  . . . . :  ADMDELETE2                                                   *                     7
        * External format  . . . . . :  ADMDELETE2 : ASHIBATA2/EXHBMENUSC                            *                     7
        *--------------------------------------------------------------------------------------------*                     7
    48=I                             N    1    1  *IN12                           Cancel                                   7000002
    49 C     *ENTRY        PLIST                                                                                 000000     001800
    50 C                   PARM                    LAUNCH            9                                           000000     001900
    51 C                   PARM                    EXHIBIT           9                                           000000     002000
    52 C*-----------------------------------------------------------------------                                 000000     002100
    53 C                   MOVEL     0             NEWOREDT                                                      000000     002200
    54 C                   MOVEL     0             ERRSTS                                                        000000     002300
                                                   -=* http://pub400.com *=-
 5770WDS V7R5M0  220415 RN        IBM ILE RPG             ASHIBATA2/ADMCRTEXHB     PUB400     26-09-07 17:22:56        Page      4
Line   <---------------------- Source Specifications ----------------------------><---- Comments ----> Do  Page  Change Src Seq
Number ....1....+....2....+....3....+....4....+....5....+....6....+....7....+....8....+....9....+...10 Num Line  Date   Id  Number
    55 C                   MOVEL     0             DLTACTIV                                                      000000     002400
    56 C                                                                                                         000000     002500
    57 C                   EXSR      CHKPARM                                                                     000000     002600
    58 C                   EXSR      LOADEXHB                                                                    000000     002700
    59 C                                                                                                         000000     002800
    60 C                   DOW       ALWEXIT = *ZERO                                                   B01       000000     002900
    61 C                   MOVEL     0             DLTACTIV                                             01       000000     003000
    62 C                   EXFMT     ADMCREATE                                                          01       000000     003100
    63 C                                                                                                01       000000     003200
    64 C                   IF        ERRSTS = 1                                                        B02       000000     003300
    65 C                   EVAL      ERRLINE = ERREXIST                                                 02       000000     003400
    66 C                   ENDIF                                                                       E02       000000     003500
    67 C                                                                                               E02       000000     003600
    68 C                   IF        ERRSTS = 2                                                        B02       000000     003700
    69 C                   EVAL      ERRLINE = ERRNF                                                    02       000000     003800
    70 C                   ENDIF                                                                       E02       000000     003900
    71 C                                                                                               E02       000000     004000
    72 C                   IF        ERRSTS = 3                                                        B02       000000     004100
    73 C                   EVAL      ERRLINE = ERRNODEL                                                 02       000000     004200
    74 C                   ENDIF                                                                       E02       000000     004300
    75 C                                                                                               E02       000000     004400
    76 C                   IF        ERRSTS = 4                                                        B02       000000     004500
    77 C                   EVAL      ERRLINE = ERRDELOK                                                 02       000000     004600
    78 C                   ENDIF                                                                       E02       000000     004700
    79 C                                                                                               E02       000000     004800
    80 C                   IF        ERRSTS = 5                                                        B02       000000     004900
    81 C                   EVAL      ERRLINE = ERRBLANK                                                 02       000000     005000
    82 C                   ENDIF                                                                       E02       000000     005100
    83 C                                                                                               E02       000000     005200
    84 C                   IF        *IN05 = *ON                                                       B02       000000     005300
    85 C                   EXSR      DELRCD                                                             02       000000     005400
    86 C                   EVAL      *IN05 = *OFF                                                       02       000000     005500
    87 C                   MOVEL     1             DLTACTIV                                             02       000000     005600
    88 C                   ENDIF                                                                       E02       000000     005700
    89 C                                                                                               E02       000000     005800
    90 C                   IF        *IN12 = *ON                                                       B02       000000     005900
    91 C                   MOVEL     *ON           *INLR                                                02       000000     006000
    92 C                   RETURN                                                                       02       000000     006100
    93 C                   ENDIF                                                                       E02       000000     006200
    94 C                                                                                               E02       000000     006300
    95 C                   IF        DLTACTIV  = *ZERO                                                 B02       000000     006400
    96 C                   EXSR      WRITEEXHB                                                          02       000000     006500
    97 C                   ENDIF                                                                       E02       000000     006600
    98 C                   ENDDO                                                                       E01       000000     006700
    99 C                                                                                               E01       000000     006800
   100 C                   MOVEL     *ON           *INLR                                                         000000     006900
   101 C                   RETURN                                                                                000000     007000
   102 C*---------------------------------------------------------------------                                   000000     007100
   103 C     LOADEXHB      BEGSR                                                                                 000000     007200
   104 C                   IF        EDTEXHB = 'NONE'                                                  B01       000000     007300
   105 C*                    *Do nothing. Assume new (NEWOREDT = 0)                                              000000     007400
   106 C                   ELSE                                                                        X01       000000     007500
   107 C     EDTEXHB       CHAIN     EXHBREC                            95----                          01       000000     007600
   108 C                   IF        *IN95 = *OFF                                                      B02       000000     007700
   109 C                   READE     EXHBDB                                                             02       000000     007800
   110 C                   MOVEL     EXHBTITLE     INTITLE                                              02       000000     007900
                                                   -=* http://pub400.com *=-
 5770WDS V7R5M0  220415 RN        IBM ILE RPG             ASHIBATA2/ADMCRTEXHB     PUB400     26-09-07 17:22:56        Page      5
Line   <---------------------- Source Specifications ----------------------------><---- Comments ----> Do  Page  Change Src Seq
Number ....1....+....2....+....3....+....4....+....5....+....6....+....7....+....8....+....9....+...10 Num Line  Date   Id  Number
   111 C                   MOVEL     EXHBITOR      INNAME                                               02       000000     008000
   112 C                   MOVEL     EXHBCITY      INCITY                                               02       000000     008100
   113 C                   MOVEL     EXHBSTATE     INSTATE                                              02       000000     008200
   114 C                   MOVEL     EXHBDESC      INDESC                                               02       000000     008300
   115 C                   MOVEL     ELIGIBLE      INELIGIBLE                                           02       000000     008400
   116 C                   MOVEL     EXHUSRPRF     INUSRPRF                                             02       000000     008500
   117 C                   MOVEL     ENLRN400      INLRN400EN                                           02       000000     008600
   118 C                   MOVEL     1             NEWOREDT                                             02       000000     008700
   119 C                   ELSE                                                                        X02       000000     008800
   120 C                   MOVEL     EDTEXHB       INUSRPRF                                             02       000000     008900
   121 C                   MOVEL     2             ERRSTS                                               02       000000     009000
   122 C                   MOVEL     0             NEWOREDT                                             02       000000     009100
   123 C                   EVAL      ERRLINE = ERRNF                                                    02       000000     009200
   124 C                   ENDIF                                                                       E02       000000     009300
   125 C                   ENDIF                                                                       E01       000000     009400
   126 C                   ENDSR                                                                                 000000     009500
   127 C*---------------------------------------------------------------------                                   000000     009600
   128 C     WRITEEXHB     BEGSR                                                                                 000000     009700
   129 C                   IF        INUSRPRF = *BLANK                                                 B01       000000     009800
   130 C                   MOVEL     5             ERRSTS                                               01       000000     009900
   131 C                   EVAL      ERRLINE = ERRBLANK                                                 01       000000     010000
   132 C                   LEAVESR                                                                      01       000000     010100
   133 C                   ENDIF                                                                       E01       000000     010200
   134 C                                                                                               E01       000000     010300
   135 C     EDTEXHB       SETLL     EXHBREC                                                                     000000     010400
   136 C                   READ      EXHBDB                                                                      000000     010500
   137 C                   MOVEL     INTITLE       EXHBTITLE                                                     000000     010600
   138 C                   MOVEL     INNAME        EXHBITOR                                                      000000     010700
   139 C                   MOVEL     INCITY        EXHBCITY                                                      000000     010800
   140 C                   MOVEL     INSTATE       EXHBSTATE                                                     000000     010900
   141 C                   MOVEL     INDESC        EXHBDESC                                                      000000     011000
   142 C                   MOVEL     INELIGIBLE    ELIGIBLE                                                      000000     011100
   143 C                   MOVEL     INUSRPRF      EXHUSRPRF                                                     000000     011200
   144 C                   MOVEL     INLRN400EN    ENLRN400                                                      000000     011300
   145 C*                  MOVEL     INEXHBID      EXHBDBID                                                      000000     011400
   146 C                   IF        NEWOREDT = 0                                                      B01       000000     011500
   147 C     INUSRPRF      CHAIN     EXHBREC                            96----                          01       000000     011600
   148 C                   IF        *IN96 = *OFF                                                      B02       000000     011700
   149 C                   MOVEL     1             ERRSTS                                               02       000000     011800
   150 C                   EVAL      ERRLINE = ERREXIST                                                 02       000000     011900
   151 C                   ELSE                                                                        X02       000000     012000
   152 C                   WRITE     EXHBREC                                                            02       000000     012100
   153 C                   MOVEL     1             ALWEXIT                                              02       000000     012200
   154 C                   ENDIF                                                                       E02       000000     012300
   155 C                   ELSE                                                                        X01       000000     012400
   156 C                   UPDATE    EXHBREC                                                            01       000000     012500
   157 C                   MOVEL     1             ALWEXIT                                              01       000000     012600
   158 C                   ENDIF                                                                       E01       000000     012700
   159 C                   ENDSR                                                                                 000000     012800
   160 C*------------------------------------------------------------------------                                000000     012900
   161 C     DELRCD        BEGSR                                                                                 000000     013000
   162 C                   IF        INUSRPRF = *BLANK                                                 B01       000000     013100
   163 C                   MOVEL     5             ERRSTS                                               01       000000     013200
   164 C                   EVAL      ERRLINE = ERRBLANK                                                 01       000000     013300
   165 C                   LEAVESR                                                                      01       000000     013400
   166 C                   ENDIF                                                                       E01       000000     013500
                                                   -=* http://pub400.com *=-
 5770WDS V7R5M0  220415 RN        IBM ILE RPG             ASHIBATA2/ADMCRTEXHB     PUB400     26-09-07 17:22:56        Page      6
Line   <---------------------- Source Specifications ----------------------------><---- Comments ----> Do  Page  Change Src Seq
Number ....1....+....2....+....3....+....4....+....5....+....6....+....7....+....8....+....9....+...10 Num Line  Date   Id  Number
   167 C                                                                                               E01       000000     013600
   168 C     INUSRPRF      CHAIN     EXHBREC                            97----                                   000000     013700
   169 C                   IF        *IN97 = *OFF                                                      B01       000000     013800
   170 C                   EVAL      DLTEXHNAM = INUSRPRF                                               01       000000     013900
   171 C                   EXFMT     ADMDELETE                                                          01       000000     014000
   172 C                                                                                                01       000000     014100
   173 C*                  MOVEL     INUSRPRF      DLTEXHBNAM                                                    000000     014200
   174 C                                                                                                         000000     014300
   175 C                   IF        *IN12 = *ON                                                       B02       000000     014400
   176 C                   EVAL      *IN12 = *OFF                                                       02       000000     014500
   177 C                   LEAVESR                                                                      02       000000     014600
   178 C                   ENDIF                                                                       E02       000000     014700
   179 C                                                                                               E02       000000     014800
   180 C                   DELETE    EXHBREC                                                            01       000000     014900
   181 C                   MOVEL     4             ERRSTS                                               01       000000     015000
   182 C                   EVAL      ERRLINE = ERRDELOK                                                 01       000000     015100
   183 C                   EVAL      INUSRPRF = EMPTY                                                   01       000000     015200
   184 C                                                                                                01       000000     015300
   185 C                   ELSE                                                                        X01       000000     015400
   186 C                   MOVEL     3             ERRSTS                                               01       000000     015500
   187 C                   EVAL      ERRLINE = ERRNODEL                                                 01       000000     015600
   188 C                   LEAVESR                                                                      01       000000     015700
   189 C                   ENDIF                                                                       E01       000000     015800
   190 C                                                                                               E01       000000     015900
   191 C                   ENDSR                                                                                 000000     016000
   192 C*---------------------------------------------------------------------                                   000000     016100
   193 C     CHKOFRS       BEGSR                                                                                 000000     016200
   194 C                   ENDSR                                                                                 000000     016300
   195 C*------------------------------------------------------------------------                                000000     016400
   196 C     CHKPARM       BEGSR                                                                                 000000     016500
   197 C                   MOVEL     LAUNCH        USERPROF                                                      000000     016600
   198 C                   MOVEL     EXHIBIT       EDTEXHB                                                       000000     016700
   199 C*TODO HERE: Logic to do the stuff to validate user is                                                    000000     016800
   200 C*a SECOFR in the SECOFRS file                                                                            000000     016900
   201 C                   ENDSR                                                                                 000000     017000
   202=OEXHBREC                                                                                                            8000001
        *--------------------------------------------------------------------------------------------*                     8
        * RPG record format  . . . . :  EXHBREC                                                      *                     8
        * External format  . . . . . :  EXHBREC : ASHIBATA2/EXHBDB                                   *                     8
        *--------------------------------------------------------------------------------------------*                     8
   203=O                       EXHBDBID             2B BIN2      3,0                                                       8000002
   204=O                       EXHUSRPRF           11A CHAR        9                                                       8000003
   205=O                       EXHBITOR            31A CHAR       20                                                       8000004
   206=O                       EXHBCITY            51A CHAR       20                                                       8000005
   207=O                       EXHBSTATE           53A CHAR        2                                                       8000006
   208=O                       EXHBTITLE          103A CHAR       50                                                       8000007
   209=O                       EXHBDESC          1103A CHAR     1000                                                       8000008
   210=O                       ELIGIBLE          1105B BIN2      1,0                                                       8000009
   211=O                       ENLRN400          1107B BIN2      1,0                                                       8000010
   212=OADMCREATE                                                                                                          9000001
        *--------------------------------------------------------------------------------------------*                     9
        * RPG record format  . . . . :  ADMCREATE                                                    *                     9
        * External format  . . . . . :  ADMCREATE : ASHIBATA2/EXHBMENUSC                             *                     9
        *--------------------------------------------------------------------------------------------*                     9
   213=O                       INUSRPRF             9A CHAR        9                                                       9000002
   214=O                       INTITLE             69A CHAR       60                                                       9000003
                                                   -=* http://pub400.com *=-
 5770WDS V7R5M0  220415 RN        IBM ILE RPG             ASHIBATA2/ADMCRTEXHB     PUB400     26-09-07 17:22:56        Page      7
Line   <---------------------- Source Specifications ----------------------------><---- Comments ----> Do  Page  Change Src Seq
Number ....1....+....2....+....3....+....4....+....5....+....6....+....7....+....8....+....9....+...10 Num Line  Date   Id  Number
   215=O                       INNAME              89A CHAR       20                                                       9000004
   216=O                       INCITY             104A CHAR       15                                                       9000005
   217=O                       INSTATE            106A CHAR        2                                                       9000006
   218=O                       INELIGIBLE         107A CHAR        1                                                       9000007
   219=O                       INDESC            1107A CHAR     1000                                                       9000008
   220=O                       ERRLINE           1137A CHAR       30                                                       9000009
   221=O                       INLRN400EN        1138A CHAR        1                                                       9000010
   222=OADMDELETE                                                                                                         10000001
        *--------------------------------------------------------------------------------------------*                    10
        * RPG record format  . . . . :  ADMDELETE                                                    *                    10
        * External format  . . . . . :  ADMDELETE : ASHIBATA2/EXHBMENUSC                             *                    10
        *--------------------------------------------------------------------------------------------*                    10
   223=O                       DLTEXHNAM            9A CHAR        9                                                      10000002
       * * * * *   E N D   O F   S O U R C E   * * * * *
                                                   -=* http://pub400.com *=-
 5770WDS V7R5M0  220415 RN        IBM ILE RPG             ASHIBATA2/ADMCRTEXHB     PUB400     26-09-07 17:22:56        Page      8
          A d d i t i o n a l   D i a g n o s t i c   M e s s a g e s
 Msg id  Sv Number Seq     Message text
*RNF7066 00      3 000300  Record-Format ADMDELETE2 not used for input or output.
*RNF7066 00      3 000300  Record-Format ADMPSWRD not used for input or output.
*RNF7066 00      3 000300  Record-Format MENU not used for input or output.
*RNF7066 00      1 000100  Record-Format USRPROFR not used for input or output.
*RNF7086 00      1 000100  RPG handles blocking for file SECOFRS. INFDS is updated
                           only when blocks of data are transferred.
 * * * * *   E N D   O F   A D D I T I O N A L   D I A G N O S T I C   M E S S A G E S   * * * * *
                 O u t p u t   B u f f e r   P o s i t i o n s
Line   Start End   Field or Constant
Number Pos   Pos
   203     1     2 EXHBDBID
   204     3    11 EXHUSRPRF
   205    12    31 EXHBITOR
   206    32    51 EXHBCITY
   207    52    53 EXHBSTATE
   208    54   103 EXHBTITLE
   209   104  1103 EXHBDESC
   210  1104  1105 ELIGIBLE
   211  1106  1107 ENLRN400
   203     1     2 EXHBDBID
   204     3    11 EXHUSRPRF
   205    12    31 EXHBITOR
   206    32    51 EXHBCITY
   207    52    53 EXHBSTATE
   208    54   103 EXHBTITLE
   209   104  1103 EXHBDESC
   210  1104  1105 ELIGIBLE
   211  1106  1107 ENLRN400
   213     1     9 INUSRPRF
   214    10    69 INTITLE
   215    70    89 INNAME
   216    90   104 INCITY
   217   105   106 INSTATE
   218   107   107 INELIGIBLE
   219   108  1107 INDESC
   220  1108  1137 ERRLINE
   221  1138  1138 INLRN400EN
   223     1     9 DLTEXHNAM
 * * * * *   E N D   O F   O U T P U T   B U F F E R   P O S I T I O N   *  * * * *
                                                   -=* http://pub400.com *=-
 5770WDS V7R5M0  220415 RN        IBM ILE RPG             ASHIBATA2/ADMCRTEXHB     PUB400     26-09-07 17:22:56        Page      9
                    K e y   F i e l d   I n f o r m a t i o n
         File           Internal    External
           Record       field name  field name  Attributes
      2  EXHBDB
           EXHBREC
                        EXHUSRPRF               CHAR        9
      1  SECOFRS
           USRPROFR
                        USERPROF                CHAR        9
 * * * * *   E N D   O F   K E Y   F I E L D   I N F O R M A T I O N   * * * * *
                                                   -=* http://pub400.com *=-
 5770WDS V7R5M0  220415 RN        IBM ILE RPG             ASHIBATA2/ADMCRTEXHB     PUB400     26-09-07 17:22:56        Page     10
                          C r o s s   R e f e r e n c e
      File and Record References:
         File              Device             References (D=Defined)
           Record
         EXHBDB            DISK                    2D    109     136
           EXHBREC                                 2D     20     107     135
                                                 147     152     156     168
                                                 180     202
         EXHBMENUSC        WORKSTN                 3D
           MENU                                    3D     30
           ADMCREATE                               3D     32      62     212
           ADMPSWRD                                3D     43
           ADMDELETE                               3D     45     171     222
           ADMDELETE2                              3D     47
         SECOFRS           DISK                    1D
           USRPROFR                                1D     18
      Global Field References:
         Field             Attributes         References (D=Defined M=Modified)
         *ENTRY            PLIST                  49D
         *INLR             N(1)                   91M    100M
         *IN05             N(1)                   33M     84      86M
         *IN12             N(1)                   34M     46M     48M     90
                                                 175     176M
         *IN95             N(1)                  108
         *IN96             N(1)                  148
         *IN97             N(1)                  169
         ALWEXIT           P(1,0)                  5D     60     153M    157M
*RNF7031 CHKOFRS           BEGSR                 193D
         CHKPARM           BEGSR                  57     196D
         DELRCD            BEGSR                  85     161D
         DLTACTIV          P(1,0)                  7D     55M     61M     87M
                                                  95
         DLTEXHNAM         A(9)                  170M    223
         EDTEXHB           A(9)                    9D    104     107     120
                                                 135     198M
         ELIGIBLE          P(1,0)                 28M    115     142M    210
         EMPTY             CONST                  10D    183
         ENLRN400          P(1,0)                 29M    117     144M    211
         ERRBLANK          CONST                  16D     81     131     164
         ERRDELOK          CONST                  15D     77     182
         ERREXIST          CONST                  11D     65     150
         ERRLINE           A(30)                  65M     69M     73M     77M
                                                  81M    123M    131M    150M
                                                 164M    182M    187M    220
         ERRNF             CONST                  12D     69     123
         ERRNODEL          CONST                  14D     73     187
         ERRSTS            P(1,0)                  6D     54M     64      68
                                                  72      76      80     121M
                                                 130M    149M    163M    181M
                                                 186M
         EXHBCITY          A(20)                  24M    112     139M    206
         EXHBDBID          P(3,0)                 21M    203
         EXHBDESC          A(1000)                27M    114     141M    209
         EXHBITOR          A(20)                  23M    111     138M    205
                                                   -=* http://pub400.com *=-
 5770WDS V7R5M0  220415 RN        IBM ILE RPG             ASHIBATA2/ADMCRTEXHB     PUB400     26-09-07 17:22:56        Page     11
         EXHBSTATE         A(2)                   25M    113     140M    207
         EXHBTITLE         A(50)                  26M    110     137M    208
         EXHIBIT           A(9)                   51D    198
                           BASED(_QRNL_PRM+)
         EXHUSRPRF         A(9)                   22M    116     143M    204
         INCITY            A(15)                  38M    112M    139     216
         INDESC            A(1000)                41M    114M    141     219
         INELIGIBLE        A(1)                   40M    115M    142     218
         INLRN400EN        A(1)                   42M    117M    144     221
         INNAME            A(20)                  37M    111M    138     215
*RNF7031 INOPT             P(1,0)                 31D
*RNF7031 INPWD             A(9)                   44D
         INSTATE           A(2)                   39M    113M    140     217
         INTITLE           A(60)                  36M    110M    137     214
         INUSRPRF          A(9)                   35M    116M    120M    129
                                                 143     147     162     168
                                                 170     183M    213
         LAUNCH            A(9)                   50D    197
                           BASED(_QRNL_PRM+)
         LOADEXHB          BEGSR                  58     103D
         NEWOREDT          P(1,0)                  4D     53M    118M    122M
                                                 146
         USERPROF          A(9)                    8D     19M    197M
         WRITEEXHB         BEGSR                  96     128D
      Indicator References:
         Indicator                            References (D=Defined M=Modified)
         05                                       33M     84      86M
         12                                       34M     46M     48M     90
                                                 175     176M
         95                                      107D    108
         96                                      147D    148
         97                                      168D    169
         LR                                       91M    100M
       * * * * *   E N D   O F   C R O S S   R E F E R E N C E   * * * * *
                                                   -=* http://pub400.com *=-
 5770WDS V7R5M0  220415 RN        IBM ILE RPG             ASHIBATA2/ADMCRTEXHB     PUB400     26-09-07 17:22:56        Page     12
                      E x t e r n a l   R e f e r e n c e s
      Statically bound procedures:
         Procedure                            References
         No references in the source.
      Imported fields:
         Field             Attributes         Defined
         No references in the source.
      Exported fields:
         Field             Attributes         Defined
         No references in the source.
   * * * * *   E N D   O F   E X T E R N A L   R E F E R E N C E S   * * * * *
                                                   -=* http://pub400.com *=-
 5770WDS V7R5M0  220415 RN        IBM ILE RPG             ASHIBATA2/ADMCRTEXHB     PUB400     26-09-07 17:22:56        Page     13
                          M e s s a g e   S u m m a r y
 Msg id  Sv Number Message text
*RNF7031 00      3 The name or indicator is not referenced.
*RNF7066 00      4 Record-Format name of Externally-Described file is not used.
*RNF7086 00      1 RPG handles blocking for the file. INFDS is updated only when
                   blocks of data are transferred.
       * * * * *   E N D   O F   M E S S A G E   S U M M A R Y   * * * * *
                                                   -=* http://pub400.com *=-
 5770WDS V7R5M0  220415 RN        IBM ILE RPG             ASHIBATA2/ADMCRTEXHB     PUB400     26-09-07 17:22:56        Page     14
                            F i n a l   S u m m a r y
  Message Totals:
    Information  (00) . . . . . . . :        8
    Warning      (10) . . . . . . . :        0
    Error        (20) . . . . . . . :        0
    Severe Error (30+)  . . . . . . :        0
    ---------------------------------  -------
    Total . . . . . . . . . . . . . :        8
  Source Totals:
    Records . . . . . . . . . . . . :      223
    Specifications  . . . . . . . . :      211
    Data records  . . . . . . . . . :        0
    Comments  . . . . . . . . . . . :       12
         * * * * *   E N D   O F   F I N A L   S U M M A R Y   * * * * *
Program ADMCRTEXHB placed in library ASHIBATA2. 00 highest severity. Created on 26-09-07 at 17:22:56.
          * * * * *   E N D   O F   C O M P I L A T I O N   * * * * *
                                                   -=* http://pub400.com *=-
 5770WDS V7R5M0  220415 RN        IBM ILE RPG             ASHIBATA2/ADMHIDECMT     PUB400     26-09-07 17:22:56        Page      1
  Command  . . . . . . . . . . . . :   CRTBNDRPG
    Issued by  . . . . . . . . . . :     ASHIBATA
  Program  . . . . . . . . . . . . :   ADMHIDECMT
    Library  . . . . . . . . . . . :     ASHIBATA2
  Text 'description' . . . . . . . :   *SRCMBRTXT
  Source Member  . . . . . . . . . :   ADMHIDECMT
  Source File  . . . . . . . . . . :   QRPGLESRC
    Library  . . . . . . . . . . . :     ASHIBATA1
    CCSID  . . . . . . . . . . . . :     273
  Text 'description' . . . . . . . :
  Last Change  . . . . . . . . . . :   26-09-07  17:21:31
  Generation severity level  . . . :   10
  Default activation group . . . . :   *YES
  Compiler options . . . . . . . . :   *XREF      *GEN       *NOSECLVL  *SHOWCPY
                                       *EXPDDS    *EXT       *NOSHOWSKP *NOSRCSTMT
                                       *DEBUGIO   *UNREF     *NOEVENTF
  Debugging views  . . . . . . . . :   *SOURCE
  Debug encryption key . . . . . . :   *NONE
  Output . . . . . . . . . . . . . :   *PRINT
  Optimization level . . . . . . . :   *NONE
  Source listing indentation . . . :   *NONE
  Type conversion options  . . . . :   *NONE
  Sort sequence  . . . . . . . . . :   *HEX
  Language identifier  . . . . . . :   *JOBRUN
  Replace program  . . . . . . . . :   *YES
  User profile . . . . . . . . . . :   *USER
  Authority  . . . . . . . . . . . :   *LIBCRTAUT
  Truncate numeric . . . . . . . . :   *YES
  Fix numeric  . . . . . . . . . . :   *NONE
  Target release . . . . . . . . . :   *CURRENT
  Allow null values  . . . . . . . :   *NO
  Define condition names . . . . . :   *NONE
  Enable performance collection  . :   *PEP
  Profiling data . . . . . . . . . :   *NOCOL
  Licensed Internal Code options . :
  Generate program interface . . . :   *NO
  Include directory  . . . . . . . :
  Preprocessor options . . . . . . :   *NONE
  Require prototype for export . . :   *NO
                                                   -=* http://pub400.com *=-
 5770WDS V7R5M0  220415 RN        IBM ILE RPG             ASHIBATA2/ADMHIDECMT     PUB400     26-09-07 17:22:56        Page      2
Line   <---------------------- Source Specifications ----------------------------><---- Comments ----> Do  Page  Change Src Seq
Number ....1....+....2....+....3....+....4....+....5....+....6....+....7....+....8....+....9....+...10 Num Line  Date   Id  Number
                          S o u r c e   L i s t i n g
     1 FSECOFRS   IF   E           K DISK                                                                        000000     000100
        *--------------------------------------------------------------------------------------------*
        *                               RPG name         External name                               *
        * File name. . . . . . . . . :  SECOFRS          ASHIBATA2/SECOFRS                           *
        * Record format(s) . . . . . :  USRPROFR         USRPROFR                                    *
        *--------------------------------------------------------------------------------------------*
     2 FGUESTBKDB UF A E           K DISK                                                                        000000     000200
        *--------------------------------------------------------------------------------------------*
        *                               RPG name         External name                               *
        * File name. . . . . . . . . :  GUESTBKDB        ASHIBATA2/GUESTBKDB                         *
        * Record format(s) . . . . . :  GUESTBKRCD       GUESTBKRCD                                  *
        *--------------------------------------------------------------------------------------------*
     3 FGUESTBKSCRCF   E             WORKSTN                                                                     000000     000300
        *--------------------------------------------------------------------------------------------*
        *                               RPG name         External name                               *
        * File name. . . . . . . . . :  GUESTBKSCR       ASHIBATA2/GUESTBKSCR                        *
        * Record format(s) . . . . . :  ADDCMT           ADDCMT                                      *
        *                               ENDCMT           ENDCMT                                      *
        *                               READCMT          READCMT                                     *
        *                               HIDECMT          HIDECMT                                     *
        *--------------------------------------------------------------------------------------------*
     4 DID               S              4P 0                                                                     000000     000400
     5 DCHECKOK          S              1P 0                                                                     000000     000500
     6 DHIDEY            C                   CONST('Y')                                                          000000     000600
     7 DHIDEN            C                   CONST('N')                                                          000000     000700
     8 DERRCMTID         C                   CONST('Must enter CommentID')                                       000000     000800
     9 DERRYN            C                   CONST('Must type Y or N')                                           000000     000900
    10 DSTSOK            C                   CONST('Status updated')                                             000000     001000
    11 C*-----------------------------------------------                                                         000000     001100
    12=IUSRPROFR                                                                                                           1000001
        *--------------------------------------------------------------------------------------------*                     1
        * RPG record format  . . . . :  USRPROFR                                                     *                     1
        * External format  . . . . . :  USRPROFR : ASHIBATA2/SECOFRS                                 *                     1
        *--------------------------------------------------------------------------------------------*                     1
    13=I                             A    1    9  USERPROF                                                                 1000002
    14=IGUESTBKRCD                                                                                                         2000001
        *--------------------------------------------------------------------------------------------*                     2
        * RPG record format  . . . . :  GUESTBKRCD                                                   *                     2
        * External format  . . . . . :  GUESTBKRCD : ASHIBATA2/GUESTBKDB                             *                     2
        *--------------------------------------------------------------------------------------------*                     2
    15=I                             B    1    2 0CMTID                                                                    2000002
    16=I                             A    3    3  VISIBLE                                                                  2000003
    17=I                             A    4   12  EXHBID                                                                   2000004
    18=I                             A   13   32  GUESTNAME                                                                2000005
    19=I                             A   33  232  GUESTCMT                                                                 2000006
    20=IADDCMT                                                                                                             3000001
        *--------------------------------------------------------------------------------------------*                     3
                                                   -=* http://pub400.com *=-
 5770WDS V7R5M0  220415 RN        IBM ILE RPG             ASHIBATA2/ADMHIDECMT     PUB400     26-09-07 17:22:56        Page      3
Line   <---------------------- Source Specifications ----------------------------><---- Comments ----> Do  Page  Change Src Seq
Number ....1....+....2....+....3....+....4....+....5....+....6....+....7....+....8....+....9....+...10 Num Line  Date   Id  Number
        * RPG record format  . . . . :  ADDCMT                                                       *                     3
        * External format  . . . . . :  ADDCMT : ASHIBATA2/GUESTBKSCR                                *                     3
        *--------------------------------------------------------------------------------------------*                     3
    21=I                             N    1    1  *IN05                           Submit                                   3000002
    22=I                             N    2    2  *IN12                           Cancel                                   3000003
    23=I                             A    3   18  INNAME                                                                   3000004
    24=I                             A   19  218  INCMT                                                                    3000005
    25=I                             A  219  227  INID                                                                     3000006
    26=IENDCMT                                                                                                             4000001
        *--------------------------------------------------------------------------------------------*                     4
        * RPG record format  . . . . :  ENDCMT                                                       *                     4
        * External format  . . . . . :  ENDCMT : ASHIBATA2/GUESTBKSCR                                *                     4
        *--------------------------------------------------------------------------------------------*                     4
    27=IREADCMT                                                                                                            5000001
        *--------------------------------------------------------------------------------------------*                     5
        * RPG record format  . . . . :  READCMT                                                      *                     5
        * External format  . . . . . :  READCMT : ASHIBATA2/GUESTBKSCR                               *                     5
        *--------------------------------------------------------------------------------------------*                     5
    28=I                             N    1    1  *IN05                           Submit                                   5000002
    29=I                             N    2    2  *IN12                           Cancel                                   5000003
    30=I                             S    3    6 0INCMTID                                                                  5000004
    31=IHIDECMT                                                                                                            6000001
        *--------------------------------------------------------------------------------------------*                     6
        * RPG record format  . . . . :  HIDECMT                                                      *                     6
        * External format  . . . . . :  HIDECMT : ASHIBATA2/GUESTBKSCR                               *                     6
        *--------------------------------------------------------------------------------------------*                     6
    32=I                             N    1    1  *IN05                           Submit                                   6000002
    33=I                             N    2    2  *IN12                           Cancel                                   6000003
    34=I                             A    3    3  INHIDEYN                                                                 6000004
    35 C     *ENTRY        PLIST                                                                                 000000     001200
    36 C                   PARM                    LAUNCH           20                                           000000     001300
    37 C*-----------------------------------------------                                                         000000     001400
    38 C                   EXSR      CHKPARM                                                                     000000     001500
    39 C                   EXSR      READDB                                                                      000000     001600
    40 C                   DOW       *IN05 = *OFF                                                      B01       000000     001700
    41 C                   EXFMT     HIDECMT                                                            01       000000     001800
    42 C*                                                                                                        000000     001900
    43 C                   IF        *IN12 = *ON                                                       B02       000000     002000
    44 C                   MOVEL     *ON           *INLR                                                02       000000     002100
    45 C                   RETURN                                                                       02       000000     002200
    46 C                   ENDIF                                                                       E02       000000     002300
    47 C*                                                                                                        000000     002400
    48 C                   ENDDO                                                                       E01       000000     002500
    49 C                   EXSR      HIDECMTSR                                                                   000000     002600
    50 C*----------------------------------------------------                                                    000000     002700
    51 C     READDB        BEGSR                                                                                 000000     002800
    52 C                   EVAL      *IN05 = *OFF                                                                000000     002900
    53 C     ID            SETLL     GUESTBKRCD                                                                  000000     003000
    54 C                   READ      GUESTBKDB                                                                   000000     003100
    55 C                   MOVEL     ID            HIDECMTID                                                     000000     003200
    56 C                   MOVEL     GUESTNAME     OUTNAME                                                       000000     003300
    57 C                   MOVEL     GUESTCMT      OUTCMT                                                        000000     003400
    58 C                   MOVEL     VISIBLE       CURRHIDE                                                      000000     003500
    59 C                   ENDSR                                                                                 000000     003600
                                                   -=* http://pub400.com *=-
 5770WDS V7R5M0  220415 RN        IBM ILE RPG             ASHIBATA2/ADMHIDECMT     PUB400     26-09-07 17:22:56        Page      4
Line   <---------------------- Source Specifications ----------------------------><---- Comments ----> Do  Page  Change Src Seq
Number ....1....+....2....+....3....+....4....+....5....+....6....+....7....+....8....+....9....+...10 Num Line  Date   Id  Number
    60 C*-------------------------------------------------------                                                 000000     003700
    61 C     HIDECMTSR     BEGSR                                                                                 000000     003800
    62 C                   EVAL      *IN05 = *OFF                                                                000000     003900
    63 C                   EVAL      CHECKOK = 0                                                                 000000     004000
    64 C*                                                                                                        000000     004100
    65 C                   IF        INHIDEYN = 'Y'                                                    B01       000000     004200
    66 C                   MOVEL     HIDEY         VISIBLE                                              01       000000     004300
    67 C                   UPDATE    GUESTBKRCD                                                         01       000000     004400
    68 C                   ADD       1             CHECKOK                                              01       000000     004500
    69 C                   MOVEL     STSOK         ERRLINE                                              01       000000     004600
    70 C                   ENDIF                                                                       E01       000000     004700
    71 C*                                                                                                        000000     004800
    72 C                   IF        INHIDEYN = 'N'                                                    B01       000000     004900
    73 C                   MOVEL     HIDEN         VISIBLE                                              01       000000     005000
    74 C                   UPDATE    GUESTBKRCD                                                         01       000000     005100
    75 C                   ADD       1             CHECKOK                                              01       000000     005200
    76 C                   MOVEL     STSOK         ERRLINE                                              01       000000     005300
    77 C                   ENDIF                                                                       E01       000000     005400
    78 C*                                                                                                        000000     005500
    79 C                   IF        CHECKOK = 0                                                       B01       000000     005600
    80 C                   MOVEL     ERRYN         ERRLINE                                              01       000000     005700
    81 C                   ENDIF                                                                       E01       000000     005800
    82 C                   ENDSR                                                                                 000000     005900
    83 C*-------------------------------------------------------                                                 000000     006000
    84 C     CHKUSRPRF     BEGSR                                                                                 000000     006100
    85 C*TODO: Logic for validating passed userprofile is found in                                               000000     006200
    86 C*SECOFRS file                                                                                            000000     006300
    87 C                   ENDSR                                                                                 000000     006400
    88 C*-------------------------------------------------------                                                 000000     006500
    89 C     CHKPARM       BEGSR                                                                                 000000     006600
    90 C                   MOVEL     LAUNCH        ID                                                            000000     006700
    91 C                   ENDSR                                                                                 000000     006800
    92=OGUESTBKRCD                                                                                                         7000001
        *--------------------------------------------------------------------------------------------*                     7
        * RPG record format  . . . . :  GUESTBKRCD                                                   *                     7
        * External format  . . . . . :  GUESTBKRCD : ASHIBATA2/GUESTBKDB                             *                     7
        *--------------------------------------------------------------------------------------------*                     7
    93=O                       CMTID                2B BIN2      4,0                                                       7000002
    94=O                       VISIBLE              3A CHAR        1                                                       7000003
    95=O                       EXHBID              12A CHAR        9                                                       7000004
    96=O                       GUESTNAME           32A CHAR       20                                                       7000005
    97=O                       GUESTCMT           232A CHAR      200                                                       7000006
    98=OHIDECMT                                                                                                            8000001
        *--------------------------------------------------------------------------------------------*                     8
        * RPG record format  . . . . :  HIDECMT                                                      *                     8
        * External format  . . . . . :  HIDECMT : ASHIBATA2/GUESTBKSCR                               *                     8
        *--------------------------------------------------------------------------------------------*                     8
    99=O                       OUTNAME             11A CHAR       11                                                       8000002
   100=O                       OUTCMT             211A CHAR      200                                                       8000003
   101=O                       ERRLINE            231A CHAR       20                                                       8000004
   102=O                       HIDECMTID          235A CHAR        4                                                       8000005
   103=O                       CURRHIDE           236A CHAR        1                                                       8000006
       * * * * *   E N D   O F   S O U R C E   * * * * *
                                                   -=* http://pub400.com *=-
 5770WDS V7R5M0  220415 RN        IBM ILE RPG             ASHIBATA2/ADMHIDECMT     PUB400     26-09-07 17:22:56        Page      5
          A d d i t i o n a l   D i a g n o s t i c   M e s s a g e s
 Msg id  Sv Number Seq     Message text
*RNF7066 00      3 000300  Record-Format ADDCMT not used for input or output.
*RNF7066 00      3 000300  Record-Format ENDCMT not used for input or output.
*RNF7066 00      3 000300  Record-Format READCMT not used for input or output.
*RNF7066 00      1 000100  Record-Format USRPROFR not used for input or output.
*RNF7086 00      1 000100  RPG handles blocking for file SECOFRS. INFDS is updated
                           only when blocks of data are transferred.
 * * * * *   E N D   O F   A D D I T I O N A L   D I A G N O S T I C   M E S S A G E S   * * * * *
                 O u t p u t   B u f f e r   P o s i t i o n s
Line   Start End   Field or Constant
Number Pos   Pos
    93     1     2 CMTID
    94     3     3 VISIBLE
    95     4    12 EXHBID
    96    13    32 GUESTNAME
    97    33   232 GUESTCMT
    99     1    11 OUTNAME
   100    12   211 OUTCMT
   101   212   231 ERRLINE
   102   232   235 HIDECMTID
   103   236   236 CURRHIDE
 * * * * *   E N D   O F   O U T P U T   B U F F E R   P O S I T I O N   *  * * * *
                                                   -=* http://pub400.com *=-
 5770WDS V7R5M0  220415 RN        IBM ILE RPG             ASHIBATA2/ADMHIDECMT     PUB400     26-09-07 17:22:56        Page      6
                    K e y   F i e l d   I n f o r m a t i o n
         File           Internal    External
           Record       field name  field name  Attributes
      2  GUESTBKDB
           GUESTBKRCD
                        CMTID                   BIN2      4,0 SIGNED
      1  SECOFRS
           USRPROFR
                        USERPROF                CHAR        9
 * * * * *   E N D   O F   K E Y   F I E L D   I N F O R M A T I O N   * * * * *
                                                   -=* http://pub400.com *=-
 5770WDS V7R5M0  220415 RN        IBM ILE RPG             ASHIBATA2/ADMHIDECMT     PUB400     26-09-07 17:22:56        Page      7
                          C r o s s   R e f e r e n c e
      File and Record References:
         File              Device             References (D=Defined)
           Record
         GUESTBKDB         DISK                    2D     54
           GUESTBKRCD                              2D     14      53      67
                                                  74      92
         GUESTBKSCR        WORKSTN                 3D
           ADDCMT                                  3D     20
           ENDCMT                                  3D     26
           READCMT                                 3D     27
           HIDECMT                                 3D     31      41      98
         SECOFRS           DISK                    1D
           USRPROFR                                1D     12
      Global Field References:
         Field             Attributes         References (D=Defined M=Modified)
         *ENTRY            PLIST                  35D
         *INLR             N(1)                   44M
         *IN05             N(1)                   21M     28M     32M     40
                                                  52M     62M
         *IN12             N(1)                   22D     29M     33M     43
         CHECKOK           P(1,0)                  5D     63M     68M     75M
                                                  79
         CHKPARM           BEGSR                  38      89D
*RNF7031 CHKUSRPRF         BEGSR                  84D
         CMTID             P(4,0)                 15M     93
         CURRHIDE          A(1)                   58M    103
*RNF7031 ERRCMTID          CONST                   8D
         ERRLINE           A(20)                  69M     76M     80M    101
         ERRYN             CONST                   9D     80
         EXHBID            A(9)                   17M     95
         GUESTCMT          A(200)                 19M     57      97
         GUESTNAME         A(20)                  18M     56      96
         HIDECMTID         A(4)                   55M    102
         HIDECMTSR         BEGSR                  49      61D
         HIDEN             CONST                   7D     73
         HIDEY             CONST                   6D     66
         ID                P(4,0)                  4D     53      55      90M
*RNF7031 INCMT             A(200)                 24D
*RNF7031 INCMTID           P(4,0)                 30D
         INHIDEYN          A(1)                   34D     65      72
*RNF7031 INID              A(9)                   25D
*RNF7031 INNAME            A(16)                  23D
         LAUNCH            A(20)                  36D     90
                           BASED(_QRNL_PRM+)
         OUTCMT            A(200)                 57M    100
         OUTNAME           A(11)                  56M     99
         READDB            BEGSR                  39      51D
         STSOK             CONST                  10D     69      76
*RNF7031 USERPROF          A(9)                   13D
         VISIBLE           A(1)                   16M     58      66M     73M
                                                  94
      Indicator References:
                                                   -=* http://pub400.com *=-
 5770WDS V7R5M0  220415 RN        IBM ILE RPG             ASHIBATA2/ADMHIDECMT     PUB400     26-09-07 17:22:56        Page      8
         Indicator                            References (D=Defined M=Modified)
         05                                       21M     28M     32M     40
                                                  52M     62M
         12                                       22M     29M     33M     43
         LR                                       44M
       * * * * *   E N D   O F   C R O S S   R E F E R E N C E   * * * * *
                                                   -=* http://pub400.com *=-
 5770WDS V7R5M0  220415 RN        IBM ILE RPG             ASHIBATA2/ADMHIDECMT     PUB400     26-09-07 17:22:56        Page      9
                      E x t e r n a l   R e f e r e n c e s
      Statically bound procedures:
         Procedure                            References
         No references in the source.
      Imported fields:
         Field             Attributes         Defined
         No references in the source.
      Exported fields:
         Field             Attributes         Defined
         No references in the source.
   * * * * *   E N D   O F   E X T E R N A L   R E F E R E N C E S   * * * * *
                                                   -=* http://pub400.com *=-
 5770WDS V7R5M0  220415 RN        IBM ILE RPG             ASHIBATA2/ADMHIDECMT     PUB400     26-09-07 17:22:56        Page     10
                          M e s s a g e   S u m m a r y
 Msg id  Sv Number Message text
*RNF7031 00      7 The name or indicator is not referenced.
*RNF7066 00      4 Record-Format name of Externally-Described file is not used.
*RNF7086 00      1 RPG handles blocking for the file. INFDS is updated only when
                   blocks of data are transferred.
       * * * * *   E N D   O F   M E S S A G E   S U M M A R Y   * * * * *
                                                   -=* http://pub400.com *=-
 5770WDS V7R5M0  220415 RN        IBM ILE RPG             ASHIBATA2/ADMHIDECMT     PUB400     26-09-07 17:22:56        Page     11
                            F i n a l   S u m m a r y
  Message Totals:
    Information  (00) . . . . . . . :       12
    Warning      (10) . . . . . . . :        0
    Error        (20) . . . . . . . :        0
    Severe Error (30+)  . . . . . . :        0
    ---------------------------------  -------
    Total . . . . . . . . . . . . . :       12
  Source Totals:
    Records . . . . . . . . . . . . :      103
    Specifications  . . . . . . . . :       90
    Data records  . . . . . . . . . :        0
    Comments  . . . . . . . . . . . :       13
         * * * * *   E N D   O F   F I N A L   S U M M A R Y   * * * * *
Program ADMHIDECMT placed in library ASHIBATA2. 00 highest severity. Created on 26-09-07 at 17:22:57.
          * * * * *   E N D   O F   C O M P I L A T I O N   * * * * *
                                                   -=* http://pub400.com *=-
 5770WDS V7R5M0  220415 RN        IBM ILE RPG             ASHIBATA2/ADMLRN400      PUB400     26-09-07 17:22:57        Page      1
  Command  . . . . . . . . . . . . :   CRTBNDRPG
    Issued by  . . . . . . . . . . :     ASHIBATA
  Program  . . . . . . . . . . . . :   ADMLRN400
    Library  . . . . . . . . . . . :     ASHIBATA2
  Text 'description' . . . . . . . :   *SRCMBRTXT
  Source Member  . . . . . . . . . :   ADMLRN400
  Source File  . . . . . . . . . . :   QRPGLESRC
    Library  . . . . . . . . . . . :     ASHIBATA1
    CCSID  . . . . . . . . . . . . :     273
  Text 'description' . . . . . . . :
  Last Change  . . . . . . . . . . :   26-09-07  17:21:33
  Generation severity level  . . . :   10
  Default activation group . . . . :   *YES
  Compiler options . . . . . . . . :   *XREF      *GEN       *NOSECLVL  *SHOWCPY
                                       *EXPDDS    *EXT       *NOSHOWSKP *NOSRCSTMT
                                       *DEBUGIO   *UNREF     *NOEVENTF
  Debugging views  . . . . . . . . :   *SOURCE
  Debug encryption key . . . . . . :   *NONE
  Output . . . . . . . . . . . . . :   *PRINT
  Optimization level . . . . . . . :   *NONE
  Source listing indentation . . . :   *NONE
  Type conversion options  . . . . :   *NONE
  Sort sequence  . . . . . . . . . :   *HEX
  Language identifier  . . . . . . :   *JOBRUN
  Replace program  . . . . . . . . :   *YES
  User profile . . . . . . . . . . :   *USER
  Authority  . . . . . . . . . . . :   *LIBCRTAUT
  Truncate numeric . . . . . . . . :   *YES
  Fix numeric  . . . . . . . . . . :   *NONE
  Target release . . . . . . . . . :   *CURRENT
  Allow null values  . . . . . . . :   *NO
  Define condition names . . . . . :   *NONE
  Enable performance collection  . :   *PEP
  Profiling data . . . . . . . . . :   *NOCOL
  Licensed Internal Code options . :
  Generate program interface . . . :   *NO
  Include directory  . . . . . . . :
  Preprocessor options . . . . . . :   *NONE
  Require prototype for export . . :   *NO
                                                   -=* http://pub400.com *=-
 5770WDS V7R5M0  220415 RN        IBM ILE RPG             ASHIBATA2/ADMLRN400      PUB400     26-09-07 17:22:57        Page      2
Line   <---------------------- Source Specifications ----------------------------><---- Comments ----> Do  Page  Change Src Seq
Number ....1....+....2....+....3....+....4....+....5....+....6....+....7....+....8....+....9....+...10 Num Line  Date   Id  Number
                          S o u r c e   L i s t i n g
     1 FSECOFRS   IF   E           K DISK                                                                        000000     000100
        *--------------------------------------------------------------------------------------------*
        *                               RPG name         External name                               *
        * File name. . . . . . . . . :  SECOFRS          ASHIBATA2/SECOFRS                           *
        * Record format(s) . . . . . :  USRPROFR         USRPROFR                                    *
        *--------------------------------------------------------------------------------------------*
     2 FLRN400STR UF A E           K DISK                                                                        000000     000200
        *--------------------------------------------------------------------------------------------*
        *                               RPG name         External name                               *
        * File name. . . . . . . . . :  LRN400STR        ASHIBATA2/LRN400STR                         *
        * Record format(s) . . . . . :  LRN400RCD        LRN400RCD                                   *
        *--------------------------------------------------------------------------------------------*
     3 FLRN400SCR CF   E             WORKSTN                                                                     000000     000300
        *--------------------------------------------------------------------------------------------*
        *                               RPG name         External name                               *
        * File name. . . . . . . . . :  LRN400SCR        ASHIBATA2/LRN400SCR                         *
        * Record format(s) . . . . . :  MAIN             MAIN                                        *
        *                               MAINADMIN        MAINADMIN                                   *
        *--------------------------------------------------------------------------------------------*
     4 DCURPAGENBR       S              4P 0                                                                     000000     000400
     5 DALWFWD           S              1P 0                                                                     000000     000500
     6 DNEWORUPD         S              1P 0                                                                     000000     000600
     7 C*---------------------------------------------------------------------                                   000000     000700
     8 C*    *ENTRY        PLIST                                                                                 000000     000800
     9 C*                  PARM                    LAUNCH            9                                           000000     000900
    10 C*                  PARM                    EXHIBIT           9                                           000000     001000
    11 C*-----------------------------------------------------------------------                                 000000     001100
    12=IUSRPROFR                                                                                                           1000001
        *--------------------------------------------------------------------------------------------*                     1
        * RPG record format  . . . . :  USRPROFR                                                     *                     1
        * External format  . . . . . :  USRPROFR : ASHIBATA2/SECOFRS                                 *                     1
        *--------------------------------------------------------------------------------------------*                     1
    13=I                             A    1    9  USERPROF                                                                 1000002
    14=ILRN400RCD                                                                                                          2000001
        *--------------------------------------------------------------------------------------------*                     2
        * RPG record format  . . . . :  LRN400RCD                                                    *                     2
        * External format  . . . . . :  LRN400RCD : ASHIBATA2/LRN400STR                              *                     2
        *--------------------------------------------------------------------------------------------*                     2
    15=I                             B    1    2 0PAGENBR                                                                  2000002
    16=I                             A    3 1502  CONTENT                                                                  2000003
    17=I                             A 1503 1511  EXTRA                                                                    2000004
    18=IMAIN                                                                                                               3000001
        *--------------------------------------------------------------------------------------------*                     3
        * RPG record format  . . . . :  MAIN                                                         *                     3
        * External format  . . . . . :  MAIN : ASHIBATA2/LRN400SCR                                   *                     3
        *--------------------------------------------------------------------------------------------*                     3
    19=I                             N    1    1  *IN03                           Exit                                     3000002
                                                   -=* http://pub400.com *=-
 5770WDS V7R5M0  220415 RN        IBM ILE RPG             ASHIBATA2/ADMLRN400      PUB400     26-09-07 17:22:57        Page      3
Line   <---------------------- Source Specifications ----------------------------><---- Comments ----> Do  Page  Change Src Seq
Number ....1....+....2....+....3....+....4....+....5....+....6....+....7....+....8....+....9....+...10 Num Line  Date   Id  Number
    20=I                             N    2    2  *IN05                           Fwd                                      3000003
    21=I                             N    3    3  *IN08                           Back                                     3000004
    22=IMAINADMIN                                                                                                          4000001
        *--------------------------------------------------------------------------------------------*                     4
        * RPG record format  . . . . :  MAINADMIN                                                    *                     4
        * External format  . . . . . :  MAINADMIN : ASHIBATA2/LRN400SCR                              *                     4
        *--------------------------------------------------------------------------------------------*                     4
    23=I                             N    3    3  *IN03                           Exit                                     4000002
    24=I                             N    1    1  *IN05                           Fwd                                      4000003
    25=I                             N    2    2  *IN08                           Back                                     4000004
    26=I                             N    4    4  *IN10                           Save                                     4000005
    27=I                             A    5 1504  INCONTENT                                                                4000006
    28=I                             A 1505 1513  INEXTRA                                                                  4000007
    29 C                   MOVEL     1             ALWFWD                                                        000000     001200
    30 C                   MOVEL     0             NEWORUPD                                                      000000     001300
    31 C                   EVAL      *IN60 = *ON                                                                 000000     001400
    32 C                                                                                                         000000     001500
    33 C*    *LOVAL        SETLL     LRN400RCD                                                                   000000     001600
    34 C                                                                                                         000000     001700
    35 C                   READ      LRN400STR                                                                   000000     001800
    36 C                   MOVEL     PAGENBR       CURPAGENBR                                                    000000     001900
    37 C                   MOVEL     CONTENT       INCONTENT                                                     000000     002000
    38 C                   MOVEL     EXTRA         INEXTRA                                                       000000     002100
    39 C                   MOVEL     PAGENBR       OUTPAGENBR                                                    000000     002200
    40 C                                                                                                         000000     002300
    41 C                   DOW       *IN03 = *OFF                                                      B01       000000     002400
    42 C                                                                                               B01       000000     002500
    43 C                   IF        *IN05 = *ON                                                       B02       000000     002600
    44 C                   EXSR      PAGEFWD                                                            02       000000     002700
    45 C                   EVAL      *IN05 = *OFF                                                       02       000000     002800
    46 C                   ENDIF                                                                       E02       000000     002900
    47 C                                                                                               E02       000000     003000
    48 C                   IF        *IN08 = *ON                                                       B02       000000     003100
    49 C                   EXSR      PAGEBACK                                                           02       000000     003200
    50 C                   EVAL      *IN08 = *OFF                                                       02       000000     003300
    51 C                   ENDIF                                                                       E02       000000     003400
    52 C                                                                                               E02       000000     003500
    53 C                   IF        *IN10 = *ON                                                       B02       000000     003600
    54 C                   EXSR      WRITERCD                                                           02       000000     003700
    55 C                   EVAL      *IN10 = *OFF                                                       02       000000     003800
    56 C                   ENDIF                                                                       E02       000000     003900
    57 C                                                                                               E02       000000     004000
    58 C                   EXFMT     MAINADMIN                                                          01       000000     004100
    59 C                   ENDDO                                                                       E01       000000     004200
    60 C                                                                                               E01       000000     004300
    61 C                   MOVEL     *ON           *INLR                                                         000000     004400
    62 C                   RETURN                                                                                000000     004500
    63 C*---------------------------------------------------------------------                                   000000     004600
    64 C     WRITERCD      BEGSR                                                                                 000000     004700
    65 C                   IF        NEWORUPD = 0                                                      B01       000000     004800
    66 C                   EXSR      UPDRCD                                                             01       000000     004900
    67 C                   ELSE                                                                        X01       000000     005000
    68 C                   EXSR      CRTRCD                                                             01       000000     005100
    69 C                   ENDIF                                                                       E01       000000     005200
                                                   -=* http://pub400.com *=-
 5770WDS V7R5M0  220415 RN        IBM ILE RPG             ASHIBATA2/ADMLRN400      PUB400     26-09-07 17:22:57        Page      4
Line   <---------------------- Source Specifications ----------------------------><---- Comments ----> Do  Page  Change Src Seq
Number ....1....+....2....+....3....+....4....+....5....+....6....+....7....+....8....+....9....+...10 Num Line  Date   Id  Number
    70 C                   ENDSR                                                                                 000000     005300
    71 C*---------------------------------------------------------------------                                   000000     005400
    72 C     UPDRCD        BEGSR                                                                                 000000     005500
    73 C     CURPAGENBR    SETLL     LRN400RCD                                                                   000000     005600
    74 C                   READ      LRN400STR                                                                   000000     005700
    75 C                   MOVEL     CURPAGENBR    PAGENBR                                                       000000     005800
    76 C                   MOVEL     INCONTENT     CONTENT                                                       000000     005900
    77 C                   MOVEL     INEXTRA       EXTRA                                                         000000     006000
    78 C                   UPDATE    LRN400RCD                                                                   000000     006100
    79 C                                                                                                         000000     006200
    80 C                   MOVEL     1             ALWFWD                                                        000000     006300
    81 C                   EVAL      *IN60 = *ON                                                                 000000     006400
    82 C                   ENDSR                                                                                 000000     006500
    83 C*---------------------------------------------------------------------                                   000000     006600
    84 C     CRTRCD        BEGSR                                                                                 000000     006700
    85 C     CURPAGENBR    SETLL     LRN400RCD                                                                   000000     006800
    86 C                   READ      LRN400STR                                                                   000000     006900
    87 C                   MOVEL     CURPAGENBR    PAGENBR                                                       000000     007000
    88 C                   MOVEL     INCONTENT     CONTENT                                                       000000     007100
    89 C                   MOVEL     INEXTRA       EXTRA                                                         000000     007200
    90 C                   WRITE     LRN400RCD                                                                   000000     007300
    91 C                                                                                                         000000     007400
    92 C                   MOVEL     1             ALWFWD                                                        000000     007500
    93 C                   MOVEL     0             NEWORUPD                                                      000000     007600
    94 C                   EVAL      *IN60 = *ON                                                                 000000     007700
    95 C                   ENDSR                                                                                 000000     007800
    96 C*---------------------------------------------------------------------                                   000000     007900
    97 C     PAGEFWD       BEGSR                                                                                 000000     008000
    98 C                   CLEAR                   INCONTENT                                                     000000     008100
    99 C                   CLEAR                   INEXTRA                                                       000000     008200
   100 C                   IF        ALWFWD = 1                                                        B01       000000     008300
   101 C                   ADD       1             CURPAGENBR                                           01       000000     008400
   102 C                   ENDIF                                                                       E01       000000     008500
   103 C                                                                                               E01       000000     008600
   104 C     CURPAGENBR    CHAIN     LRN400RCD                          95----                                   000000     008700
   105 C                   IF        *IN95 = *OFF                                                      B01       000000     008800
   106 C                   READE     LRN400STR                                                          01       000000     008900
   107 C                   MOVEL     PAGENBR       OUTPAGENBR                                           01       000000     009000
   108 C                   MOVEL     CONTENT       INCONTENT                                            01       000000     009100
   109 C                   MOVEL     EXTRA         INEXTRA                                              01       000000     009200
   110 C                   ELSE                                                                        X01       000000     009300
   111 C                   MOVEL     0             ALWFWD                                               01       000000     009400
   112 C                   MOVEL     1             NEWORUPD                                             01       000000     009500
   113 C                   MOVEL     CURPAGENBR    OUTPAGENBR                                           01       000000     009600
   114 C                   EVAL      *IN60 = *OFF                                                       01       000000     009700
   115 C                   ENDIF                                                                       E01       000000     009800
   116 C                   ENDSR                                                                                 000000     009900
   117 C*------------------------------------------------------------------------                                000000     010000
   118 C     PAGEBACK      BEGSR                                                                                 000000     010100
   119 C                   IF        CURPAGENBR = 0                                                    B01       000000     010200
   120 C                                                                                               B01       000000     010300
   121 C                   ELSE                                                                        X01       000000     010400
   122 C                   SUB       1             CURPAGENBR                                           01       000000     010500
   123 C                   ENDIF                                                                       E01       000000     010600
   124 C                                                                                               E01       000000     010700
   125 C                   CLEAR                   INCONTENT                                                     000000     010800
                                                   -=* http://pub400.com *=-
 5770WDS V7R5M0  220415 RN        IBM ILE RPG             ASHIBATA2/ADMLRN400      PUB400     26-09-07 17:22:57        Page      5
Line   <---------------------- Source Specifications ----------------------------><---- Comments ----> Do  Page  Change Src Seq
Number ....1....+....2....+....3....+....4....+....5....+....6....+....7....+....8....+....9....+...10 Num Line  Date   Id  Number
   126 C                   CLEAR                   INEXTRA                                                       000000     010900
   127 C     CURPAGENBR    CHAIN     LRN400RCD                          96----                                   000000     011000
   128 C                   READE     LRN400STR                                                                   000000     011100
   129 C                   MOVEL     PAGENBR       OUTPAGENBR                                                    000000     011200
   130 C                   MOVEL     CONTENT       INCONTENT                                                     000000     011300
   131 C                   MOVEL     EXTRA         INEXTRA                                                       000000     011400
   132 C                   MOVEL     1             ALWFWD                                                        000000     011500
   133 C                   MOVEL     0             NEWORUPD                                                      000000     011600
   134 C                   EVAL      *IN60 = *ON                                                                 000000     011700
   135 C                   ENDSR                                                                                 000000     011800
   136 C*---------------------------------------------------------------------                                   000000     011900
   137 C     CHKOFRS       BEGSR                                                                                 000000     012000
   138 C                   ENDSR                                                                                 000000     012100
   139 C*------------------------------------------------------------------------                                000000     012200
   140 C     CHKPARM       BEGSR                                                                                 000000     012300
   141 C*                  MOVEL     LAUNCH        USERPROF                                                      000000     012400
   142 C*                  MOVEL     EXHIBIT       EDTEXHB                                                       000000     012500
   143 C*TODO HERE: Logic to do the stuff to validate user is                                                    000000     012600
   144 C*a SECOFR in the SECOFRS file                                                                            000000     012700
   145 C                   ENDSR                                                                                 000000     012800
   146=OLRN400RCD                                                                                                          5000001
        *--------------------------------------------------------------------------------------------*                     5
        * RPG record format  . . . . :  LRN400RCD                                                    *                     5
        * External format  . . . . . :  LRN400RCD : ASHIBATA2/LRN400STR                              *                     5
        *--------------------------------------------------------------------------------------------*                     5
   147=O                       PAGENBR              2B BIN2      4,0                                                       5000002
   148=O                       CONTENT           1502A CHAR     1500                                                       5000003
   149=O                       EXTRA             1511A CHAR        9                                                       5000004
   150=OMAINADMIN                                                                                                          6000001
        *--------------------------------------------------------------------------------------------*                     6
        * RPG record format  . . . . :  MAINADMIN                                                    *                     6
        * External format  . . . . . :  MAINADMIN : ASHIBATA2/LRN400SCR                              *                     6
        *--------------------------------------------------------------------------------------------*                     6
   151=O                       *IN60                1N CHAR        1                                                       6000002
   152=O                       OUTPAGENBR           5A CHAR        4                                                       6000003
   153=O                       INCONTENT         1505A CHAR     1500                                                       6000004
   154=O                       INEXTRA           1514A CHAR        9                                                       6000005
       * * * * *   E N D   O F   S O U R C E   * * * * *
                                                   -=* http://pub400.com *=-
 5770WDS V7R5M0  220415 RN        IBM ILE RPG             ASHIBATA2/ADMLRN400      PUB400     26-09-07 17:22:57        Page      6
          A d d i t i o n a l   D i a g n o s t i c   M e s s a g e s
 Msg id  Sv Number Seq     Message text
*RNF7066 00      3 000300  Record-Format MAIN not used for input or output.
*RNF7066 00      1 000100  Record-Format USRPROFR not used for input or output.
*RNF7086 00      1 000100  RPG handles blocking for file SECOFRS. INFDS is updated
                           only when blocks of data are transferred.
 * * * * *   E N D   O F   A D D I T I O N A L   D I A G N O S T I C   M E S S A G E S   * * * * *
                 O u t p u t   B u f f e r   P o s i t i o n s
Line   Start End   Field or Constant
Number Pos   Pos
   147     1     2 PAGENBR
   148     3  1502 CONTENT
   149  1503  1511 EXTRA
   147     1     2 PAGENBR
   148     3  1502 CONTENT
   149  1503  1511 EXTRA
   151     1     1 *IN60
   152     2     5 OUTPAGENBR
   153     6  1505 INCONTENT
   154  1506  1514 INEXTRA
 * * * * *   E N D   O F   O U T P U T   B U F F E R   P O S I T I O N   *  * * * *
                                                   -=* http://pub400.com *=-
 5770WDS V7R5M0  220415 RN        IBM ILE RPG             ASHIBATA2/ADMLRN400      PUB400     26-09-07 17:22:57        Page      7
                    K e y   F i e l d   I n f o r m a t i o n
         File           Internal    External
           Record       field name  field name  Attributes
      2  LRN400STR
           LRN400RCD
                        PAGENBR                 BIN2      4,0 SIGNED
      1  SECOFRS
           USRPROFR
                        USERPROF                CHAR        9
 * * * * *   E N D   O F   K E Y   F I E L D   I N F O R M A T I O N   * * * * *
                                                   -=* http://pub400.com *=-
 5770WDS V7R5M0  220415 RN        IBM ILE RPG             ASHIBATA2/ADMLRN400      PUB400     26-09-07 17:22:57        Page      8
                          C r o s s   R e f e r e n c e
      File and Record References:
         File              Device             References (D=Defined)
           Record
         LRN400SCR         WORKSTN                 3D
           MAIN                                    3D     18
           MAINADMIN                               3D     22      58     150
         LRN400STR         DISK                    2D     35      74      86
                                                 106     128
           LRN400RCD                               2D     14      73      78
                                                  85      90     104     127
                                                 146
         SECOFRS           DISK                    1D
           USRPROFR                                1D     12
      Global Field References:
         Field             Attributes         References (D=Defined M=Modified)
         *INLR             N(1)                   61M
         *IN03             N(1)                   19D     23M     41
         *IN05             N(1)                   20M     24M     43      45M
         *IN08             N(1)                   21M     25M     48      50M
         *IN10             N(1)                   26M     53      55M
         *IN60             N(1)                   31M     81M     94M    114M
                                                 134M    151
         *IN95             N(1)                  105
         ALWFWD            P(1,0)                  5D     29M     80M     92M
                                                 100     111M    132M
*RNF7031 CHKOFRS           BEGSR                 137D
*RNF7031 CHKPARM           BEGSR                 140D
         CONTENT           A(1500)                16M     37      76M     88M
                                                 108     130     148
         CRTRCD            BEGSR                  68      84D
         CURPAGENBR        P(4,0)                  4D     36M     73      75
                                                  85      87     101M    104
                                                 113     119     122M    127
         EXTRA             A(9)                   17M     38      77M     89M
                                                 109     131     149
         INCONTENT         A(1500)                27M     37M     76      88
                                                  98M    108M    125M    130M
                                                 153
         INEXTRA           A(9)                   28M     38M     77      89
                                                  99M    109M    126M    131M
                                                 154
         NEWORUPD          P(1,0)                  6D     30M     65      93M
                                                 112M    133M
         OUTPAGENBR        A(4)                   39M    107M    113M    129M
                                                 152
         PAGEBACK          BEGSR                  49     118D
         PAGEFWD           BEGSR                  44      97D
         PAGENBR           P(4,0)                 15M     36      39      75M
                                                  87M    107     129     147
         UPDRCD            BEGSR                  66      72D
*RNF7031 USERPROF          A(9)                   13D
         WRITERCD          BEGSR                  54      64D
      Indicator References:
                                                   -=* http://pub400.com *=-
 5770WDS V7R5M0  220415 RN        IBM ILE RPG             ASHIBATA2/ADMLRN400      PUB400     26-09-07 17:22:57        Page      9
         Indicator                            References (D=Defined M=Modified)
         03                                       19M     23M     41
         05                                       20M     24M     43      45M
         08                                       21M     25M     48      50M
         10                                       26M     53      55M
         60                                       31M     81M     94M    114M
                                                 134M    151
         95                                      104D    105
*RNF7031 96                                      127D
         LR                                       61M
       * * * * *   E N D   O F   C R O S S   R E F E R E N C E   * * * * *
                                                   -=* http://pub400.com *=-
 5770WDS V7R5M0  220415 RN        IBM ILE RPG             ASHIBATA2/ADMLRN400      PUB400     26-09-07 17:22:57        Page     10
                      E x t e r n a l   R e f e r e n c e s
      Statically bound procedures:
         Procedure                            References
         No references in the source.
      Imported fields:
         Field             Attributes         Defined
         No references in the source.
      Exported fields:
         Field             Attributes         Defined
         No references in the source.
   * * * * *   E N D   O F   E X T E R N A L   R E F E R E N C E S   * * * * *
                                                   -=* http://pub400.com *=-
 5770WDS V7R5M0  220415 RN        IBM ILE RPG             ASHIBATA2/ADMLRN400      PUB400     26-09-07 17:22:57        Page     11
                          M e s s a g e   S u m m a r y
 Msg id  Sv Number Message text
*RNF7031 00      4 The name or indicator is not referenced.
*RNF7066 00      2 Record-Format name of Externally-Described file is not used.
*RNF7086 00      1 RPG handles blocking for the file. INFDS is updated only when
                   blocks of data are transferred.
       * * * * *   E N D   O F   M E S S A G E   S U M M A R Y   * * * * *
                                                   -=* http://pub400.com *=-
 5770WDS V7R5M0  220415 RN        IBM ILE RPG             ASHIBATA2/ADMLRN400      PUB400     26-09-07 17:22:57        Page     12
                            F i n a l   S u m m a r y
  Message Totals:
    Information  (00) . . . . . . . :        7
    Warning      (10) . . . . . . . :        0
    Error        (20) . . . . . . . :        0
    Severe Error (30+)  . . . . . . :        0
    ---------------------------------  -------
    Total . . . . . . . . . . . . . :        7
  Source Totals:
    Records . . . . . . . . . . . . :      154
    Specifications  . . . . . . . . :      137
    Data records  . . . . . . . . . :        0
    Comments  . . . . . . . . . . . :       17
         * * * * *   E N D   O F   F I N A L   S U M M A R Y   * * * * *
Program ADMLRN400 placed in library ASHIBATA2. 00 highest severity. Created on 26-09-07 at 17:22:57.
          * * * * *   E N D   O F   C O M P I L A T I O N   * * * * *
                                                   -=* http://pub400.com *=-
 5770WDS V7R5M0  220415 RN        IBM ILE RPG             ASHIBATA2/ADMOFRLIST     PUB400     26-09-07 17:22:57        Page      1
  Command  . . . . . . . . . . . . :   CRTBNDRPG
    Issued by  . . . . . . . . . . :     ASHIBATA
  Program  . . . . . . . . . . . . :   ADMOFRLIST
    Library  . . . . . . . . . . . :     ASHIBATA2
  Text 'description' . . . . . . . :   *SRCMBRTXT
  Source Member  . . . . . . . . . :   ADMOFRLIST
  Source File  . . . . . . . . . . :   QRPGLESRC
    Library  . . . . . . . . . . . :     ASHIBATA1
    CCSID  . . . . . . . . . . . . :     273
  Text 'description' . . . . . . . :
  Last Change  . . . . . . . . . . :   26-09-07  17:21:36
  Generation severity level  . . . :   10
  Default activation group . . . . :   *YES
  Compiler options . . . . . . . . :   *XREF      *GEN       *NOSECLVL  *SHOWCPY
                                       *EXPDDS    *EXT       *NOSHOWSKP *NOSRCSTMT
                                       *DEBUGIO   *UNREF     *NOEVENTF
  Debugging views  . . . . . . . . :   *SOURCE
  Debug encryption key . . . . . . :   *NONE
  Output . . . . . . . . . . . . . :   *PRINT
  Optimization level . . . . . . . :   *NONE
  Source listing indentation . . . :   *NONE
  Type conversion options  . . . . :   *NONE
  Sort sequence  . . . . . . . . . :   *HEX
  Language identifier  . . . . . . :   *JOBRUN
  Replace program  . . . . . . . . :   *YES
  User profile . . . . . . . . . . :   *USER
  Authority  . . . . . . . . . . . :   *LIBCRTAUT
  Truncate numeric . . . . . . . . :   *YES
  Fix numeric  . . . . . . . . . . :   *NONE
  Target release . . . . . . . . . :   *CURRENT
  Allow null values  . . . . . . . :   *NO
  Define condition names . . . . . :   *NONE
  Enable performance collection  . :   *PEP
  Profiling data . . . . . . . . . :   *NOCOL
  Licensed Internal Code options . :
  Generate program interface . . . :   *NO
  Include directory  . . . . . . . :
  Preprocessor options . . . . . . :   *NONE
  Require prototype for export . . :   *NO
                                                   -=* http://pub400.com *=-
 5770WDS V7R5M0  220415 RN        IBM ILE RPG             ASHIBATA2/ADMOFRLIST     PUB400     26-09-07 17:22:57        Page      2
Line   <---------------------- Source Specifications ----------------------------><---- Comments ----> Do  Page  Change Src Seq
Number ....1....+....2....+....3....+....4....+....5....+....6....+....7....+....8....+....9....+...10 Num Line  Date   Id  Number
                          S o u r c e   L i s t i n g
     1 FSECOFRS   UF A E           K DISK                                                                        000000     000100
        *--------------------------------------------------------------------------------------------*
        *                               RPG name         External name                               *
        * File name. . . . . . . . . :  SECOFRS          ASHIBATA2/SECOFRS                           *
        * Record format(s) . . . . . :  USRPROFR         USRPROFR                                    *
        *--------------------------------------------------------------------------------------------*
     2 FADMSCR    CF   E             WORKSTN                                                                     000000     000200
        *--------------------------------------------------------------------------------------------*
        *                               RPG name         External name                               *
        * File name. . . . . . . . . :  ADMSCR           ASHIBATA2/ADMSCR                            *
        * Record format(s) . . . . . :  ADDADM           ADDADM                                      *
        *                               LISTADMRCD       LISTADMRCD                                  *
        *--------------------------------------------------------------------------------------------*
     3 DCHECKOK          S              1P 0                                                                     000000     000300
     4 DSTSOK            C                   CONST('Status updated')                                             000000     000400
     5 C*----------------------------------------------------                                                    000000     000500
     6=IUSRPROFR                                                                                                           1000001
        *--------------------------------------------------------------------------------------------*                     1
        * RPG record format  . . . . :  USRPROFR                                                     *                     1
        * External format  . . . . . :  USRPROFR : ASHIBATA2/SECOFRS                                 *                     1
        *--------------------------------------------------------------------------------------------*                     1
     7=I                             A    1    9  USERPROF                                                                 1000002
     8=IADDADM                                                                                                             2000001
        *--------------------------------------------------------------------------------------------*                     2
        * RPG record format  . . . . :  ADDADM                                                       *                     2
        * External format  . . . . . :  ADDADM : ASHIBATA2/ADMSCR                                    *                     2
        *--------------------------------------------------------------------------------------------*                     2
     9=I                             A    1    9  INADMNAME                                                                2000002
    10=ILISTADMRCD                                                                                                         3000001
        *--------------------------------------------------------------------------------------------*                     3
        * RPG record format  . . . . :  LISTADMRCD                                                   *                     3
        * External format  . . . . . :  LISTADMRCD : ASHIBATA2/ADMSCR                                *                     3
        *--------------------------------------------------------------------------------------------*                     3
    11 C                   EXFMT     ADDADM                                                                      000000     000600
    12 C                                                                                                         000000     000700
    13 C                   READ      SECOFRS                                                                     000000     000800
    14 C     *LOVAL        SETLL     USRPROFR                                                                    000000     000900
    15                                                                                                           000000     001000
    16 C                   MOVEL     INADMNAME     USERPROF                                                      000000     001100
    17 C                   WRITE     USRPROFR                                                                    000000     001200
    18 C                                                                                                         000000     001300
    19 C                   MOVEL     *ON           *INLR                                                         000000     001400
    20 C                   RETURN                                                                                000000     001500
    21 C*----------------------------------------------------                                                    000000     001600
    22=OUSRPROFR                                                                                                           4000001
                                                   -=* http://pub400.com *=-
 5770WDS V7R5M0  220415 RN        IBM ILE RPG             ASHIBATA2/ADMOFRLIST     PUB400     26-09-07 17:22:57        Page      3
Line   <---------------------- Source Specifications ----------------------------><---- Comments ----> Do  Page  Change Src Seq
Number ....1....+....2....+....3....+....4....+....5....+....6....+....7....+....8....+....9....+...10 Num Line  Date   Id  Number
        *--------------------------------------------------------------------------------------------*                     4
        * RPG record format  . . . . :  USRPROFR                                                     *                     4
        * External format  . . . . . :  USRPROFR : ASHIBATA2/SECOFRS                                 *                     4
        *--------------------------------------------------------------------------------------------*                     4
    23=O                       USERPROF             9A CHAR        9                                                       4000002
    24=OADDADM                                                                                                             5000001
        *--------------------------------------------------------------------------------------------*                     5
        * RPG record format  . . . . :  ADDADM                                                       *                     5
        * External format  . . . . . :  ADDADM : ASHIBATA2/ADMSCR                                    *                     5
        *--------------------------------------------------------------------------------------------*                     5
       * * * * *   E N D   O F   S O U R C E   * * * * *
                                                   -=* http://pub400.com *=-
 5770WDS V7R5M0  220415 RN        IBM ILE RPG             ASHIBATA2/ADMOFRLIST     PUB400     26-09-07 17:22:57        Page      4
          A d d i t i o n a l   D i a g n o s t i c   M e s s a g e s
 Msg id  Sv Number Seq     Message text
*RNF7066 00      2 000200  Record-Format LISTADMRCD not used for input or output.
 * * * * *   E N D   O F   A D D I T I O N A L   D I A G N O S T I C   M E S S A G E S   * * * * *
                 O u t p u t   B u f f e r   P o s i t i o n s
Line   Start End   Field or Constant
Number Pos   Pos
    23     1     9 USERPROF
 * * * * *   E N D   O F   O U T P U T   B U F F E R   P O S I T I O N   *  * * * *
                                                   -=* http://pub400.com *=-
 5770WDS V7R5M0  220415 RN        IBM ILE RPG             ASHIBATA2/ADMOFRLIST     PUB400     26-09-07 17:22:57        Page      5
                    K e y   F i e l d   I n f o r m a t i o n
         File           Internal    External
           Record       field name  field name  Attributes
      1  SECOFRS
           USRPROFR
                        USERPROF                CHAR        9
 * * * * *   E N D   O F   K E Y   F I E L D   I N F O R M A T I O N   * * * * *
                                                   -=* http://pub400.com *=-
 5770WDS V7R5M0  220415 RN        IBM ILE RPG             ASHIBATA2/ADMOFRLIST     PUB400     26-09-07 17:22:57        Page      6
                          C r o s s   R e f e r e n c e
      File and Record References:
         File              Device             References (D=Defined)
           Record
         ADMSCR            WORKSTN                 2D
           ADDADM                                  2D      8      11      24
           LISTADMRCD                              2D     10
         SECOFRS           DISK                    1D     13
           USRPROFR                                1D      6      14      17
                                                  22
      Global Field References:
         Field             Attributes         References (D=Defined M=Modified)
         *INLR             N(1)                   19M
*RNF7031 CHECKOK           P(1,0)                  3D
         INADMNAME         A(9)                    9D     16
*RNF7031 STSOK             CONST                   4D
         USERPROF          A(9)                    7M     16M     23
      Indicator References:
         Indicator                            References (D=Defined M=Modified)
         LR                                       19M
       * * * * *   E N D   O F   C R O S S   R E F E R E N C E   * * * * *
                                                   -=* http://pub400.com *=-
 5770WDS V7R5M0  220415 RN        IBM ILE RPG             ASHIBATA2/ADMOFRLIST     PUB400     26-09-07 17:22:57        Page      7
                      E x t e r n a l   R e f e r e n c e s
      Statically bound procedures:
         Procedure                            References
         No references in the source.
      Imported fields:
         Field             Attributes         Defined
         No references in the source.
      Exported fields:
         Field             Attributes         Defined
         No references in the source.
   * * * * *   E N D   O F   E X T E R N A L   R E F E R E N C E S   * * * * *
                                                   -=* http://pub400.com *=-
 5770WDS V7R5M0  220415 RN        IBM ILE RPG             ASHIBATA2/ADMOFRLIST     PUB400     26-09-07 17:22:57        Page      8
                          M e s s a g e   S u m m a r y
 Msg id  Sv Number Message text
*RNF7031 00      2 The name or indicator is not referenced.
*RNF7066 00      1 Record-Format name of Externally-Described file is not used.
       * * * * *   E N D   O F   M E S S A G E   S U M M A R Y   * * * * *
                                                   -=* http://pub400.com *=-
 5770WDS V7R5M0  220415 RN        IBM ILE RPG             ASHIBATA2/ADMOFRLIST     PUB400     26-09-07 17:22:57        Page      9
                            F i n a l   S u m m a r y
  Message Totals:
    Information  (00) . . . . . . . :        3
    Warning      (10) . . . . . . . :        0
    Error        (20) . . . . . . . :        0
    Severe Error (30+)  . . . . . . :        0
    ---------------------------------  -------
    Total . . . . . . . . . . . . . :        3
  Source Totals:
    Records . . . . . . . . . . . . :       24
    Specifications  . . . . . . . . :       21
    Data records  . . . . . . . . . :        0
    Comments  . . . . . . . . . . . :        2
         * * * * *   E N D   O F   F I N A L   S U M M A R Y   * * * * *
Program ADMOFRLIST placed in library ASHIBATA2. 00 highest severity. Created on 26-09-07 at 17:22:57.
          * * * * *   E N D   O F   C O M P I L A T I O N   * * * * *
                                                   -=* http://pub400.com *=-
 5770WDS V7R5M0  220415 RN        IBM ILE RPG             ASHIBATA2/ADMSETTING     PUB400     26-09-07 17:22:57        Page      1
  Command  . . . . . . . . . . . . :   CRTBNDRPG
    Issued by  . . . . . . . . . . :     ASHIBATA
  Program  . . . . . . . . . . . . :   ADMSETTING
    Library  . . . . . . . . . . . :     ASHIBATA2
  Text 'description' . . . . . . . :   *SRCMBRTXT
  Source Member  . . . . . . . . . :   ADMSETTING
  Source File  . . . . . . . . . . :   QRPGLESRC
    Library  . . . . . . . . . . . :     ASHIBATA1
    CCSID  . . . . . . . . . . . . :     273
  Text 'description' . . . . . . . :
  Last Change  . . . . . . . . . . :   26-09-07  17:21:39
  Generation severity level  . . . :   10
  Default activation group . . . . :   *YES
  Compiler options . . . . . . . . :   *XREF      *GEN       *NOSECLVL  *SHOWCPY
                                       *EXPDDS    *EXT       *NOSHOWSKP *NOSRCSTMT
                                       *DEBUGIO   *UNREF     *NOEVENTF
  Debugging views  . . . . . . . . :   *SOURCE
  Debug encryption key . . . . . . :   *NONE
  Output . . . . . . . . . . . . . :   *PRINT
  Optimization level . . . . . . . :   *NONE
  Source listing indentation . . . :   *NONE
  Type conversion options  . . . . :   *NONE
  Sort sequence  . . . . . . . . . :   *HEX
  Language identifier  . . . . . . :   *JOBRUN
  Replace program  . . . . . . . . :   *YES
  User profile . . . . . . . . . . :   *USER
  Authority  . . . . . . . . . . . :   *LIBCRTAUT
  Truncate numeric . . . . . . . . :   *YES
  Fix numeric  . . . . . . . . . . :   *NONE
  Target release . . . . . . . . . :   *CURRENT
  Allow null values  . . . . . . . :   *NO
  Define condition names . . . . . :   *NONE
  Enable performance collection  . :   *PEP
  Profiling data . . . . . . . . . :   *NOCOL
  Licensed Internal Code options . :
  Generate program interface . . . :   *NO
  Include directory  . . . . . . . :
  Preprocessor options . . . . . . :   *NONE
  Require prototype for export . . :   *NO
                                                   -=* http://pub400.com *=-
 5770WDS V7R5M0  220415 RN        IBM ILE RPG             ASHIBATA2/ADMSETTING     PUB400     26-09-07 17:22:57        Page      2
Line   <---------------------- Source Specifications ----------------------------><---- Comments ----> Do  Page  Change Src Seq
Number ....1....+....2....+....3....+....4....+....5....+....6....+....7....+....8....+....9....+...10 Num Line  Date   Id  Number
                          S o u r c e   L i s t i n g
     1 FSETTINGS  UF   E           K DISK                                                                        000000     000100
        *--------------------------------------------------------------------------------------------*
        *                               RPG name         External name                               *
        * File name. . . . . . . . . :  SETTINGS         ASHIBATA2/SETTINGS                          *
        * Record format(s) . . . . . :  SETTINGSR        SETTINGSR                                   *
        *--------------------------------------------------------------------------------------------*
     2 FSETUPSCR  CF   E             WORKSTN                                                                     000000     000200
        *--------------------------------------------------------------------------------------------*
        *                               RPG name         External name                               *
        * File name. . . . . . . . . :  SETUPSCR         ASHIBATA2/SETUPSCR                          *
        * Record format(s) . . . . . :  SETUPMAIN        SETUPMAIN                                   *
        *--------------------------------------------------------------------------------------------*
     3 DSTN              S              9A                                                                       000000     000300
     4 DSTNVAL           S              9A                                                                       000000     000400
     5 C*-----------------------------------------------                                                         000000     000500
     6=ISETTINGSR                                                                                                          1000001
        *--------------------------------------------------------------------------------------------*                     1
        * RPG record format  . . . . :  SETTINGSR                                                    *                     1
        * External format  . . . . . :  SETTINGSR : ASHIBATA2/SETTINGS                               *                     1
        *--------------------------------------------------------------------------------------------*                     1
     7=I                             A    1    9  SETTING                                                                  1000002
     8=I                             A   10   18  VALUE                                                                    1000003
     9=ISETUPMAIN                                                                                                          2000001
        *--------------------------------------------------------------------------------------------*                     2
        * RPG record format  . . . . :  SETUPMAIN                                                    *                     2
        * External format  . . . . . :  SETUPMAIN : ASHIBATA2/SETUPSCR                               *                     2
        *--------------------------------------------------------------------------------------------*                     2
    10=I                             A    1    9  INPWD                                                                    2000002
    11=I                             A   10   10  INALWVOTE                                                                2000003
    12 C     *LOVAL        SETLL     SETTINGS                                                                    000000     000600
    13 C                   DOU       %EOF(SETTINGS)                                                    B01       000000     000700
    14 C                   READ      SETTINGS                                                           01       000000     000800
    15 C                   MOVEL     SETTING       STN                                                  01       000000     000900
    16 C                   IF        STN = 'PASSWORD'                                                  B02       000000     001000
    17 C                   MOVEL     VALUE         INPWD                                                02       000000     001100
    18 C                   ENDIF                                                                       E02       000000     001200
    19 C                   IF        STN = 'ALWVOTE'                                                   B02       000000     001300
    20 C                   MOVEL     VALUE         INALWVOTE                                            02       000000     001400
    21 C                   ENDIF                                                                       E02       000000     001500
    22 C                   ENDDO                                                                       E01       000000     001600
    23 C                                                                                               E01       000000     001700
    24 C                   EXFMT     SETUPMAIN                                                                   000000     001800
    25 C*                  EXSR      ADDTODB                                                                     000000     001900
    26 C                                                                                                         000000     002000
    27 C     *LOVAL        SETLL     SETTINGS                                                                    000000     002100
                                                   -=* http://pub400.com *=-
 5770WDS V7R5M0  220415 RN        IBM ILE RPG             ASHIBATA2/ADMSETTING     PUB400     26-09-07 17:22:57        Page      3
Line   <---------------------- Source Specifications ----------------------------><---- Comments ----> Do  Page  Change Src Seq
Number ....1....+....2....+....3....+....4....+....5....+....6....+....7....+....8....+....9....+...10 Num Line  Date   Id  Number
    28 C                   DOU       %EOF(SETTINGS)                                                    B01       000000     002200
    29 C                   READ      SETTINGSR                                                          01       000000     002300
    30 C                   MOVEL     SETTING       STN                                                  01       000000     002400
    31 C                   IF        STN = 'PASSWORD'                                                  B02       000000     002500
    32 C                   MOVEL     INPWD         VALUE                                                02       000000     002600
    33 C                   UPDATE    SETTINGSR                                                          02       000000     002700
    34 C                   ENDIF                                                                       E02       000000     002800
    35 C                   IF        STN = 'ALWVOTE'                                                   B02       000000     002900
    36 C                   MOVEL     INALWVOTE     VALUE                                                02       000000     003000
    37 C                   UPDATE    SETTINGSR                                                          02       000000     003100
    38 C                   ENDIF                                                                       E02       000000     003200
    39 C                   ENDDO                                                                       E01       000000     003300
    40 C                                                                                               E01       000000     003400
    41 C                   MOVEL     *ON           *INLR                                                         000000     003500
    42 C                   RETURN                                                                                000000     003600
    43 C*----------------------------------------------------                                                    000000     003700
    44 C     ADDTODB       BEGSR                                                                                 000000     003800
    45 C*                  MOVEL     INCMT         GUESTCMT                                                      000000     003900
    46 C*                  WRITE     GUESTBKRCD                                                                  000000     004000
    47 C                   ENDSR                                                                                 000000     004100
    48=OSETTINGSR                                                                                                          3000001
        *--------------------------------------------------------------------------------------------*                     3
        * RPG record format  . . . . :  SETTINGSR                                                    *                     3
        * External format  . . . . . :  SETTINGSR : ASHIBATA2/SETTINGS                               *                     3
        *--------------------------------------------------------------------------------------------*                     3
    49=O                       SETTING              9A CHAR        9                                                       3000002
    50=O                       VALUE               18A CHAR        9                                                       3000003
    51=OSETUPMAIN                                                                                                          4000001
        *--------------------------------------------------------------------------------------------*                     4
        * RPG record format  . . . . :  SETUPMAIN                                                    *                     4
        * External format  . . . . . :  SETUPMAIN : ASHIBATA2/SETUPSCR                               *                     4
        *--------------------------------------------------------------------------------------------*                     4
    52=O                       INPWD                9A CHAR        9                                                       4000002
    53=O                       INALWVOTE           10A CHAR        1                                                       4000003
       * * * * *   E N D   O F   S O U R C E   * * * * *
                                                   -=* http://pub400.com *=-
 5770WDS V7R5M0  220415 RN        IBM ILE RPG             ASHIBATA2/ADMSETTING     PUB400     26-09-07 17:22:57        Page      4
          A d d i t i o n a l   D i a g n o s t i c   M e s s a g e s
 Msg id  Sv Number Seq     Message text
 * * * * *   E N D   O F   A D D I T I O N A L   D I A G N O S T I C   M E S S A G E S   * * * * *
                 O u t p u t   B u f f e r   P o s i t i o n s
Line   Start End   Field or Constant
Number Pos   Pos
    49     1     9 SETTING
    50    10    18 VALUE
    52     1     9 INPWD
    53    10    10 INALWVOTE
 * * * * *   E N D   O F   O U T P U T   B U F F E R   P O S I T I O N   *  * * * *
                                                   -=* http://pub400.com *=-
 5770WDS V7R5M0  220415 RN        IBM ILE RPG             ASHIBATA2/ADMSETTING     PUB400     26-09-07 17:22:57        Page      5
                    K e y   F i e l d   I n f o r m a t i o n
         File           Internal    External
           Record       field name  field name  Attributes
      1  SETTINGS
           SETTINGSR
                        SETTING                 CHAR        9
 * * * * *   E N D   O F   K E Y   F I E L D   I N F O R M A T I O N   * * * * *
                                                   -=* http://pub400.com *=-
 5770WDS V7R5M0  220415 RN        IBM ILE RPG             ASHIBATA2/ADMSETTING     PUB400     26-09-07 17:22:57        Page      6
                          C r o s s   R e f e r e n c e
      File and Record References:
         File              Device             References (D=Defined)
           Record
         SETTINGS          DISK                    1D     12      13      14
                                                  27      28
           SETTINGSR                               1D      6      29      33
                                                  37      48
         SETUPSCR          WORKSTN                 2D
           SETUPMAIN                               2D      9      24      51
      Global Field References:
         Field             Attributes         References (D=Defined M=Modified)
         *INLR             N(1)                   41M
*RNF7031 ADDTODB           BEGSR                  44D
         INALWVOTE         A(1)                   11M     20M     36      53
         INPWD             A(9)                   10M     17M     32      52
         SETTING           A(9)                    7M     15      30      49
         STN               A(9)                    3D     15M     16      19
                                                  30M     31      35
*RNF7031 STNVAL            A(9)                    4D
         VALUE             A(9)                    8M     17      20      32M
                                                  36M     50
      Indicator References:
         Indicator                            References (D=Defined M=Modified)
         LR                                       41M
       * * * * *   E N D   O F   C R O S S   R E F E R E N C E   * * * * *
                                                   -=* http://pub400.com *=-
 5770WDS V7R5M0  220415 RN        IBM ILE RPG             ASHIBATA2/ADMSETTING     PUB400     26-09-07 17:22:57        Page      7
                      E x t e r n a l   R e f e r e n c e s
      Statically bound procedures:
         Procedure                            References
         No references in the source.
      Imported fields:
         Field             Attributes         Defined
         No references in the source.
      Exported fields:
         Field             Attributes         Defined
         No references in the source.
   * * * * *   E N D   O F   E X T E R N A L   R E F E R E N C E S   * * * * *
                                                   -=* http://pub400.com *=-
 5770WDS V7R5M0  220415 RN        IBM ILE RPG             ASHIBATA2/ADMSETTING     PUB400     26-09-07 17:22:57        Page      8
                          M e s s a g e   S u m m a r y
 Msg id  Sv Number Message text
*RNF7031 00      2 The name or indicator is not referenced.
       * * * * *   E N D   O F   M E S S A G E   S U M M A R Y   * * * * *
                                                   -=* http://pub400.com *=-
 5770WDS V7R5M0  220415 RN        IBM ILE RPG             ASHIBATA2/ADMSETTING     PUB400     26-09-07 17:22:57        Page      9
                            F i n a l   S u m m a r y
  Message Totals:
    Information  (00) . . . . . . . :        2
    Warning      (10) . . . . . . . :        0
    Error        (20) . . . . . . . :        0
    Severe Error (30+)  . . . . . . :        0
    ---------------------------------  -------
    Total . . . . . . . . . . . . . :        2
  Source Totals:
    Records . . . . . . . . . . . . :       53
    Specifications  . . . . . . . . :       48
    Data records  . . . . . . . . . :        0
    Comments  . . . . . . . . . . . :        5
         * * * * *   E N D   O F   F I N A L   S U M M A R Y   * * * * *
Program ADMSETTING placed in library ASHIBATA2. 00 highest severity. Created on 26-09-07 at 17:22:57.
          * * * * *   E N D   O F   C O M P I L A T I O N   * * * * *
                                                   -=* http://pub400.com *=-
 5770WDS V7R5M0  220415 RN        IBM ILE RPG             ASHIBATA2/ADMVOTERPT     PUB400     26-09-07 17:22:57        Page      1
  Command  . . . . . . . . . . . . :   CRTBNDRPG
    Issued by  . . . . . . . . . . :     ASHIBATA
  Program  . . . . . . . . . . . . :   ADMVOTERPT
    Library  . . . . . . . . . . . :     ASHIBATA2
  Text 'description' . . . . . . . :   *SRCMBRTXT
  Source Member  . . . . . . . . . :   ADMVOTERPT
  Source File  . . . . . . . . . . :   QRPGLESRC
    Library  . . . . . . . . . . . :     ASHIBATA1
    CCSID  . . . . . . . . . . . . :     273
  Text 'description' . . . . . . . :
  Last Change  . . . . . . . . . . :   26-09-07  17:21:41
  Generation severity level  . . . :   10
  Default activation group . . . . :   *YES
  Compiler options . . . . . . . . :   *XREF      *GEN       *NOSECLVL  *SHOWCPY
                                       *EXPDDS    *EXT       *NOSHOWSKP *NOSRCSTMT
                                       *DEBUGIO   *UNREF     *NOEVENTF
  Debugging views  . . . . . . . . :   *SOURCE
  Debug encryption key . . . . . . :   *NONE
  Output . . . . . . . . . . . . . :   *PRINT
  Optimization level . . . . . . . :   *NONE
  Source listing indentation . . . :   *NONE
  Type conversion options  . . . . :   *NONE
  Sort sequence  . . . . . . . . . :   *HEX
  Language identifier  . . . . . . :   *JOBRUN
  Replace program  . . . . . . . . :   *YES
  User profile . . . . . . . . . . :   *USER
  Authority  . . . . . . . . . . . :   *LIBCRTAUT
  Truncate numeric . . . . . . . . :   *YES
  Fix numeric  . . . . . . . . . . :   *NONE
  Target release . . . . . . . . . :   *CURRENT
  Allow null values  . . . . . . . :   *NO
  Define condition names . . . . . :   *NONE
  Enable performance collection  . :   *PEP
  Profiling data . . . . . . . . . :   *NOCOL
  Licensed Internal Code options . :
  Generate program interface . . . :   *NO
  Include directory  . . . . . . . :
  Preprocessor options . . . . . . :   *NONE
  Require prototype for export . . :   *NO
                                                   -=* http://pub400.com *=-
 5770WDS V7R5M0  220415 RN        IBM ILE RPG             ASHIBATA2/ADMVOTERPT     PUB400     26-09-07 17:22:57        Page      2
Line   <---------------------- Source Specifications ----------------------------><---- Comments ----> Do  Page  Change Src Seq
Number ....1....+....2....+....3....+....4....+....5....+....6....+....7....+....8....+....9....+...10 Num Line  Date   Id  Number
                          S o u r c e   L i s t i n g
     1 FSECOFRS   IF   E           K DISK                                                                        000000     000100
        *--------------------------------------------------------------------------------------------*
        *                               RPG name         External name                               *
        * File name. . . . . . . . . :  SECOFRS          ASHIBATA2/SECOFRS                           *
        * Record format(s) . . . . . :  USRPROFR         USRPROFR                                    *
        *--------------------------------------------------------------------------------------------*
     2 FVOTINGDB  IF   E           K DISK                                                                        000000     000200
        *--------------------------------------------------------------------------------------------*
        *                               RPG name         External name                               *
        * File name. . . . . . . . . :  VOTINGDB         ASHIBATA2/VOTINGDB                          *
        * Record format(s) . . . . . :  VOTINGREC        VOTINGREC                                   *
        *--------------------------------------------------------------------------------------------*
     3 FEXHBDB    IF   E           K DISK                                                                        000000     000300
        *--------------------------------------------------------------------------------------------*
        *                               RPG name         External name                               *
        * File name. . . . . . . . . :  EXHBDB           ASHIBATA2/EXHBDB                            *
        * Record format(s) . . . . . :  EXHBREC          EXHBREC                                     *
        *--------------------------------------------------------------------------------------------*
     4 FADMVOTERESCF   E             WORKSTN                                                                     000000     000400
        *--------------------------------------------------------------------------------------------*
        *                               RPG name         External name                               *
        * File name. . . . . . . . . :  ADMVOTERES       ASHIBATA2/ADMVOTERES                        *
        * Record format(s) . . . . . :  VOTERES          VOTERES                                     *
        *--------------------------------------------------------------------------------------------*
     5 DALWEXIT          S              1P 0                                                                     000000     000500
     6 DNUMBR            S              4P 0                                                                     000000     000600
     7 DVOTEEFA          S              4P 0                                                                     000000     000700
     8 DVOTEBIS          S              4P 0                                                                     000000     000800
     9 DUSERPROF         S              9A                                                                       000000     000900
    10 DERRBLANK         C                   CONST('USRPRF cannot be blank     ')                                000000     001000
    11 DERRNOTF          C                   CONST('USRPRF was not found       ')                                000000     001100
    12 DDBGNAME          C                   CONST('NL2024')                                                     000000     001200
    13  *---------------------------------------------------------------------                                   000000     001300
    14  * AWARDNBR:                                                                                              000000     001400
    15  * 001 = VOTEEFA (Ed Fair)                                                                                000000     001500
    16  * 002 = VOTEBIS (Best in Show)                                                                           000000     001600
    17  *---------------------------------------------------------------------                                   000000     001700
    18 C*---------------------------------------------------------------------                                   000000     001800
    19=IUSRPROFR                                                                                                           1000001
        *--------------------------------------------------------------------------------------------*                     1
        * RPG record format  . . . . :  USRPROFR                                                     *                     1
        * External format  . . . . . :  USRPROFR : ASHIBATA2/SECOFRS                                 *                     1
        *--------------------------------------------------------------------------------------------*                     1
    20=I                             A    1    9  USERPROF                                                                 1000002
    21=IVOTINGREC                                                                                                          2000001
        *--------------------------------------------------------------------------------------------*                     2
        * RPG record format  . . . . :  VOTINGREC                                                    *                     2
                                                   -=* http://pub400.com *=-
 5770WDS V7R5M0  220415 RN        IBM ILE RPG             ASHIBATA2/ADMVOTERPT     PUB400     26-09-07 17:22:57        Page      3
Line   <---------------------- Source Specifications ----------------------------><---- Comments ----> Do  Page  Change Src Seq
Number ....1....+....2....+....3....+....4....+....5....+....6....+....7....+....8....+....9....+...10 Num Line  Date   Id  Number
        * External format  . . . . . :  VOTINGREC : ASHIBATA2/VOTINGDB                               *                     2
        *--------------------------------------------------------------------------------------------*                     2
    22=I                             B    1    2 0BADGENBR                                                                 2000002
    23=I                             B    3    4 0AWARDNBR                                                                 2000003
    24=I                             A    5   13  EXHBNBR                                                                  2000004
    25=IEXHBREC                                                                                                            3000001
        *--------------------------------------------------------------------------------------------*                     3
        * RPG record format  . . . . :  EXHBREC                                                      *                     3
        * External format  . . . . . :  EXHBREC : ASHIBATA2/EXHBDB                                   *                     3
        *--------------------------------------------------------------------------------------------*                     3
    26=I                             B    1    2 0EXHBDBID                                                                 3000002
    27=I                             A    3   11  EXHUSRPRF                                                                3000003
    28=I                             A   12   31  EXHBITOR                                                                 3000004
    29=I                             A   32   51  EXHBCITY                                                                 3000005
    30=I                             A   52   53  EXHBSTATE                                                                3000006
    31=I                             A   54  103  EXHBTITLE                                                                3000007
    32=I                             A  104 1103  EXHBDESC                                                                 3000008
    33=I                             B 1104 1105 0ELIGIBLE                                                                 3000009
    34=I                             B 1106 1107 0ENLRN400                                                                 3000010
    35=IVOTERES                                                                                                            4000001
        *--------------------------------------------------------------------------------------------*                     4
        * RPG record format  . . . . :  VOTERES                                                      *                     4
        * External format  . . . . . :  VOTERES : ASHIBATA2/ADMVOTERES                               *                     4
        *--------------------------------------------------------------------------------------------*                     4
    36=I                             N    1    1  *IN03                           Exit                                     4000002
    37=I                             A    2   10  INUSRPRF                                                                 4000003
    38 C     *ENTRY        PLIST                                                                                 000000     001900
    39 C                   PARM                    LAUNCH            9                                           000000     002000
    40 C*-----------------------------------------------------------------------                                 000000     002100
    41 C                   EXSR      CHKPARM                                                                     000000     002200
    42 C                   MOVEL     0             ALWEXIT                                                       000000     002300
    43 C                                                                                                         000000     002400
    44 C                   IF        USERPROF = 'NONE'                                                 B01       000000     002500
    45 C                                                                                               B01       000000     002600
    46 C                   ELSE                                                                        X01       000000     002700
    47 C                   EXSR      READVOTE                                                           01       000000     002800
    48 C                   ENDIF                                                                       E01       000000     002900
    49 C                                                                                               E01       000000     003000
    50 C                   DOW       ALWEXIT = *ZERO                                                   B01       000000     003100
    51 C                   EXFMT     VOTERES                                                            01       000000     003200
    52 C                                                                                                01       000000     003300
    53 C                   IF        *IN03 = *ON                                                       B02       000000     003400
    54 C                   MOVEL     1             ALWEXIT                                              02       000000     003500
    55 C                   ENDIF                                                                       E02       000000     003600
    56 C                                                                                               E02       000000     003700
    57 C                   MOVEL     INUSRPRF      USERPROF                                             01       000000     003800
    58 C                   EXSR      READVOTE                                                           01       000000     003900
    59 C                   ENDDO                                                                       E01       000000     004000
    60 C                                                                                               E01       000000     004100
    61 C                   MOVEL     *ON           *INLR                                                         000000     004200
    62 C                   RETURN                                                                                000000     004300
    63 C*-----------------------------------------------------------------------                                 000000     004400
    64 C     READVOTE      BEGSR                                                                                 000000     004500
    65 C                   RESET                   VOTEEFA                                                       000000     004600
                                                   -=* http://pub400.com *=-
 5770WDS V7R5M0  220415 RN        IBM ILE RPG             ASHIBATA2/ADMVOTERPT     PUB400     26-09-07 17:22:57        Page      4
Line   <---------------------- Source Specifications ----------------------------><---- Comments ----> Do  Page  Change Src Seq
Number ....1....+....2....+....3....+....4....+....5....+....6....+....7....+....8....+....9....+...10 Num Line  Date   Id  Number
    66 C                   RESET                   VOTEBIS                                                       000000     004700
    67 C                   RESET                   NUMBR                                                         000000     004800
    68 C                                                                                                         000000     004900
    69 C     *LOVAL        SETLL     VOTINGREC                          90----                                   000000     005000
    70 C                   READ      VOTINGREC                                                                   000000     005100
    71 C                                                                                                         000000     005200
    72 C                   DOU       %EOF(VOTINGDB)                                                    B01       000000     005300
    73 C                                                                                               B01       000000     005400
    74 C                   IF        USERPROF = EXHBNBR                                                B02       000000     005500
    75 C                   IF        AWARDNBR =  1                                                     B03       000000     005600
    76 C                   ADD       1             VOTEEFA                                              03       000000     005700
    77 C                   ENDIF                                                                       E03       000000     005800
    78 C                                                                                               E03       000000     005900
    79 C                   IF        AWARDNBR =  2                                                     B03       000000     006000
    80 C                   ADD       1             VOTEBIS                                              03       000000     006100
    81 C                   ENDIF                                                                       E03       000000     006200
    82 C                   ENDIF                                                                       E02       000000     006300
    83 C                                                                                               E02       000000     006400
    84 C                   ADD       1             NUMBR                                                01       000000     006500
    85 C                   READ      VOTINGREC                                                          01       000000     006600
    86 C                                                                                                01       000000     006700
    87 C                   ENDDO                                                                       E01       000000     006800
    88 C                                                                                               E01       000000     006900
    89 C     USERPROF      CHAIN     EXHBREC                            91----                                   000000     007000
    90 C                   IF        *IN91 = *OFF                                                      B01       000000     007100
    91 C                   READE     EXHBDB                                                             01       000000     007200
    92 C                   MOVEL     EXHBTITLE     OUTTITLE                                             01       000000     007300
    93 C                   ELSE                                                                        X01       000000     007400
    94 C                   EVAL      OUTTITLE = ERRNOTF                                                 01       000000     007500
    95 C                   ENDIF                                                                       E01       000000     007600
    96 C                                                                                               E01       000000     007700
    97 C                   MOVEL     NUMBR         OUTVOTEN                                                      000000     007800
    98 C                   MOVEL     VOTEEFA       OUTEFA                                                        000000     007900
    99 C                   MOVEL     VOTEBIS       OUTBIS                                                        000000     008000
   100 C                   MOVEL     USERPROF      INUSRPRF                                                      000000     008100
   101 C*                  MOVEL     EXHBTITLE     OUTTITLE                                                      000000     008200
   102 C                                                                                                         000000     008300
   103 C                   ENDSR                                                                                 000000     008400
   104 C*------------------------------------------------------------------------                                000000     008500
   105 C     CHKOFRS       BEGSR                                                                                 000000     008600
   106 C                   ENDSR                                                                                 000000     008700
   107 C*------------------------------------------------------------------------                                000000     008800
   108 C     CHKPARM       BEGSR                                                                                 000000     008900
   109 C                   MOVEL     LAUNCH        USERPROF                                                      000000     009000
   110 C*                  MOVEL     EXHIBIT       EDTEXHB                                                       000000     009100
   111 C*    USERPROF      CHAIN     USRPROFR                           90                                       000000     009200
   112 C*                  IF        *IN90 = *OFF                                                                000000     009300
   113 C*                  MOVEL     *ON           *INLR                                                         000000     009400
   114 C*                  RETURN                                                                                000000     009500
   115 C*                  ENDIF                                                                                 000000     009600
   116 C                   ENDSR                                                                                 000000     009700
   117=OVOTERES                                                                                                            5000001
        *--------------------------------------------------------------------------------------------*                     5
        * RPG record format  . . . . :  VOTERES                                                      *                     5
        * External format  . . . . . :  VOTERES : ASHIBATA2/ADMVOTERES                               *                     5
        *--------------------------------------------------------------------------------------------*                     5
                                                   -=* http://pub400.com *=-
 5770WDS V7R5M0  220415 RN        IBM ILE RPG             ASHIBATA2/ADMVOTERPT     PUB400     26-09-07 17:22:57        Page      5
Line   <---------------------- Source Specifications ----------------------------><---- Comments ----> Do  Page  Change Src Seq
Number ....1....+....2....+....3....+....4....+....5....+....6....+....7....+....8....+....9....+...10 Num Line  Date   Id  Number
   118=O                       OUTTITLE            50A CHAR       50                                                       5000002
   119=O                       OUTEFA              54A CHAR        4                                                       5000003
   120=O                       OUTBIS              58A CHAR        4                                                       5000004
   121=O                       ERRLINE             98A CHAR       40                                                       5000005
   122=O                       INUSRPRF           107A CHAR        9                                                       5000006
   123=O                       OUTVOTEN           111A CHAR        4                                                       5000007
       * * * * *   E N D   O F   S O U R C E   * * * * *
                                                   -=* http://pub400.com *=-
 5770WDS V7R5M0  220415 RN        IBM ILE RPG             ASHIBATA2/ADMVOTERPT     PUB400     26-09-07 17:22:57        Page      6
          A d d i t i o n a l   D i a g n o s t i c   M e s s a g e s
 Msg id  Sv Number Seq     Message text
*RNF7066 00      1 000100  Record-Format USRPROFR not used for input or output.
*RNF7086 00      1 000100  RPG handles blocking for file SECOFRS. INFDS is updated
                           only when blocks of data are transferred.
 * * * * *   E N D   O F   A D D I T I O N A L   D I A G N O S T I C   M E S S A G E S   * * * * *
                 O u t p u t   B u f f e r   P o s i t i o n s
Line   Start End   Field or Constant
Number Pos   Pos
   118     1    50 OUTTITLE
   119    51    54 OUTEFA
   120    55    58 OUTBIS
   121    59    98 ERRLINE
   122    99   107 INUSRPRF
   123   108   111 OUTVOTEN
 * * * * *   E N D   O F   O U T P U T   B U F F E R   P O S I T I O N   *  * * * *
                                                   -=* http://pub400.com *=-
 5770WDS V7R5M0  220415 RN        IBM ILE RPG             ASHIBATA2/ADMVOTERPT     PUB400     26-09-07 17:22:57        Page      7
                    K e y   F i e l d   I n f o r m a t i o n
         File           Internal    External
           Record       field name  field name  Attributes
      3  EXHBDB
           EXHBREC
                        EXHUSRPRF               CHAR        9
      1  SECOFRS
           USRPROFR
                        USERPROF                CHAR        9
      2  VOTINGDB
           VOTINGREC
                        BADGENBR                BIN2      4,0 SIGNED
 * * * * *   E N D   O F   K E Y   F I E L D   I N F O R M A T I O N   * * * * *
                                                   -=* http://pub400.com *=-
 5770WDS V7R5M0  220415 RN        IBM ILE RPG             ASHIBATA2/ADMVOTERPT     PUB400     26-09-07 17:22:57        Page      8
                          C r o s s   R e f e r e n c e
      File and Record References:
         File              Device             References (D=Defined)
           Record
         ADMVOTERES        WORKSTN                 4D
           VOTERES                                 4D     35      51     117
         EXHBDB            DISK                    3D     91
           EXHBREC                                 3D     25      89
         SECOFRS           DISK                    1D
           USRPROFR                                1D     19
         VOTINGDB          DISK                    2D     72
           VOTINGREC                               2D     21      69      70
                                                  85
      Global Field References:
         Field             Attributes         References (D=Defined M=Modified)
         *ENTRY            PLIST                  38D
         *INLR             N(1)                   61M
         *IN03             N(1)                   36D     53
         *IN91             N(1)                   90
         ALWEXIT           P(1,0)                  5D     42M     50      54M
         AWARDNBR          P(3,0)                 23D     75      79
*RNF7031 BADGENBR          P(4,0)                 22D
*RNF7031 CHKOFRS           BEGSR                 105D
         CHKPARM           BEGSR                  41     108D
*RNF7031 DBGNAME           CONST                  12D
*RNF7031 ELIGIBLE          P(1,0)                 33D
*RNF7031 ENLRN400          P(1,0)                 34D
*RNF7031 ERRBLANK          CONST                  10D
         ERRLINE           A(40)                 121
         ERRNOTF           CONST                  11D     94
*RNF7031 EXHBCITY          A(20)                  29D
*RNF7031 EXHBDBID          P(3,0)                 26D
*RNF7031 EXHBDESC          A(1000)                32D
*RNF7031 EXHBITOR          A(20)                  28D
         EXHBNBR           A(9)                   24D     74
*RNF7031 EXHBSTATE         A(2)                   30D
         EXHBTITLE         A(50)                  31D     92
*RNF7031 EXHUSRPRF         A(9)                   27D
         INUSRPRF          A(9)                   37M     57     100M    122
         LAUNCH            A(9)                   39D    109
                           BASED(_QRNL_PRM+)
         NUMBR             P(4,0)                  6D     67M     84M     97
         OUTBIS            A(4)                   99M    120
         OUTEFA            A(4)                   98M    119
         OUTTITLE          A(50)                  92M     94M    118
         OUTVOTEN          A(4)                   97M    123
         READVOTE          BEGSR                  47      58      64D
         USERPROF          A(9)                    9D     20M     44      57M
                                                  74      89     100     109M
         VOTEBIS           P(4,0)                  8D     66M     80M     99
         VOTEEFA           P(4,0)                  7D     65M     76M     98
      Indicator References:
         Indicator                            References (D=Defined M=Modified)
                                                   -=* http://pub400.com *=-
 5770WDS V7R5M0  220415 RN        IBM ILE RPG             ASHIBATA2/ADMVOTERPT     PUB400     26-09-07 17:22:57        Page      9
         03                                       36M     53
*RNF7031 90                                       69D
         91                                       89D     90
         LR                                       61M
       * * * * *   E N D   O F   C R O S S   R E F E R E N C E   * * * * *
                                                   -=* http://pub400.com *=-
 5770WDS V7R5M0  220415 RN        IBM ILE RPG             ASHIBATA2/ADMVOTERPT     PUB400     26-09-07 17:22:57        Page     10
                      E x t e r n a l   R e f e r e n c e s
      Statically bound procedures:
         Procedure                            References
         No references in the source.
      Imported fields:
         Field             Attributes         Defined
         No references in the source.
      Exported fields:
         Field             Attributes         Defined
         No references in the source.
   * * * * *   E N D   O F   E X T E R N A L   R E F E R E N C E S   * * * * *
                                                   -=* http://pub400.com *=-
 5770WDS V7R5M0  220415 RN        IBM ILE RPG             ASHIBATA2/ADMVOTERPT     PUB400     26-09-07 17:22:57        Page     11
                          M e s s a g e   S u m m a r y
 Msg id  Sv Number Message text
*RNF7031 00     13 The name or indicator is not referenced.
*RNF7066 00      1 Record-Format name of Externally-Described file is not used.
*RNF7086 00      1 RPG handles blocking for the file. INFDS is updated only when
                   blocks of data are transferred.
       * * * * *   E N D   O F   M E S S A G E   S U M M A R Y   * * * * *
                                                   -=* http://pub400.com *=-
 5770WDS V7R5M0  220415 RN        IBM ILE RPG             ASHIBATA2/ADMVOTERPT     PUB400     26-09-07 17:22:57        Page     12
                            F i n a l   S u m m a r y
  Message Totals:
    Information  (00) . . . . . . . :       15
    Warning      (10) . . . . . . . :        0
    Error        (20) . . . . . . . :        0
    Severe Error (30+)  . . . . . . :        0
    ---------------------------------  -------
    Total . . . . . . . . . . . . . :       15
  Source Totals:
    Records . . . . . . . . . . . . :      123
    Specifications  . . . . . . . . :      106
    Data records  . . . . . . . . . :        0
    Comments  . . . . . . . . . . . :       17
         * * * * *   E N D   O F   F I N A L   S U M M A R Y   * * * * *
Program ADMVOTERPT placed in library ASHIBATA2. 00 highest severity. Created on 26-09-07 at 17:22:57.
          * * * * *   E N D   O F   C O M P I L A T I O N   * * * * *
                                                   -=* http://pub400.com *=-
 5770SS1 V7R5M0  220415                  Control Language         ASHIBATA2/VOTESTUB    PUB400 26-09-07 17:22:57         Page    1
 Program . . . . . . . . . . . . . . . . . . . :   VOTESTUB
   Library . . . . . . . . . . . . . . . . . . :     ASHIBATA2
 Source file . . . . . . . . . . . . . . . . . :   QCLSRC
   Library . . . . . . . . . . . . . . . . . . :     ASHIBATA1
 Source member name  . . . . . . . . . . . . . :   VOTESTUB   26-09-07 17:20:17
 Source printing options . . . . . . . . . . . :   *SOURCE  *XREF  *GEN  *NOSECLVL  *NOSRCDBG  *NOLSTDBG  *NODOSLTLVL
 Program generation options  . . . . . . . . . :   *NOLIST  *NOXREF  *NOPATCH
 User profile  . . . . . . . . . . . . . . . . :   *USER
 Program logging . . . . . . . . . . . . . . . :   *JOB
 Allow RTVCLSRC command  . . . . . . . . . . . :   *YES
 Replace program . . . . . . . . . . . . . . . :   *YES
 Target release  . . . . . . . . . . . . . . . :   V7R5M0
 Authority . . . . . . . . . . . . . . . . . . :   *LIBCRTAUT
 Sort sequence . . . . . . . . . . . . . . . . :   *HEX
 Language identifier . . . . . . . . . . . . . :   *JOBRUN
 Text  . . . . . . . . . . . . . . . . . . . . :
 Compiler  . . . . . . . . . . . . . . . . . . :   IBM Control Language Compiler
                                      Control Language Source
 SEQNBR  *...+... 1 ...+... 2 ...+... 3 ...+... 4 ...+... 5 ...+... 6 ...+... 7 ...+... 8 ...+... 9 ...+.  DATE
    100-
    200-              QSYS/PGM
    300-              QSYS/DCL   VAR(&PROFILE) TYPE(*CHAR) LEN(10)
    400-              QSYS/RTVJOBA CURUSER(&PROFILE)
    500-              QSYS/CALL  PGM(ASHIBATA2/NTRSTIT)
    600-              QSYS/CALL  PGM(ASHIBATA2/ADDVOTE)  PARM(&PROFILE)
    700-              QSYS/ENDPGM
                               * * * * *   E N D   O F   S O U R C E   * * * * *
                                                   -=* http://pub400.com *=-
 5770SS1 V7R5M0  220415                  Control Language         ASHIBATA2/VOTESTUB    PUB400 26-09-07 17:22:57         Page    2
                                          Cross Reference
 Declared Variables
 Name                        Defined     Type            Length      References
 &PROFILE                       300      *CHAR              10           400    600
* CPD0791 00  No labels used in program.
                     * * * * *   E N D   O F   C R O S S   R E F E R E N C E   * * * * *
                                                   -=* http://pub400.com *=-
 5770SS1 V7R5M0  220415                  Control Language         ASHIBATA2/VOTESTUB    PUB400 26-09-07 17:22:57         Page    3
                                          Message Summary
               Severity
 Total         0-9  10-19  20-29  30-39  40-49  50-59  60-69  70-79  80-89  90-99
      1          1      0      0      0      0      0      0      0      0      0
 Program VOTESTUB created in library ASHIBATA2 on 26-09-07 at 17:22:57.
 Program VOTESTUB created in library ASHIBATA2. Maximum error severity 00.
                               * * * * *   E N D   O F   M E S S A G E   S U M M A R Y   * * * * *
                                 * * * * *   E N D   O F   C O M P I L A T I O N   * * * * *
                                                   -=* http://pub400.com *=-
 5770SS1 V7R5M0  220415                  Control Language         ASHIBATA2/ADDGBSTUB   PUB400 26-09-07 17:22:57         Page    1
 Program . . . . . . . . . . . . . . . . . . . :   ADDGBSTUB
   Library . . . . . . . . . . . . . . . . . . :     ASHIBATA2
 Source file . . . . . . . . . . . . . . . . . :   QCLSRC
   Library . . . . . . . . . . . . . . . . . . :     ASHIBATA1
 Source member name  . . . . . . . . . . . . . :   ADDGBSTUB   26-09-07 17:20:04
 Source printing options . . . . . . . . . . . :   *SOURCE  *XREF  *GEN  *NOSECLVL  *NOSRCDBG  *NOLSTDBG  *NODOSLTLVL
 Program generation options  . . . . . . . . . :   *NOLIST  *NOXREF  *NOPATCH
 User profile  . . . . . . . . . . . . . . . . :   *USER
 Program logging . . . . . . . . . . . . . . . :   *JOB
 Allow RTVCLSRC command  . . . . . . . . . . . :   *YES
 Replace program . . . . . . . . . . . . . . . :   *YES
 Target release  . . . . . . . . . . . . . . . :   V7R5M0
 Authority . . . . . . . . . . . . . . . . . . :   *LIBCRTAUT
 Sort sequence . . . . . . . . . . . . . . . . :   *HEX
 Language identifier . . . . . . . . . . . . . :   *JOBRUN
 Text  . . . . . . . . . . . . . . . . . . . . :
 Compiler  . . . . . . . . . . . . . . . . . . :   IBM Control Language Compiler
                                      Control Language Source
 SEQNBR  *...+... 1 ...+... 2 ...+... 3 ...+... 4 ...+... 5 ...+... 6 ...+... 7 ...+... 8 ...+... 9 ...+.  DATE
    100-
    200-              QSYS/PGM
    300-              QSYS/DCL   VAR(&PROFILE) TYPE(*CHAR) LEN(10)
    400-              QSYS/RTVJOBA CURUSER(&PROFILE)
    500-              QSYS/CALL  PGM(ASHIBATA2/NTRSTIT)
    600-              QSYS/CALL  PGM(ASHIBATA2/ADDGBCMT) PARM(&PROFILE)
    700-              QSYS/ENDPGM
                               * * * * *   E N D   O F   S O U R C E   * * * * *
                                                   -=* http://pub400.com *=-
 5770SS1 V7R5M0  220415                  Control Language         ASHIBATA2/ADDGBSTUB   PUB400 26-09-07 17:22:57         Page    2
                                          Cross Reference
 Declared Variables
 Name                        Defined     Type            Length      References
 &PROFILE                       300      *CHAR              10           400    600
* CPD0791 00  No labels used in program.
                     * * * * *   E N D   O F   C R O S S   R E F E R E N C E   * * * * *
                                                   -=* http://pub400.com *=-
 5770SS1 V7R5M0  220415                  Control Language         ASHIBATA2/ADDGBSTUB   PUB400 26-09-07 17:22:57         Page    3
                                          Message Summary
               Severity
 Total         0-9  10-19  20-29  30-39  40-49  50-59  60-69  70-79  80-89  90-99
      1          1      0      0      0      0      0      0      0      0      0
 Program ADDGBSTUB created in library ASHIBATA2 on 26-09-07 at 17:22:57.
 Program ADDGBSTUB created in library ASHIBATA2. Maximum error severity 00.
                               * * * * *   E N D   O F   M E S S A G E   S U M M A R Y   * * * * *
                                 * * * * *   E N D   O F   C O M P I L A T I O N   * * * * *
                                                   -=* http://pub400.com *=-
 5770SS1 V7R5M0  220415                  Control Language         ASHIBATA2/READGBSTUB  PUB400 26-09-07 17:22:57         Page    1
 Program . . . . . . . . . . . . . . . . . . . :   READGBSTUB
   Library . . . . . . . . . . . . . . . . . . :     ASHIBATA2
 Source file . . . . . . . . . . . . . . . . . :   QCLSRC
   Library . . . . . . . . . . . . . . . . . . :     ASHIBATA1
 Source member name  . . . . . . . . . . . . . :   READGBSTUB   26-09-07 17:20:12
 Source printing options . . . . . . . . . . . :   *SOURCE  *XREF  *GEN  *NOSECLVL  *NOSRCDBG  *NOLSTDBG  *NODOSLTLVL
 Program generation options  . . . . . . . . . :   *NOLIST  *NOXREF  *NOPATCH
 User profile  . . . . . . . . . . . . . . . . :   *USER
 Program logging . . . . . . . . . . . . . . . :   *JOB
 Allow RTVCLSRC command  . . . . . . . . . . . :   *YES
 Replace program . . . . . . . . . . . . . . . :   *YES
 Target release  . . . . . . . . . . . . . . . :   V7R5M0
 Authority . . . . . . . . . . . . . . . . . . :   *LIBCRTAUT
 Sort sequence . . . . . . . . . . . . . . . . :   *HEX
 Language identifier . . . . . . . . . . . . . :   *JOBRUN
 Text  . . . . . . . . . . . . . . . . . . . . :
 Compiler  . . . . . . . . . . . . . . . . . . :   IBM Control Language Compiler
                                      Control Language Source
 SEQNBR  *...+... 1 ...+... 2 ...+... 3 ...+... 4 ...+... 5 ...+... 6 ...+... 7 ...+... 8 ...+... 9 ...+.  DATE
    100-
    200-              QSYS/PGM
    300-              QSYS/DCL   VAR(&PROFILE) TYPE(*CHAR) LEN(10)
    400-              QSYS/RTVJOBA CURUSER(&PROFILE)
    500-              QSYS/CALL  PGM(ASHIBATA2/NTRSTIT)
    600-              QSYS/CALL  PGM(ASHIBATA2/READGBCMT) PARM(&PROFILE)
    700-              QSYS/ENDPGM
                               * * * * *   E N D   O F   S O U R C E   * * * * *
                                                   -=* http://pub400.com *=-
 5770SS1 V7R5M0  220415                  Control Language         ASHIBATA2/READGBSTUB  PUB400 26-09-07 17:22:57         Page    2
                                          Cross Reference
 Declared Variables
 Name                        Defined     Type            Length      References
 &PROFILE                       300      *CHAR              10           400    600
* CPD0791 00  No labels used in program.
                     * * * * *   E N D   O F   C R O S S   R E F E R E N C E   * * * * *
                                                   -=* http://pub400.com *=-
 5770SS1 V7R5M0  220415                  Control Language         ASHIBATA2/READGBSTUB  PUB400 26-09-07 17:22:57         Page    3
                                          Message Summary
               Severity
 Total         0-9  10-19  20-29  30-39  40-49  50-59  60-69  70-79  80-89  90-99
      1          1      0      0      0      0      0      0      0      0      0
 Program READGBSTUB created in library ASHIBATA2 on 26-09-07 at 17:22:57.
 Program READGBSTUB created in library ASHIBATA2. Maximum error severity 00.
                               * * * * *   E N D   O F   M E S S A G E   S U M M A R Y   * * * * *
                                 * * * * *   E N D   O F   C O M P I L A T I O N   * * * * *
                                                   -=* http://pub400.com *=-
 5770SS1 V7R5M0  220415                  Control Language         ASHIBATA2/VCFSTUB     PUB400 26-09-07 17:22:57         Page    1
 Program . . . . . . . . . . . . . . . . . . . :   VCFSTUB
   Library . . . . . . . . . . . . . . . . . . :     ASHIBATA2
 Source file . . . . . . . . . . . . . . . . . :   QCLSRC
   Library . . . . . . . . . . . . . . . . . . :     ASHIBATA1
 Source member name  . . . . . . . . . . . . . :   VCFSTUB   26-09-07 17:20:15
 Source printing options . . . . . . . . . . . :   *SOURCE  *XREF  *GEN  *NOSECLVL  *NOSRCDBG  *NOLSTDBG  *NODOSLTLVL
 Program generation options  . . . . . . . . . :   *NOLIST  *NOXREF  *NOPATCH
 User profile  . . . . . . . . . . . . . . . . :   *USER
 Program logging . . . . . . . . . . . . . . . :   *JOB
 Allow RTVCLSRC command  . . . . . . . . . . . :   *YES
 Replace program . . . . . . . . . . . . . . . :   *YES
 Target release  . . . . . . . . . . . . . . . :   V7R5M0
 Authority . . . . . . . . . . . . . . . . . . :   *LIBCRTAUT
 Sort sequence . . . . . . . . . . . . . . . . :   *HEX
 Language identifier . . . . . . . . . . . . . :   *JOBRUN
 Text  . . . . . . . . . . . . . . . . . . . . :
 Compiler  . . . . . . . . . . . . . . . . . . :   IBM Control Language Compiler
                                      Control Language Source
 SEQNBR  *...+... 1 ...+... 2 ...+... 3 ...+... 4 ...+... 5 ...+... 6 ...+... 7 ...+... 8 ...+... 9 ...+.  DATE
    100-
    200-              QSYS/PGM
    300-              QSYS/DCL   VAR(&PROFILE) TYPE(*CHAR) LEN(10)
    400-              QSYS/RTVJOBA CURUSER(&PROFILE)
    500-              QSYS/CALL  PGM(ASHIBATA2/EXHBMENU) PARM(&PROFILE)
    600-              QSYS/ENDPGM
                               * * * * *   E N D   O F   S O U R C E   * * * * *
                                                   -=* http://pub400.com *=-
 5770SS1 V7R5M0  220415                  Control Language         ASHIBATA2/VCFSTUB     PUB400 26-09-07 17:22:57         Page    2
                                          Cross Reference
 Declared Variables
 Name                        Defined     Type            Length      References
 &PROFILE                       300      *CHAR              10           400    500
* CPD0791 00  No labels used in program.
                     * * * * *   E N D   O F   C R O S S   R E F E R E N C E   * * * * *
                                                   -=* http://pub400.com *=-
 5770SS1 V7R5M0  220415                  Control Language         ASHIBATA2/VCFSTUB     PUB400 26-09-07 17:22:57         Page    3
                                          Message Summary
               Severity
 Total         0-9  10-19  20-29  30-39  40-49  50-59  60-69  70-79  80-89  90-99
      1          1      0      0      0      0      0      0      0      0      0
 Program VCFSTUB created in library ASHIBATA2 on 26-09-07 at 17:22:58.
 Program VCFSTUB created in library ASHIBATA2. Maximum error severity 00.
                               * * * * *   E N D   O F   M E S S A G E   S U M M A R Y   * * * * *
                                 * * * * *   E N D   O F   C O M P I L A T I O N   * * * * *
                                                   -=* http://pub400.com *=-
 5770SS1 V7R5M0  220415                  Control Language         ASHIBATA2/LRN400STUB  PUB400 26-09-07 17:22:58         Page    1
 Program . . . . . . . . . . . . . . . . . . . :   LRN400STUB
   Library . . . . . . . . . . . . . . . . . . :     ASHIBATA2
 Source file . . . . . . . . . . . . . . . . . :   QCLSRC
   Library . . . . . . . . . . . . . . . . . . :     ASHIBATA1
 Source member name  . . . . . . . . . . . . . :   LRN400STUB   26-09-07 17:20:10
 Source printing options . . . . . . . . . . . :   *SOURCE  *XREF  *GEN  *NOSECLVL  *NOSRCDBG  *NOLSTDBG  *NODOSLTLVL
 Program generation options  . . . . . . . . . :   *NOLIST  *NOXREF  *NOPATCH
 User profile  . . . . . . . . . . . . . . . . :   *USER
 Program logging . . . . . . . . . . . . . . . :   *JOB
 Allow RTVCLSRC command  . . . . . . . . . . . :   *YES
 Replace program . . . . . . . . . . . . . . . :   *YES
 Target release  . . . . . . . . . . . . . . . :   V7R5M0
 Authority . . . . . . . . . . . . . . . . . . :   *LIBCRTAUT
 Sort sequence . . . . . . . . . . . . . . . . :   *HEX
 Language identifier . . . . . . . . . . . . . :   *JOBRUN
 Text  . . . . . . . . . . . . . . . . . . . . :
 Compiler  . . . . . . . . . . . . . . . . . . :   IBM Control Language Compiler
                                      Control Language Source
 SEQNBR  *...+... 1 ...+... 2 ...+... 3 ...+... 4 ...+... 5 ...+... 6 ...+... 7 ...+... 8 ...+... 9 ...+.  DATE
    100-
    200-              QSYS/PGM
    300-              QSYS/DCL   VAR(&PROFILE) TYPE(*CHAR) LEN(10)
    400-              QSYS/RTVJOBA CURUSER(&PROFILE)
    500-              QSYS/OVRDBF FILE(LRN400STR) TOFILE(ASHIBATA2/&PROFILE)
    600-              QSYS/CALL  PGM(ASHIBATA2/LRN400)
    700-              QSYS/DLTOVR FILE(LRN400STR)
    800-              QSYS/ENDPGM
                               * * * * *   E N D   O F   S O U R C E   * * * * *
                                                   -=* http://pub400.com *=-
 5770SS1 V7R5M0  220415                  Control Language         ASHIBATA2/LRN400STUB  PUB400 26-09-07 17:22:58         Page    2
                                          Cross Reference
 Declared Variables
 Name                        Defined     Type            Length      References
 &PROFILE                       300      *CHAR              10           400    500
* CPD0791 00  No labels used in program.
                     * * * * *   E N D   O F   C R O S S   R E F E R E N C E   * * * * *
                                                   -=* http://pub400.com *=-
 5770SS1 V7R5M0  220415                  Control Language         ASHIBATA2/LRN400STUB  PUB400 26-09-07 17:22:58         Page    3
                                          Message Summary
               Severity
 Total         0-9  10-19  20-29  30-39  40-49  50-59  60-69  70-79  80-89  90-99
      1          1      0      0      0      0      0      0      0      0      0
 Program LRN400STUB created in library ASHIBATA2 on 26-09-07 at 17:22:58.
 Program LRN400STUB created in library ASHIBATA2. Maximum error severity 00.
                               * * * * *   E N D   O F   M E S S A G E   S U M M A R Y   * * * * *
                                 * * * * *   E N D   O F   C O M P I L A T I O N   * * * * *
                                                   -=* http://pub400.com *=-
 5770SS1 V7R5M0  220415                 Command Definition        ASHIBATA2/STREXHB     PUB400 26-09-07 17:22:58         Page      1
 Command name  . . . . . . . . . . . . . . . . :   STREXHB
   Library . . . . . . . . . . . . . . . . . . :     ASHIBATA2
 Command processing program  . . . . . . . . . :   VCFSTUB
   Library . . . . . . . . . . . . . . . . . . :     ASHIBATA2
 Source file . . . . . . . . . . . . . . . . . :   QCMDSRC
   Library . . . . . . . . . . . . . . . . . . :     ASHIBATA1
 Source file member  . . . . . . . . . . . . . :   STREXHB      26-09-07  17:20:24
 Source printing options . . . . . . . . . . . :   *NOEVENTF
 Validity checker program  . . . . . . . . . . :   *NONE
 Mode in which valid . . . . . . . . . . . . . :   *PROD
                                                   *DEBUG
                                                   *SERVICE
 Environment allowed . . . . . . . . . . . . . :   *IREXX
                                                   *BREXX
                                                   *BPGM
                                                   *IPGM
                                                   *EXEC
                                                   *INTERACT
                                                   *BATCH
                                                   *BMOD
                                                   *IMOD
 Allow limited user  . . . . . . . . . . . . . :   *NO
 Max positional parameters . . . . . . . . . . :   *NOMAX
 Prompt file . . . . . . . . . . . . . . . . . :   *NONE
 Message file  . . . . . . . . . . . . . . . . :   QCPFMSG
   Library . . . . . . . . . . . . . . . . . . :     *LIBL
 Authority . . . . . . . . . . . . . . . . . . :   *LIBCRTAUT
 Replace command . . . . . . . . . . . . . . . :   *YES
 Enable graphical user interface . . . . . . . :   *NO
 Threadsafe  . . . . . . . . . . . . . . . . . :   *NO
 Multithreaded job action  . . . . . . . . . . :   *SYSVAL
 Text  . . . . . . . . . . . . . . . . . . . . :   *NONE
 Help panel group  . . . . . . . . . . . . . . :   *NONE
 Help identifier . . . . . . . . . . . . . . . :   *NONE
 Help search index . . . . . . . . . . . . . . :   *NONE
 Current library . . . . . . . . . . . . . . . :   *NOCHG
 Product library . . . . . . . . . . . . . . . :   *NOCHG
 Prompt override program . . . . . . . . . . . :   *NONE
 Compiler  . . . . . . . . . . . . . . . . . . :   IBM i Command Definition Compiler
                                     Command Definition Source
 SEQNBR  *...+... 1 ...+... 2 ...+... 3 ...+... 4 ...+... 5 ...+... 6 ...+... 7 ...+... 8 ...+... 9 ...+.  DATE
    100-               QSYS/CMD   PROMPT('Start the Exhibitor Menu')
    200-               QSYS/PARM  KWD(EXHBNAME)   TYPE(*NAME) LEN(9) MIN(1) PROMPT('NAME')
                                         * * * * *   E N D   O F   S  O U R C E   * * * * *
                                                   -=* http://pub400.com *=-
 5770SS1 V7R5M0  220415                 Command Definition        ASHIBATA2/STREXHB     PUB400 26-09-07 17:22:58         Page      2
                                          Cross Reference
 Defined Keywords
 Keyword              Number          Defined      References
 EXHBNAME               001               200
                               * * * * *   E N D   O F   C R O S S   R E F E R E N C E   * * * * *
                                                   -=* http://pub400.com *=-
 5770SS1 V7R5M0  220415                 Command Definition        ASHIBATA2/STREXHB     PUB400 26-09-07 17:22:58         Page      3
                                          Final Messages
 Message               Sequence
 ID                     Number          Sev        Text
                                          Message Summary
 Total         Info        Error
     0             0           0
* CPC0202                                00        Command STREXHB created in library ASHIBATA2.
                                   * * * * *   E N D   O F   C O M P I L A T I O N   * * * * *
                                                   -=* http://pub400.com *=-
 5770SS1 V7R5M0  220415                 Command Definition        ASHIBATA2/STREXHBEDT  PUB400 26-09-07 17:22:58         Page      1
 Command name  . . . . . . . . . . . . . . . . :   STREXHBEDT
   Library . . . . . . . . . . . . . . . . . . :     ASHIBATA2
 Command processing program  . . . . . . . . . :   ADMCRTEXHB
   Library . . . . . . . . . . . . . . . . . . :     ASHIBATA2
 Source file . . . . . . . . . . . . . . . . . :   QCMDSRC
   Library . . . . . . . . . . . . . . . . . . :     ASHIBATA1
 Source file member  . . . . . . . . . . . . . :   STREXHBEDT   26-09-07  17:20:26
 Source printing options . . . . . . . . . . . :   *NOEVENTF
 Validity checker program  . . . . . . . . . . :   *NONE
 Mode in which valid . . . . . . . . . . . . . :   *PROD
                                                   *DEBUG
                                                   *SERVICE
 Environment allowed . . . . . . . . . . . . . :   *IREXX
                                                   *BREXX
                                                   *BPGM
                                                   *IPGM
                                                   *EXEC
                                                   *INTERACT
                                                   *BATCH
                                                   *BMOD
                                                   *IMOD
 Allow limited user  . . . . . . . . . . . . . :   *NO
 Max positional parameters . . . . . . . . . . :   *NOMAX
 Prompt file . . . . . . . . . . . . . . . . . :   *NONE
 Message file  . . . . . . . . . . . . . . . . :   QCPFMSG
   Library . . . . . . . . . . . . . . . . . . :     *LIBL
 Authority . . . . . . . . . . . . . . . . . . :   *LIBCRTAUT
 Replace command . . . . . . . . . . . . . . . :   *YES
 Enable graphical user interface . . . . . . . :   *NO
 Threadsafe  . . . . . . . . . . . . . . . . . :   *NO
 Multithreaded job action  . . . . . . . . . . :   *SYSVAL
 Text  . . . . . . . . . . . . . . . . . . . . :   *NONE
 Help panel group  . . . . . . . . . . . . . . :   *NONE
 Help identifier . . . . . . . . . . . . . . . :   *NONE
 Help search index . . . . . . . . . . . . . . :   *NONE
 Current library . . . . . . . . . . . . . . . :   *NOCHG
 Product library . . . . . . . . . . . . . . . :   *NOCHG
 Prompt override program . . . . . . . . . . . :   *NONE
 Compiler  . . . . . . . . . . . . . . . . . . :   IBM i Command Definition Compiler
                                     Command Definition Source
 SEQNBR  *...+... 1 ...+... 2 ...+... 3 ...+... 4 ...+... 5 ...+... 6 ...+... 7 ...+... 8 ...+... 9 ...+.  DATE
    100-               QSYS/CMD   PROMPT('START THE EXHIBIT EDITOR')
    200-               QSYS/PARM  KWD(PASSWORD) TYPE(*CHAR) LEN(9)           +
    300                             MIN(1) PROMPT('ANY TEXT    ') /* 'Do not +
    400                             change - not implemented' */
    500-               QSYS/PARM  KWD(EXHBNAME) TYPE(*NAME) LEN(9) MIN(1) +
    600                PROMPT('EXHIBIT NAME')
                                         * * * * *   E N D   O F   S  O U R C E   * * * * *
                                                   -=* http://pub400.com *=-
 5770SS1 V7R5M0  220415                 Command Definition        ASHIBATA2/STREXHBEDT  PUB400 26-09-07 17:22:58         Page      2
                                          Cross Reference
 Defined Keywords
 Keyword              Number          Defined      References
 EXHBNAME               002               500
 PASSWORD               001               200
                               * * * * *   E N D   O F   C R O S S   R E F E R E N C E   * * * * *
                                                   -=* http://pub400.com *=-
 5770SS1 V7R5M0  220415                 Command Definition        ASHIBATA2/STREXHBEDT  PUB400 26-09-07 17:22:58         Page      3
                                          Final Messages
 Message               Sequence
 ID                     Number          Sev        Text
                                          Message Summary
 Total         Info        Error
     0             0           0
* CPC0202                                00        Command STREXHBEDT created in library ASHIBATA2.
                                   * * * * *   E N D   O F   C O M P I L A T I O N   * * * * *
                                                   -=* http://pub400.com *=-
 5770SS1 V7R5M0  220415                 Command Definition        ASHIBATA2/STRVOTERPT  PUB400 26-09-07 17:22:58         Page      1
 Command name  . . . . . . . . . . . . . . . . :   STRVOTERPT
   Library . . . . . . . . . . . . . . . . . . :     ASHIBATA2
 Command processing program  . . . . . . . . . :   ADMVOTERPT
   Library . . . . . . . . . . . . . . . . . . :     ASHIBATA2
 Source file . . . . . . . . . . . . . . . . . :   QCMDSRC
   Library . . . . . . . . . . . . . . . . . . :     ASHIBATA1
 Source file member  . . . . . . . . . . . . . :   STRVOTERPT   26-09-07  17:20:29
 Source printing options . . . . . . . . . . . :   *NOEVENTF
 Validity checker program  . . . . . . . . . . :   *NONE
 Mode in which valid . . . . . . . . . . . . . :   *PROD
                                                   *DEBUG
                                                   *SERVICE
 Environment allowed . . . . . . . . . . . . . :   *IREXX
                                                   *BREXX
                                                   *BPGM
                                                   *IPGM
                                                   *EXEC
                                                   *INTERACT
                                                   *BATCH
                                                   *BMOD
                                                   *IMOD
 Allow limited user  . . . . . . . . . . . . . :   *NO
 Max positional parameters . . . . . . . . . . :   *NOMAX
 Prompt file . . . . . . . . . . . . . . . . . :   *NONE
 Message file  . . . . . . . . . . . . . . . . :   QCPFMSG
   Library . . . . . . . . . . . . . . . . . . :     *LIBL
 Authority . . . . . . . . . . . . . . . . . . :   *LIBCRTAUT
 Replace command . . . . . . . . . . . . . . . :   *YES
 Enable graphical user interface . . . . . . . :   *NO
 Threadsafe  . . . . . . . . . . . . . . . . . :   *NO
 Multithreaded job action  . . . . . . . . . . :   *SYSVAL
 Text  . . . . . . . . . . . . . . . . . . . . :   *NONE
 Help panel group  . . . . . . . . . . . . . . :   *NONE
 Help identifier . . . . . . . . . . . . . . . :   *NONE
 Help search index . . . . . . . . . . . . . . :   *NONE
 Current library . . . . . . . . . . . . . . . :   *NOCHG
 Product library . . . . . . . . . . . . . . . :   *NOCHG
 Prompt override program . . . . . . . . . . . :   *NONE
 Compiler  . . . . . . . . . . . . . . . . . . :   IBM i Command Definition Compiler
                                     Command Definition Source
 SEQNBR  *...+... 1 ...+... 2 ...+... 3 ...+... 4 ...+... 5 ...+... 6 ...+... 7 ...+... 8 ...+... 9 ...+.  DATE
    100-               QSYS/CMD   PROMPT('VIEW EXHIBIT VOTES')
    200-               QSYS/PARM  KWD(EXHBNAME)   TYPE(*NAME) LEN(9) MIN(1) +
    300                PROMPT('EXHIBIT NAME')
                                         * * * * *   E N D   O F   S  O U R C E   * * * * *
                                                   -=* http://pub400.com *=-
 5770SS1 V7R5M0  220415                 Command Definition        ASHIBATA2/STRVOTERPT  PUB400 26-09-07 17:22:58         Page      2
                                          Cross Reference
 Defined Keywords
 Keyword              Number          Defined      References
 EXHBNAME               001               200
                               * * * * *   E N D   O F   C R O S S   R E F E R E N C E   * * * * *
                                                   -=* http://pub400.com *=-
 5770SS1 V7R5M0  220415                 Command Definition        ASHIBATA2/STRVOTERPT  PUB400 26-09-07 17:22:58         Page      3
                                          Final Messages
 Message               Sequence
 ID                     Number          Sev        Text
                                          Message Summary
 Total         Info        Error
     0             0           0
* CPC0202                                00        Command STRVOTERPT created in library ASHIBATA2.
                                   * * * * *   E N D   O F   C O M P I L A T I O N   * * * * *
                                                   -=* http://pub400.com *=-
 5770SS1 V7R5M0  220415                 Command Definition        ASHIBATA2/STRCMTEDT   PUB400 26-09-07 17:22:58         Page      1
 Command name  . . . . . . . . . . . . . . . . :   STRCMTEDT
   Library . . . . . . . . . . . . . . . . . . :     ASHIBATA2
 Command processing program  . . . . . . . . . :   ADMHIDECMT
   Library . . . . . . . . . . . . . . . . . . :     ASHIBATA2
 Source file . . . . . . . . . . . . . . . . . :   QCMDSRC
   Library . . . . . . . . . . . . . . . . . . :     ASHIBATA1
 Source file member  . . . . . . . . . . . . . :   STRCMTEDT    26-09-07  17:20:21
 Source printing options . . . . . . . . . . . :   *NOEVENTF
 Validity checker program  . . . . . . . . . . :   *NONE
 Mode in which valid . . . . . . . . . . . . . :   *PROD
                                                   *DEBUG
                                                   *SERVICE
 Environment allowed . . . . . . . . . . . . . :   *IREXX
                                                   *BREXX
                                                   *BPGM
                                                   *IPGM
                                                   *EXEC
                                                   *INTERACT
                                                   *BATCH
                                                   *BMOD
                                                   *IMOD
 Allow limited user  . . . . . . . . . . . . . :   *NO
 Max positional parameters . . . . . . . . . . :   *NOMAX
 Prompt file . . . . . . . . . . . . . . . . . :   *NONE
 Message file  . . . . . . . . . . . . . . . . :   QCPFMSG
   Library . . . . . . . . . . . . . . . . . . :     *LIBL
 Authority . . . . . . . . . . . . . . . . . . :   *LIBCRTAUT
 Replace command . . . . . . . . . . . . . . . :   *YES
 Enable graphical user interface . . . . . . . :   *NO
 Threadsafe  . . . . . . . . . . . . . . . . . :   *NO
 Multithreaded job action  . . . . . . . . . . :   *SYSVAL
 Text  . . . . . . . . . . . . . . . . . . . . :   *NONE
 Help panel group  . . . . . . . . . . . . . . :   *NONE
 Help identifier . . . . . . . . . . . . . . . :   *NONE
 Help search index . . . . . . . . . . . . . . :   *NONE
 Current library . . . . . . . . . . . . . . . :   *NOCHG
 Product library . . . . . . . . . . . . . . . :   *NOCHG
 Prompt override program . . . . . . . . . . . :   *NONE
 Compiler  . . . . . . . . . . . . . . . . . . :   IBM i Command Definition Compiler
                                     Command Definition Source
 SEQNBR  *...+... 1 ...+... 2 ...+... 3 ...+... 4 ...+... 5 ...+... 6 ...+... 7 ...+... 8 ...+... 9 ...+.  DATE
    100-               QSYS/CMD   PROMPT('START THE COMMENT EDITOR')
    200-               QSYS/PARM  KWD(CMTID) TYPE(*CHAR) LEN(4) MIN(1) +
    300                             PROMPT('COMMENT ID 0001-9999')
                                         * * * * *   E N D   O F   S  O U R C E   * * * * *
                                                   -=* http://pub400.com *=-
 5770SS1 V7R5M0  220415                 Command Definition        ASHIBATA2/STRCMTEDT   PUB400 26-09-07 17:22:58         Page      2
                                          Cross Reference
 Defined Keywords
 Keyword              Number          Defined      References
 CMTID                  001               200
                               * * * * *   E N D   O F   C R O S S   R E F E R E N C E   * * * * *
                                                   -=* http://pub400.com *=-
 5770SS1 V7R5M0  220415                 Command Definition        ASHIBATA2/STRCMTEDT   PUB400 26-09-07 17:22:58         Page      3
                                          Final Messages
 Message               Sequence
 ID                     Number          Sev        Text
                                          Message Summary
 Total         Info        Error
     0             0           0
* CPC0202                                00        Command STRCMTEDT created in library ASHIBATA2.
                                   * * * * *   E N D   O F   C O M P I L A T I O N   * * * * *
                                                   -=* http://pub400.com *=-
 5770SS1 V7R5M0 220415                        Display Job Log                      PUB400    26-09-07  17:22:58 CEST     Page    1
  Job name . . . . . . . . . . :   QP0ZSPWT        User  . . . . . . :   QUSER        Number . . . . . . . . . . . :   556149
  Job description  . . . . . . :   QDFTSVR         Library . . . . . :   QGPL
MSGID      TYPE                    SEV  DATE      TIME             FROM PGM     LIBRARY     INST     TO PGM      LIBRARY     INST
CPF1124    Information             00   26-09-07  17:22:53,311613  QWTPIIPP     QSYS        04DC     *EXT                    *N
                                     Message . . . . :   Job 556149/QUSER/QP0ZSPWT started on 26-09-07 at 17:22:53
                                       in subsystem QUSRWRK in QSYS. Job entered system on 26-09-07 at 17:22:53.
CPC2198    Completion              00   26-09-07  17:22:53,356126  QLICHLIB     QSYS        00BA     BUILDVCF    ASHIBATA1   *STMT
                                     From user . . . . . . . . . :   ASHIBATA
                                     To module . . . . . . . . . :   BUILDVCF
                                     To procedure  . . . . . . . :   BUILDVCF
                                     Statement . . . . . . . . . :   200
                                     Message . . . . :   Current library changed to ASHIBATA2.
                                     Cause . . . . . :   The current library in the library list was changed to
                                       ASHIBATA2.
CPC2101    Completion              00   26-09-07  17:22:53,356133  QLICHLIB     QSYS        00D1     BUILDVCF    ASHIBATA1   *STMT
                                     From user . . . . . . . . . :   ASHIBATA
                                     To module . . . . . . . . . :   BUILDVCF
                                     To procedure  . . . . . . . :   BUILDVCF
                                     Statement . . . . . . . . . :   200
                                     Message . . . . :   Library list changed.
                                     Cause . . . . . :   The user library list was replaced by the specified list
                                       of libraries.
CPC2191    Completion              00   26-09-07  17:22:53,373228  QLIDLOBJ     QSYS        0772     BUILDVCF    ASHIBATA1   *STMT
                                     From user . . . . . . . . . :   ASHIBATA
                                     To module . . . . . . . . . :   BUILDVCF
                                     To procedure  . . . . . . . :   BUILDVCF
                                     Statement . . . . . . . . . :   5100
                                     Message . . . . :   Object ADMSCR in ASHIBATA2 type *FILE deleted.
CPC7301    Completion              00   26-09-07  17:22:53,394919  QDDCDPF      QSYS        0531     BUILDVCF    ASHIBATA1   *STMT
                                     From user . . . . . . . . . :   ASHIBATA
                                     To module . . . . . . . . . :   BUILDVCF
                                     To procedure  . . . . . . . :   BUILDVCF
                                     Statement . . . . . . . . . :   5300
                                     Message . . . . :   File ADMSCR created in library ASHIBATA2.
CPC2191    Completion              00   26-09-07  17:22:53,407969  QLIDLOBJ     QSYS        0772     BUILDVCF    ASHIBATA1   *STMT
                                     From user . . . . . . . . . :   ASHIBATA
                                     To module . . . . . . . . . :   BUILDVCF
                                     To procedure  . . . . . . . :   BUILDVCF
                                     Statement . . . . . . . . . :   5500
                                     Message . . . . :   Object ADMVOTERES in ASHIBATA2 type *FILE deleted.
CPC7301    Completion              00   26-09-07  17:22:53,427712  QDDCDPF      QSYS        0531     BUILDVCF    ASHIBATA1   *STMT
                                     From user . . . . . . . . . :   ASHIBATA
                                     To module . . . . . . . . . :   BUILDVCF
                                     To procedure  . . . . . . . :   BUILDVCF
                                     Statement . . . . . . . . . :   5700
                                     Message . . . . :   File ADMVOTERES created in library ASHIBATA2.
CPC2191    Completion              00   26-09-07  17:22:53,440556  QLIDLOBJ     QSYS        0772     BUILDVCF    ASHIBATA1   *STMT
                                     From user . . . . . . . . . :   ASHIBATA
                                     To module . . . . . . . . . :   BUILDVCF
                                     To procedure  . . . . . . . :   BUILDVCF
                                     Statement . . . . . . . . . :   6000
                                     Message . . . . :   Object BMOVSCR in ASHIBATA2 type *FILE deleted.
CPC7301    Completion              00   26-09-07  17:22:53,459507  QDDCDPF      QSYS        0531     BUILDVCF    ASHIBATA1   *STMT
                                     From user . . . . . . . . . :   ASHIBATA
                                     To module . . . . . . . . . :   BUILDVCF
                                                   -=* http://pub400.com *=-
 5770SS1 V7R5M0 220415                        Display Job Log                      PUB400    26-09-07  17:22:58 CEST     Page    2
  Job name . . . . . . . . . . :   QP0ZSPWT        User  . . . . . . :   QUSER        Number . . . . . . . . . . . :   556149
  Job description  . . . . . . :   QDFTSVR         Library . . . . . :   QGPL
MSGID      TYPE                    SEV  DATE      TIME             FROM PGM     LIBRARY     INST     TO PGM      LIBRARY     INST
                                     To procedure  . . . . . . . :   BUILDVCF
                                     Statement . . . . . . . . . :   6200
                                     Message . . . . :   File BMOVSCR created in library ASHIBATA2.
CPC2191    Completion              00   26-09-07  17:22:53,472398  QLIDLOBJ     QSYS        0772     BUILDVCF    ASHIBATA1   *STMT
                                     From user . . . . . . . . . :   ASHIBATA
                                     To module . . . . . . . . . :   BUILDVCF
                                     To procedure  . . . . . . . :   BUILDVCF
                                     Statement . . . . . . . . . :   6400
                                     Message . . . . :   Object CREDITSSCR in ASHIBATA2 type *FILE deleted.
CPC7301    Completion              00   26-09-07  17:22:53,489556  QDDCDPF      QSYS        0531     BUILDVCF    ASHIBATA1   *STMT
                                     From user . . . . . . . . . :   ASHIBATA
                                     To module . . . . . . . . . :   BUILDVCF
                                     To procedure  . . . . . . . :   BUILDVCF
                                     Statement . . . . . . . . . :   6600
                                     Message . . . . :   File CREDITSSCR created in library ASHIBATA2.
CPC2191    Completion              00   26-09-07  17:22:53,503036  QLIDLOBJ     QSYS        0772     BUILDVCF    ASHIBATA1   *STMT
                                     From user . . . . . . . . . :   ASHIBATA
                                     To module . . . . . . . . . :   BUILDVCF
                                     To procedure  . . . . . . . :   BUILDVCF
                                     Statement . . . . . . . . . :   6900
                                     Message . . . . :   Object EXHBMENUSC in ASHIBATA2 type *FILE deleted.
CPC7301    Completion              00   26-09-07  17:22:53,531077  QDDCDPF      QSYS        0531     BUILDVCF    ASHIBATA1   *STMT
                                     From user . . . . . . . . . :   ASHIBATA
                                     To module . . . . . . . . . :   BUILDVCF
                                     To procedure  . . . . . . . :   BUILDVCF
                                     Statement . . . . . . . . . :   7100
                                     Message . . . . :   File EXHBMENUSC created in library ASHIBATA2.
CPC2191    Completion              00   26-09-07  17:22:53,545258  QLIDLOBJ     QSYS        0772     BUILDVCF    ASHIBATA1   *STMT
                                     From user . . . . . . . . . :   ASHIBATA
                                     To module . . . . . . . . . :   BUILDVCF
                                     To procedure  . . . . . . . :   BUILDVCF
                                     Statement . . . . . . . . . :   7400
                                     Message . . . . :   Object GUESTBKSCR in ASHIBATA2 type *FILE deleted.
CPC7301    Completion              00   26-09-07  17:22:53,579861  QDDCDPF      QSYS        0531     BUILDVCF    ASHIBATA1   *STMT
                                     From user . . . . . . . . . :   ASHIBATA
                                     To module . . . . . . . . . :   BUILDVCF
                                     To procedure  . . . . . . . :   BUILDVCF
                                     Statement . . . . . . . . . :   7600
                                     Message . . . . :   File GUESTBKSCR created in library ASHIBATA2.
CPC2191    Completion              00   26-09-07  17:22:53,593689  QLIDLOBJ     QSYS        0772     BUILDVCF    ASHIBATA1   *STMT
                                     From user . . . . . . . . . :   ASHIBATA
                                     To module . . . . . . . . . :   BUILDVCF
                                     To procedure  . . . . . . . :   BUILDVCF
                                     Statement . . . . . . . . . :   7900
                                     Message . . . . :   Object INTERSCR in ASHIBATA2 type *FILE deleted.
CPC7301    Completion              00   26-09-07  17:22:53,613514  QDDCDPF      QSYS        0531     BUILDVCF    ASHIBATA1   *STMT
                                     From user . . . . . . . . . :   ASHIBATA
                                     To module . . . . . . . . . :   BUILDVCF
                                     To procedure  . . . . . . . :   BUILDVCF
                                     Statement . . . . . . . . . :   8100
                                     Message . . . . :   File INTERSCR created in library ASHIBATA2.
CPC2191    Completion              00   26-09-07  17:22:53,626809  QLIDLOBJ     QSYS        0772     BUILDVCF    ASHIBATA1   *STMT
                                                   -=* http://pub400.com *=-
 5770SS1 V7R5M0 220415                        Display Job Log                      PUB400    26-09-07  17:22:58 CEST     Page    3
  Job name . . . . . . . . . . :   QP0ZSPWT        User  . . . . . . :   QUSER        Number . . . . . . . . . . . :   556149
  Job description  . . . . . . :   QDFTSVR         Library . . . . . :   QGPL
MSGID      TYPE                    SEV  DATE      TIME             FROM PGM     LIBRARY     INST     TO PGM      LIBRARY     INST
                                     From user . . . . . . . . . :   ASHIBATA
                                     To module . . . . . . . . . :   BUILDVCF
                                     To procedure  . . . . . . . :   BUILDVCF
                                     Statement . . . . . . . . . :   8300
                                     Message . . . . :   Object LRN400SCR in ASHIBATA2 type *FILE deleted.
CPC7301    Completion              00   26-09-07  17:22:53,646861  QDDCDPF      QSYS        0531     BUILDVCF    ASHIBATA1   *STMT
                                     From user . . . . . . . . . :   ASHIBATA
                                     To module . . . . . . . . . :   BUILDVCF
                                     To procedure  . . . . . . . :   BUILDVCF
                                     Statement . . . . . . . . . :   8500
                                     Message . . . . :   File LRN400SCR created in library ASHIBATA2.
CPC2191    Completion              00   26-09-07  17:22:53,662711  QLIDLOBJ     QSYS        0772     BUILDVCF    ASHIBATA1   *STMT
                                     From user . . . . . . . . . :   ASHIBATA
                                     To module . . . . . . . . . :   BUILDVCF
                                     To procedure  . . . . . . . :   BUILDVCF
                                     Statement . . . . . . . . . :   8800
                                     Message . . . . :   Object LRNAUTO in ASHIBATA2 type *FILE deleted.
CPC7301    Completion              00   26-09-07  17:22:53,687322  QDDCDPF      QSYS        0531     BUILDVCF    ASHIBATA1   *STMT
                                     From user . . . . . . . . . :   ASHIBATA
                                     To module . . . . . . . . . :   BUILDVCF
                                     To procedure  . . . . . . . :   BUILDVCF
                                     Statement . . . . . . . . . :   9000
                                     Message . . . . :   File LRNAUTO created in library ASHIBATA2.
CPC2191    Completion              00   26-09-07  17:22:53,700228  QLIDLOBJ     QSYS        0772     BUILDVCF    ASHIBATA1   *STMT
                                     From user . . . . . . . . . :   ASHIBATA
                                     To module . . . . . . . . . :   BUILDVCF
                                     To procedure  . . . . . . . :   BUILDVCF
                                     Statement . . . . . . . . . :   9300
                                     Message . . . . :   Object PASSSCR in ASHIBATA2 type *FILE deleted.
CPC7301    Completion              00   26-09-07  17:22:53,715182  QDDCDPF      QSYS        0531     BUILDVCF    ASHIBATA1   *STMT
                                     From user . . . . . . . . . :   ASHIBATA
                                     To module . . . . . . . . . :   BUILDVCF
                                     To procedure  . . . . . . . :   BUILDVCF
                                     Statement . . . . . . . . . :   9500
                                     Message . . . . :   File PASSSCR created in library ASHIBATA2.
CPC2191    Completion              00   26-09-07  17:22:53,730649  QLIDLOBJ     QSYS        0772     BUILDVCF    ASHIBATA1   *STMT
                                     From user . . . . . . . . . :   ASHIBATA
                                     To module . . . . . . . . . :   BUILDVCF
                                     To procedure  . . . . . . . :   BUILDVCF
                                     Statement . . . . . . . . . :   9700
                                     Message . . . . :   Object SETUPSCR in ASHIBATA2 type *FILE deleted.
CPC7301    Completion              00   26-09-07  17:22:53,747953  QDDCDPF      QSYS        0531     BUILDVCF    ASHIBATA1   *STMT
                                     From user . . . . . . . . . :   ASHIBATA
                                     To module . . . . . . . . . :   BUILDVCF
                                     To procedure  . . . . . . . :   BUILDVCF
                                     Statement . . . . . . . . . :   9900
                                     Message . . . . :   File SETUPSCR created in library ASHIBATA2.
CPC2191    Completion              00   26-09-07  17:22:53,767258  QLIDLOBJ     QSYS        0772     BUILDVCF    ASHIBATA1   *STMT
                                     From user . . . . . . . . . :   ASHIBATA
                                     To module . . . . . . . . . :   BUILDVCF
                                     To procedure  . . . . . . . :   BUILDVCF
                                     Statement . . . . . . . . . :   10100
                                                   -=* http://pub400.com *=-
 5770SS1 V7R5M0 220415                        Display Job Log                      PUB400    26-09-07  17:22:58 CEST     Page    4
  Job name . . . . . . . . . . :   QP0ZSPWT        User  . . . . . . :   QUSER        Number . . . . . . . . . . . :   556149
  Job description  . . . . . . :   QDFTSVR         Library . . . . . :   QGPL
MSGID      TYPE                    SEV  DATE      TIME             FROM PGM     LIBRARY     INST     TO PGM      LIBRARY     INST
                                     Message . . . . :   Object TESTSUITE in ASHIBATA2 type *FILE deleted.
CPC7301    Completion              00   26-09-07  17:22:53,786963  QDDCDPF      QSYS        0531     BUILDVCF    ASHIBATA1   *STMT
                                     From user . . . . . . . . . :   ASHIBATA
                                     To module . . . . . . . . . :   BUILDVCF
                                     To procedure  . . . . . . . :   BUILDVCF
                                     Statement . . . . . . . . . :   10300
                                     Message . . . . :   File TESTSUITE created in library ASHIBATA2.
CPC2191    Completion              00   26-09-07  17:22:53,814370  QLIDLOBJ     QSYS        0772     BUILDVCF    ASHIBATA1   *STMT
                                     From user . . . . . . . . . :   ASHIBATA
                                     To module . . . . . . . . . :   BUILDVCF
                                     To procedure  . . . . . . . :   BUILDVCF
                                     Statement . . . . . . . . . :   10600
                                     Message . . . . :   Object VOTESCR in ASHIBATA2 type *FILE deleted.
CPC7301    Completion              00   26-09-07  17:22:53,851270  QDDCDPF      QSYS        0531     BUILDVCF    ASHIBATA1   *STMT
                                     From user . . . . . . . . . :   ASHIBATA
                                     To module . . . . . . . . . :   BUILDVCF
                                     To procedure  . . . . . . . :   BUILDVCF
                                     Statement . . . . . . . . . :   10800
                                     Message . . . . :   File VOTESCR created in library ASHIBATA2.
CPC2191    Completion              00   26-09-07  17:22:53,864166  QLIDLOBJ     QSYS        0772     BUILDVCF    ASHIBATA1   *STMT
                                     From user . . . . . . . . . :   ASHIBATA
                                     To module . . . . . . . . . :   BUILDVCF
                                     To procedure  . . . . . . . :   BUILDVCF
                                     Statement . . . . . . . . . :   11000
                                     Message . . . . :   Object CMTPRTF in ASHIBATA2 type *FILE deleted.
CPC7301    Completion              00   26-09-07  17:22:53,888320  QDDCDPF      QSYS        0531     BUILDVCF    ASHIBATA1   *STMT
                                     From user . . . . . . . . . :   ASHIBATA
                                     To module . . . . . . . . . :   BUILDVCF
                                     To procedure  . . . . . . . :   BUILDVCF
                                     Statement . . . . . . . . . :   11200
                                     Message . . . . :   File CMTPRTF created in library ASHIBATA2.
CPC2191    Completion              00   26-09-07  17:22:53,900923  QLIDLOBJ     QSYS        0772     BUILDVCF    ASHIBATA1   *STMT
                                     From user . . . . . . . . . :   ASHIBATA
                                     To module . . . . . . . . . :   BUILDVCF
                                     To procedure  . . . . . . . :   BUILDVCF
                                     Statement . . . . . . . . . :   11400
                                     Message . . . . :   Object CMTTST in ASHIBATA2 type *FILE deleted.
CPC7301    Completion              00   26-09-07  17:22:53,924846  QDDCDPF      QSYS        0531     BUILDVCF    ASHIBATA1   *STMT
                                     From user . . . . . . . . . :   ASHIBATA
                                     To module . . . . . . . . . :   BUILDVCF
                                     To procedure  . . . . . . . :   BUILDVCF
                                     Statement . . . . . . . . . :   11600
                                     Message . . . . :   File CMTTST created in library ASHIBATA2.
CPC2191    Completion              00   26-09-07  17:22:53,937826  QLIDLOBJ     QSYS        0772     BUILDVCF    ASHIBATA1   *STMT
                                     From user . . . . . . . . . :   ASHIBATA
                                     To module . . . . . . . . . :   BUILDVCF
                                     To procedure  . . . . . . . :   BUILDVCF
                                     Statement . . . . . . . . . :   11800
                                     Message . . . . :   Object TESTPRT2 in ASHIBATA2 type *FILE deleted.
CPC7301    Completion              00   26-09-07  17:22:53,954756  QDDCDPF      QSYS        0531     BUILDVCF    ASHIBATA1   *STMT
                                     From user . . . . . . . . . :   ASHIBATA
                                     To module . . . . . . . . . :   BUILDVCF
                                                   -=* http://pub400.com *=-
 5770SS1 V7R5M0 220415                        Display Job Log                      PUB400    26-09-07  17:22:58 CEST     Page    5
  Job name . . . . . . . . . . :   QP0ZSPWT        User  . . . . . . :   QUSER        Number . . . . . . . . . . . :   556149
  Job description  . . . . . . :   QDFTSVR         Library . . . . . :   QGPL
MSGID      TYPE                    SEV  DATE      TIME             FROM PGM     LIBRARY     INST     TO PGM      LIBRARY     INST
                                     To procedure  . . . . . . . :   BUILDVCF
                                     Statement . . . . . . . . . :   12000
                                     Message . . . . :   File TESTPRT2 created in library ASHIBATA2.
CPC2191    Completion              00   26-09-07  17:22:53,968253  QLIDLOBJ     QSYS        0772     BUILDVCF    ASHIBATA1   *STMT
                                     From user . . . . . . . . . :   ASHIBATA
                                     To module . . . . . . . . . :   BUILDVCF
                                     To procedure  . . . . . . . :   BUILDVCF
                                     Statement . . . . . . . . . :   12200
                                     Message . . . . :   Object VOTEPRTF in ASHIBATA2 type *FILE deleted.
CPC7301    Completion              00   26-09-07  17:22:53,984692  QDDCDPF      QSYS        0531     BUILDVCF    ASHIBATA1   *STMT
                                     From user . . . . . . . . . :   ASHIBATA
                                     To module . . . . . . . . . :   BUILDVCF
                                     To procedure  . . . . . . . :   BUILDVCF
                                     Statement . . . . . . . . . :   12400
                                     Message . . . . :   File VOTEPRTF created in library ASHIBATA2.
CPC2191    Completion              00   26-09-07  17:22:53,990060  QLIDLOBJ     QSYS        0772     BUILDVCF    ASHIBATA1   *STMT
                                     From user . . . . . . . . . :   ASHIBATA
                                     To module . . . . . . . . . :   BUILDVCF
                                     To procedure  . . . . . . . :   BUILDVCF
                                     Statement . . . . . . . . . :   12600
                                     Message . . . . :   Object VCFMAIN in ASHIBATA2 type *MENU deleted.
CPC2191    Completion              00   26-09-07  17:22:54,008393  QLIDLOBJ     QSYS        0772     BUILDVCF    ASHIBATA1   *STMT
                                     From user . . . . . . . . . :   ASHIBATA
                                     To module . . . . . . . . . :   BUILDVCF
                                     To procedure  . . . . . . . :   BUILDVCF
                                     Statement . . . . . . . . . :   12800
                                     Message . . . . :   Object VCFMAIN in ASHIBATA2 type *FILE deleted.
CPC2191    Completion              00   26-09-07  17:22:54,013986  QLIDLOBJ     QSYS        0772     BUILDVCF    ASHIBATA1   *STMT
                                     From user . . . . . . . . . :   ASHIBATA
                                     To module . . . . . . . . . :   BUILDVCF
                                     To procedure  . . . . . . . :   BUILDVCF
                                     Statement . . . . . . . . . :   13000
                                     Message . . . . :   Object VCFMAINQQ in ASHIBATA2 type *MSGF deleted.
CPC7301    Completion              00   26-09-07  17:22:54,107723  QDDCDPF      QSYS        0531     BUILDVCF    ASHIBATA1   *STMT
                                     From user . . . . . . . . . :   ASHIBATA
                                     To module . . . . . . . . . :   BUILDVCF
                                     To procedure  . . . . . . . :   BUILDVCF
                                     Statement . . . . . . . . . :   13200
                                     Message . . . . :   File VCFMAIN created in library ASHIBATA2.
CPC9801    Completion              00   26-09-07  17:22:54,117755  QMHCRMSF     QSYS        0143     BUILDVCF    ASHIBATA1   *STMT
                                     From user . . . . . . . . . :   ASHIBATA
                                     To module . . . . . . . . . :   BUILDVCF
                                     To procedure  . . . . . . . :   BUILDVCF
                                     Statement . . . . . . . . . :   13400
                                     Message . . . . :   Object VCFMAINQQ type *MSGF created in library ASHIBATA2.
CPC9801    Completion              00   26-09-07  17:22:54,125392  QUICCRTM     QSYS        02D4     BUILDVCF    ASHIBATA1   *STMT
                                     From user . . . . . . . . . :   ASHIBATA
                                     To module . . . . . . . . . :   BUILDVCF
                                     To procedure  . . . . . . . :   BUILDVCF
                                     Statement . . . . . . . . . :   13600
                                     Message . . . . :   Object VCFMAIN type *MENU created in library ASHIBATA2.
CPC2191    Completion              00   26-09-07  17:22:54,140972  QLIDLOBJ     QSYS        0772     BUILDVCF    ASHIBATA1   *STMT
                                                   -=* http://pub400.com *=-
 5770SS1 V7R5M0 220415                        Display Job Log                      PUB400    26-09-07  17:22:58 CEST     Page    6
  Job name . . . . . . . . . . :   QP0ZSPWT        User  . . . . . . :   QUSER        Number . . . . . . . . . . . :   556149
  Job description  . . . . . . :   QDFTSVR         Library . . . . . :   QGPL
MSGID      TYPE                    SEV  DATE      TIME             FROM PGM     LIBRARY     INST     TO PGM      LIBRARY     INST
                                     From user . . . . . . . . . :   ASHIBATA
                                     To module . . . . . . . . . :   BUILDVCF
                                     To procedure  . . . . . . . :   BUILDVCF
                                     Statement . . . . . . . . . :   15200
                                     Message . . . . :   Object MAIN in ASHIBATA2 type *MENU deleted.
CPC2191    Completion              00   26-09-07  17:22:54,159075  QLIDLOBJ     QSYS        0772     BUILDVCF    ASHIBATA1   *STMT
                                     From user . . . . . . . . . :   ASHIBATA
                                     To module . . . . . . . . . :   BUILDVCF
                                     To procedure  . . . . . . . :   BUILDVCF
                                     Statement . . . . . . . . . :   15400
                                     Message . . . . :   Object MAIN in ASHIBATA2 type *FILE deleted.
CPC2191    Completion              00   26-09-07  17:22:54,164734  QLIDLOBJ     QSYS        0772     BUILDVCF    ASHIBATA1   *STMT
                                     From user . . . . . . . . . :   ASHIBATA
                                     To module . . . . . . . . . :   BUILDVCF
                                     To procedure  . . . . . . . :   BUILDVCF
                                     Statement . . . . . . . . . :   15600
                                     Message . . . . :   Object MAINQQ in ASHIBATA2 type *MSGF deleted.
CPC7301    Completion              00   26-09-07  17:22:54,197108  QDDCDPF      QSYS        0531     BUILDVCF    ASHIBATA1   *STMT
                                     From user . . . . . . . . . :   ASHIBATA
                                     To module . . . . . . . . . :   BUILDVCF
                                     To procedure  . . . . . . . :   BUILDVCF
                                     Statement . . . . . . . . . :   15800
                                     Message . . . . :   File MAIN created in library ASHIBATA2.
CPC9801    Completion              00   26-09-07  17:22:54,207565  QMHCRMSF     QSYS        0143     BUILDVCF    ASHIBATA1   *STMT
                                     From user . . . . . . . . . :   ASHIBATA
                                     To module . . . . . . . . . :   BUILDVCF
                                     To procedure  . . . . . . . :   BUILDVCF
                                     Statement . . . . . . . . . :   16000
                                     Message . . . . :   Object MAINQQ type *MSGF created in library ASHIBATA2.
CPC9801    Completion              00   26-09-07  17:22:54,214486  QUICCRTM     QSYS        02D4     BUILDVCF    ASHIBATA1   *STMT
                                     From user . . . . . . . . . :   ASHIBATA
                                     To module . . . . . . . . . :   BUILDVCF
                                     To procedure  . . . . . . . :   BUILDVCF
                                     Statement . . . . . . . . . :   16200
                                     Message . . . . :   Object MAIN type *MENU created in library ASHIBATA2.
CPC2191    Completion              00   26-09-07  17:22:54,229871  QLIDLOBJ     QSYS        0772     BUILDVCF    ASHIBATA1   *STMT
                                     From user . . . . . . . . . :   ASHIBATA
                                     To module . . . . . . . . . :   BUILDVCF
                                     To procedure  . . . . . . . :   BUILDVCF
                                     Statement . . . . . . . . . :   17500
                                     Message . . . . :   Object ADMMAIN in ASHIBATA2 type *MENU deleted.
CPC2191    Completion              00   26-09-07  17:22:54,243731  QLIDLOBJ     QSYS        0772     BUILDVCF    ASHIBATA1   *STMT
                                     From user . . . . . . . . . :   ASHIBATA
                                     To module . . . . . . . . . :   BUILDVCF
                                     To procedure  . . . . . . . :   BUILDVCF
                                     Statement . . . . . . . . . :   17700
                                     Message . . . . :   Object ADMMAIN in ASHIBATA2 type *FILE deleted.
CPC2191    Completion              00   26-09-07  17:22:54,250161  QLIDLOBJ     QSYS        0772     BUILDVCF    ASHIBATA1   *STMT
                                     From user . . . . . . . . . :   ASHIBATA
                                     To module . . . . . . . . . :   BUILDVCF
                                     To procedure  . . . . . . . :   BUILDVCF
                                     Statement . . . . . . . . . :   17900
                                                   -=* http://pub400.com *=-
 5770SS1 V7R5M0 220415                        Display Job Log                      PUB400    26-09-07  17:22:58 CEST     Page    7
  Job name . . . . . . . . . . :   QP0ZSPWT        User  . . . . . . :   QUSER        Number . . . . . . . . . . . :   556149
  Job description  . . . . . . :   QDFTSVR         Library . . . . . :   QGPL
MSGID      TYPE                    SEV  DATE      TIME             FROM PGM     LIBRARY     INST     TO PGM      LIBRARY     INST
                                     Message . . . . :   Object ADMMAINQQ in ASHIBATA2 type *MSGF deleted.
CPC7301    Completion              00   26-09-07  17:22:54,272576  QDDCDPF      QSYS        0531     BUILDVCF    ASHIBATA1   *STMT
                                     From user . . . . . . . . . :   ASHIBATA
                                     To module . . . . . . . . . :   BUILDVCF
                                     To procedure  . . . . . . . :   BUILDVCF
                                     Statement . . . . . . . . . :   18100
                                     Message . . . . :   File ADMMAIN created in library ASHIBATA2.
CPC9801    Completion              00   26-09-07  17:22:54,282837  QMHCRMSF     QSYS        0143     BUILDVCF    ASHIBATA1   *STMT
                                     From user . . . . . . . . . :   ASHIBATA
                                     To module . . . . . . . . . :   BUILDVCF
                                     To procedure  . . . . . . . :   BUILDVCF
                                     Statement . . . . . . . . . :   18300
                                     Message . . . . :   Object ADMMAINQQ type *MSGF created in library ASHIBATA2.
CPC9801    Completion              00   26-09-07  17:22:54,290158  QUICCRTM     QSYS        02D4     BUILDVCF    ASHIBATA1   *STMT
                                     From user . . . . . . . . . :   ASHIBATA
                                     To module . . . . . . . . . :   BUILDVCF
                                     To procedure  . . . . . . . :   BUILDVCF
                                     Statement . . . . . . . . . :   18500
                                     Message . . . . :   Object ADMMAIN type *MENU created in library ASHIBATA2.
CPC2191    Completion              00   26-09-07  17:22:54,301509  QLIDLOBJ     QSYS        0772     BUILDVCF    ASHIBATA1   *STMT
                                     From user . . . . . . . . . :   ASHIBATA
                                     To module . . . . . . . . . :   BUILDVCF
                                     To procedure  . . . . . . . :   BUILDVCF
                                     Statement . . . . . . . . . :   18800
                                     Message . . . . :   Object NTRSTIT in ASHIBATA2 type *PGM deleted.
RNS9304    Completion              00   26-09-07  17:22:54,445969  QRN4CPP      QDEVTOOLS   *STMT    BUILDVCF    ASHIBATA1   *STMT
                                     From user . . . . . . . . . :   ASHIBATA
                                     From module . . . . . . . . :   GRP4CPP
                                     From procedure  . . . . . . :   cleanup
                                     Statement . . . . . . . . . :   19
                                     To module . . . . . . . . . :   BUILDVCF
                                     To procedure  . . . . . . . :   BUILDVCF
                                     Statement . . . . . . . . . :   19000
                                     Message . . . . :   Program NTRSTIT placed in library ASHIBATA2. 00 highest
                                       severity. Created on 26-09-07 at 17:22:54.
                                     Cause . . . . . :   Program NTRSTIT was successfully created in library
                                       ASHIBATA2. The highest message severity that resulted was 00. The program
                                       creation date and time are 26-09-07 and 17:22:54.
CPC0904    Completion              00   26-09-07  17:22:54,451208  QWCCCRVC     QSYS        0095     QRN4CPP     QDEVTOOLS   *STMT
                                     From user . . . . . . . . . :   ASHIBATA
                                     To module . . . . . . . . . :   GRP4CPP
                                     To procedure  . . . . . . . :   update_dtaara
                                     Statement . . . . . . . . . :   8
                                     Message . . . . :   Data area RETURNCODE created in library QTEMP.
CPC2191    Completion              00   26-09-07  17:22:54,467332  QLIDLOBJ     QSYS        0772     BUILDVCF    ASHIBATA1   *STMT
                                     From user . . . . . . . . . :   ASHIBATA
                                     To module . . . . . . . . . :   BUILDVCF
                                     To procedure  . . . . . . . :   BUILDVCF
                                     Statement . . . . . . . . . :   19300
                                     Message . . . . :   Object PARAMETER in ASHIBATA2 type *PGM deleted.
RNS9304    Completion              00   26-09-07  17:22:54,631922  QRN4CPP      QDEVTOOLS   *STMT    BUILDVCF    ASHIBATA1   *STMT
                                     From user . . . . . . . . . :   ASHIBATA
                                                   -=* http://pub400.com *=-
 5770SS1 V7R5M0 220415                        Display Job Log                      PUB400    26-09-07  17:22:58 CEST     Page    8
  Job name . . . . . . . . . . :   QP0ZSPWT        User  . . . . . . :   QUSER        Number . . . . . . . . . . . :   556149
  Job description  . . . . . . :   QDFTSVR         Library . . . . . :   QGPL
MSGID      TYPE                    SEV  DATE      TIME             FROM PGM     LIBRARY     INST     TO PGM      LIBRARY     INST
                                     From module . . . . . . . . :   GRP4CPP
                                     From procedure  . . . . . . :   cleanup
                                     Statement . . . . . . . . . :   19
                                     To module . . . . . . . . . :   BUILDVCF
                                     To procedure  . . . . . . . :   BUILDVCF
                                     Statement . . . . . . . . . :   19500
                                     Message . . . . :   Program PARAMETER placed in library ASHIBATA2. 00 highest
                                       severity. Created on 26-09-07 at 17:22:54.
                                     Cause . . . . . :   Program PARAMETER was successfully created in library
                                       ASHIBATA2. The highest message severity that resulted was 00. The program
                                       creation date and time are 26-09-07 and 17:22:54.
CPC2191    Completion              00   26-09-07  17:22:54,646751  QLIDLOBJ     QSYS        0772     BUILDVCF    ASHIBATA1   *STMT
                                     From user . . . . . . . . . :   ASHIBATA
                                     To module . . . . . . . . . :   BUILDVCF
                                     To procedure  . . . . . . . :   BUILDVCF
                                     Statement . . . . . . . . . :   19800
                                     Message . . . . :   Object PRTLSTVOTE in ASHIBATA2 type *PGM deleted.
RNS9304    Completion              00   26-09-07  17:22:54,841524  QRN4CPP      QDEVTOOLS   *STMT    BUILDVCF    ASHIBATA1   *STMT
                                     From user . . . . . . . . . :   ASHIBATA
                                     From module . . . . . . . . :   GRP4CPP
                                     From procedure  . . . . . . :   cleanup
                                     Statement . . . . . . . . . :   19
                                     To module . . . . . . . . . :   BUILDVCF
                                     To procedure  . . . . . . . :   BUILDVCF
                                     Statement . . . . . . . . . :   20000
                                     Message . . . . :   Program PRTLSTVOTE placed in library ASHIBATA2. 00 highest
                                       severity. Created on 26-09-07 at 17:22:54.
                                     Cause . . . . . :   Program PRTLSTVOTE was successfully created in library
                                       ASHIBATA2. The highest message severity that resulted was 00. The program
                                       creation date and time are 26-09-07 and 17:22:54.
CPC2191    Completion              00   26-09-07  17:22:54,855656  QLIDLOBJ     QSYS        0772     BUILDVCF    ASHIBATA1   *STMT
                                     From user . . . . . . . . . :   ASHIBATA
                                     To module . . . . . . . . . :   BUILDVCF
                                     To procedure  . . . . . . . :   BUILDVCF
                                     Statement . . . . . . . . . :   20300
                                     Message . . . . :   Object PRTLSTCMT in ASHIBATA2 type *PGM deleted.
RNS9304    Completion              00   26-09-07  17:22:55,015820  QRN4CPP      QDEVTOOLS   *STMT    BUILDVCF    ASHIBATA1   *STMT
                                     From user . . . . . . . . . :   ASHIBATA
                                     From module . . . . . . . . :   GRP4CPP
                                     From procedure  . . . . . . :   cleanup
                                     Statement . . . . . . . . . :   19
                                     To module . . . . . . . . . :   BUILDVCF
                                     To procedure  . . . . . . . :   BUILDVCF
                                     Statement . . . . . . . . . :   20500
                                     Message . . . . :   Program PRTLSTCMT placed in library ASHIBATA2. 00 highest
                                       severity. Created on 26-09-07 at 17:22:55.
                                     Cause . . . . . :   Program PRTLSTCMT was successfully created in library
                                       ASHIBATA2. The highest message severity that resulted was 00. The program
                                       creation date and time are 26-09-07 and 17:22:55.
CPF2105    Escape                  40   26-09-07  17:22:55,017596  QLIDLOBJ     QSYS        0772     BUILDVCF    ASHIBATA1   *STMT
                                     From user . . . . . . . . . :   ASHIBATA
                                     To module . . . . . . . . . :   BUILDVCF
                                                   -=* http://pub400.com *=-
 5770SS1 V7R5M0 220415                        Display Job Log                      PUB400    26-09-07  17:22:58 CEST     Page    9
  Job name . . . . . . . . . . :   QP0ZSPWT        User  . . . . . . :   QUSER        Number . . . . . . . . . . . :   556149
  Job description  . . . . . . :   QDFTSVR         Library . . . . . :   QGPL
MSGID      TYPE                    SEV  DATE      TIME             FROM PGM     LIBRARY     INST     TO PGM      LIBRARY     INST
                                     To procedure  . . . . . . . :   BUILDVCF
                                     Statement . . . . . . . . . :   20800
                                     Message . . . . :   Object PRINTER in ASHIBATA2 type *PGM not found.
                                     Cause . . . . . :   No object was found for the name or type specified.
                                       Recovery  . . . :   Specify the correct name or type of the object. Then try
                                       the request again.
RNS9308    Completion              50   26-09-07  17:22:55,089880  QRN4CPP      QDEVTOOLS   *STMT    BUILDVCF    ASHIBATA1   *STMT
                                     From user . . . . . . . . . :   ASHIBATA
                                     From module . . . . . . . . :   GRP4CPP
                                     From procedure  . . . . . . :   cleanup
                                     Statement . . . . . . . . . :   19
                                     To module . . . . . . . . . :   BUILDVCF
                                     To procedure  . . . . . . . :   BUILDVCF
                                     Statement . . . . . . . . . :   21000
                                     Message . . . . :   Compilation stopped. Severity 30 errors found in program.
                                     Cause . . . . . :   The RPG compiler found at least one error in the program
                                       of severity greater than that specified in the GENLVL option on the
                                       CRTRPGMOD or CRTBNDRPG command. Recovery  . . . :   Correct the errors in
                                       the program. Compile again.
RNS9310    Escape                  50   26-09-07  17:22:55,090102  QRN4CPP      QDEVTOOLS   *STMT    BUILDVCF    ASHIBATA1   *STMT
                                     From user . . . . . . . . . :   ASHIBATA
                                     From module . . . . . . . . :   GRP4CPP
                                     From procedure  . . . . . . :   endcomp
                                     Statement . . . . . . . . . :   20
                                     To module . . . . . . . . . :   BUILDVCF
                                     To procedure  . . . . . . . :   BUILDVCF
                                     Statement . . . . . . . . . :   21000
                                     Message . . . . :   Compilation failed. Program PRINTER not created in library
                                       ASHIBATA2.
                                     Cause . . . . . :   Compilation failure normally occurs when the severity of
                                       issued messages exceeds the value specified for the GENLVL parameter on the
                                       CRTBNDRPG command. See the compiler listing or the job log for error
                                       messages. Recovery  . . . :   Correct the errors or change the value
                                       specified for the GENLVL parameter. Compile again.
CPC2191    Completion              00   26-09-07  17:22:55,106233  QLIDLOBJ     QSYS        0772     BUILDVCF    ASHIBATA1   *STMT
                                     From user . . . . . . . . . :   ASHIBATA
                                     To module . . . . . . . . . :   BUILDVCF
                                     To procedure  . . . . . . . :   BUILDVCF
                                     Statement . . . . . . . . . :   21300
                                     Message . . . . :   Object CREDITS in ASHIBATA2 type *PGM deleted.
RNS9304    Completion              00   26-09-07  17:22:55,244210  QRN4CPP      QDEVTOOLS   *STMT    BUILDVCF    ASHIBATA1   *STMT
                                     From user . . . . . . . . . :   ASHIBATA
                                     From module . . . . . . . . :   GRP4CPP
                                     From procedure  . . . . . . :   cleanup
                                     Statement . . . . . . . . . :   19
                                     To module . . . . . . . . . :   BUILDVCF
                                     To procedure  . . . . . . . :   BUILDVCF
                                     Statement . . . . . . . . . :   21500
                                     Message . . . . :   Program CREDITS placed in library ASHIBATA2. 00 highest
                                       severity. Created on 26-09-07 at 17:22:55.
                                     Cause . . . . . :   Program CREDITS was successfully created in library
                                       ASHIBATA2. The highest message severity that resulted was 00. The program
                                                   -=* http://pub400.com *=-
 5770SS1 V7R5M0 220415                        Display Job Log                      PUB400    26-09-07  17:22:58 CEST     Page   10
  Job name . . . . . . . . . . :   QP0ZSPWT        User  . . . . . . :   QUSER        Number . . . . . . . . . . . :   556149
  Job description  . . . . . . :   QDFTSVR         Library . . . . . :   QGPL
MSGID      TYPE                    SEV  DATE      TIME             FROM PGM     LIBRARY     INST     TO PGM      LIBRARY     INST
                                       creation date and time are 26-09-07 and 17:22:55.
CPF2105    Escape                  40   26-09-07  17:22:55,246035  QLIDLOBJ     QSYS        0772     BUILDVCF    ASHIBATA1   *STMT
                                     From user . . . . . . . . . :   ASHIBATA
                                     To module . . . . . . . . . :   BUILDVCF
                                     To procedure  . . . . . . . :   BUILDVCF
                                     Statement . . . . . . . . . :   21800
                                     Message . . . . :   Object BEEMOVIE in ASHIBATA2 type *PGM not found.
                                     Cause . . . . . :   No object was found for the name or type specified.
                                       Recovery  . . . :   Specify the correct name or type of the object. Then try
                                       the request again.
RNS9308    Completion              50   26-09-07  17:22:55,303591  QRN4CPP      QDEVTOOLS   *STMT    BUILDVCF    ASHIBATA1   *STMT
                                     From user . . . . . . . . . :   ASHIBATA
                                     From module . . . . . . . . :   GRP4CPP
                                     From procedure  . . . . . . :   cleanup
                                     Statement . . . . . . . . . :   19
                                     To module . . . . . . . . . :   BUILDVCF
                                     To procedure  . . . . . . . :   BUILDVCF
                                     Statement . . . . . . . . . :   22000
                                     Message . . . . :   Compilation stopped. Severity 30 errors found in program.
                                     Cause . . . . . :   The RPG compiler found at least one error in the program
                                       of severity greater than that specified in the GENLVL option on the
                                       CRTRPGMOD or CRTBNDRPG command. Recovery  . . . :   Correct the errors in
                                       the program. Compile again.
RNS9310    Escape                  50   26-09-07  17:22:55,303847  QRN4CPP      QDEVTOOLS   *STMT    BUILDVCF    ASHIBATA1   *STMT
                                     From user . . . . . . . . . :   ASHIBATA
                                     From module . . . . . . . . :   GRP4CPP
                                     From procedure  . . . . . . :   endcomp
                                     Statement . . . . . . . . . :   20
                                     To module . . . . . . . . . :   BUILDVCF
                                     To procedure  . . . . . . . :   BUILDVCF
                                     Statement . . . . . . . . . :   22000
                                     Message . . . . :   Compilation failed. Program BEEMOVIE not created in
                                       library ASHIBATA2.
                                     Cause . . . . . :   Compilation failure normally occurs when the severity of
                                       issued messages exceeds the value specified for the GENLVL parameter on the
                                       CRTBNDRPG command. See the compiler listing or the job log for error
                                       messages. Recovery  . . . :   Correct the errors or change the value
                                       specified for the GENLVL parameter. Compile again.
CPC2191    Completion              00   26-09-07  17:22:55,322627  QLIDLOBJ     QSYS        0772     BUILDVCF    ASHIBATA1   *STMT
                                     From user . . . . . . . . . :   ASHIBATA
                                     To module . . . . . . . . . :   BUILDVCF
                                     To procedure  . . . . . . . :   BUILDVCF
                                     Statement . . . . . . . . . :   22300
                                     Message . . . . :   Object ADDVOTE in ASHIBATA2 type *PGM deleted.
RNS9304    Completion              00   26-09-07  17:22:55,564517  QRN4CPP      QDEVTOOLS   *STMT    BUILDVCF    ASHIBATA1   *STMT
                                     From user . . . . . . . . . :   ASHIBATA
                                     From module . . . . . . . . :   GRP4CPP
                                     From procedure  . . . . . . :   cleanup
                                     Statement . . . . . . . . . :   19
                                     To module . . . . . . . . . :   BUILDVCF
                                     To procedure  . . . . . . . :   BUILDVCF
                                     Statement . . . . . . . . . :   22500
                                                   -=* http://pub400.com *=-
 5770SS1 V7R5M0 220415                        Display Job Log                      PUB400    26-09-07  17:22:58 CEST     Page   11
  Job name . . . . . . . . . . :   QP0ZSPWT        User  . . . . . . :   QUSER        Number . . . . . . . . . . . :   556149
  Job description  . . . . . . :   QDFTSVR         Library . . . . . :   QGPL
MSGID      TYPE                    SEV  DATE      TIME             FROM PGM     LIBRARY     INST     TO PGM      LIBRARY     INST
                                     Message . . . . :   Program ADDVOTE placed in library ASHIBATA2. 00 highest
                                       severity. Created on 26-09-07 at 17:22:55.
                                     Cause . . . . . :   Program ADDVOTE was successfully created in library
                                       ASHIBATA2. The highest message severity that resulted was 00. The program
                                       creation date and time are 26-09-07 and 17:22:55.
CPC2191    Completion              00   26-09-07  17:22:55,576182  QLIDLOBJ     QSYS        0772     BUILDVCF    ASHIBATA1   *STMT
                                     From user . . . . . . . . . :   ASHIBATA
                                     To module . . . . . . . . . :   BUILDVCF
                                     To procedure  . . . . . . . :   BUILDVCF
                                     Statement . . . . . . . . . :   22800
                                     Message . . . . :   Object ADDGBCMT in ASHIBATA2 type *PGM deleted.
RNS9304    Completion              00   26-09-07  17:22:55,786031  QRN4CPP      QDEVTOOLS   *STMT    BUILDVCF    ASHIBATA1   *STMT
                                     From user . . . . . . . . . :   ASHIBATA
                                     From module . . . . . . . . :   GRP4CPP
                                     From procedure  . . . . . . :   cleanup
                                     Statement . . . . . . . . . :   19
                                     To module . . . . . . . . . :   BUILDVCF
                                     To procedure  . . . . . . . :   BUILDVCF
                                     Statement . . . . . . . . . :   23000
                                     Message . . . . :   Program ADDGBCMT placed in library ASHIBATA2. 00 highest
                                       severity. Created on 26-09-07 at 17:22:55.
                                     Cause . . . . . :   Program ADDGBCMT was successfully created in library
                                       ASHIBATA2. The highest message severity that resulted was 00. The program
                                       creation date and time are 26-09-07 and 17:22:55.
CPC2191    Completion              00   26-09-07  17:22:55,801113  QLIDLOBJ     QSYS        0772     BUILDVCF    ASHIBATA1   *STMT
                                     From user . . . . . . . . . :   ASHIBATA
                                     To module . . . . . . . . . :   BUILDVCF
                                     To procedure  . . . . . . . :   BUILDVCF
                                     Statement . . . . . . . . . :   23300
                                     Message . . . . :   Object READGBCMT in ASHIBATA2 type *PGM deleted.
RNS9304    Completion              00   26-09-07  17:22:55,977531  QRN4CPP      QDEVTOOLS   *STMT    BUILDVCF    ASHIBATA1   *STMT
                                     From user . . . . . . . . . :   ASHIBATA
                                     From module . . . . . . . . :   GRP4CPP
                                     From procedure  . . . . . . :   cleanup
                                     Statement . . . . . . . . . :   19
                                     To module . . . . . . . . . :   BUILDVCF
                                     To procedure  . . . . . . . :   BUILDVCF
                                     Statement . . . . . . . . . :   23500
                                     Message . . . . :   Program READGBCMT placed in library ASHIBATA2. 00 highest
                                       severity. Created on 26-09-07 at 17:22:55.
                                     Cause . . . . . :   Program READGBCMT was successfully created in library
                                       ASHIBATA2. The highest message severity that resulted was 00. The program
                                       creation date and time are 26-09-07 and 17:22:55.
CPC2191    Completion              00   26-09-07  17:22:55,988445  QLIDLOBJ     QSYS        0772     BUILDVCF    ASHIBATA1   *STMT
                                     From user . . . . . . . . . :   ASHIBATA
                                     To module . . . . . . . . . :   BUILDVCF
                                     To procedure  . . . . . . . :   BUILDVCF
                                     Statement . . . . . . . . . :   23800
                                     Message . . . . :   Object LRN400 in ASHIBATA2 type *PGM deleted.
RNS9304    Completion              00   26-09-07  17:22:56,154180  QRN4CPP      QDEVTOOLS   *STMT    BUILDVCF    ASHIBATA1   *STMT
                                     From user . . . . . . . . . :   ASHIBATA
                                     From module . . . . . . . . :   GRP4CPP
                                                   -=* http://pub400.com *=-
 5770SS1 V7R5M0 220415                        Display Job Log                      PUB400    26-09-07  17:22:58 CEST     Page   12
  Job name . . . . . . . . . . :   QP0ZSPWT        User  . . . . . . :   QUSER        Number . . . . . . . . . . . :   556149
  Job description  . . . . . . :   QDFTSVR         Library . . . . . :   QGPL
MSGID      TYPE                    SEV  DATE      TIME             FROM PGM     LIBRARY     INST     TO PGM      LIBRARY     INST
                                     From procedure  . . . . . . :   cleanup
                                     Statement . . . . . . . . . :   19
                                     To module . . . . . . . . . :   BUILDVCF
                                     To procedure  . . . . . . . :   BUILDVCF
                                     Statement . . . . . . . . . :   24000
                                     Message . . . . :   Program LRN400 placed in library ASHIBATA2. 00 highest
                                       severity. Created on 26-09-07 at 17:22:56.
                                     Cause . . . . . :   Program LRN400 was successfully created in library
                                       ASHIBATA2. The highest message severity that resulted was 00. The program
                                       creation date and time are 26-09-07 and 17:22:56.
CPC2191    Completion              00   26-09-07  17:22:56,165804  QLIDLOBJ     QSYS        0772     BUILDVCF    ASHIBATA1   *STMT
                                     From user . . . . . . . . . :   ASHIBATA
                                     To module . . . . . . . . . :   BUILDVCF
                                     To procedure  . . . . . . . :   BUILDVCF
                                     Statement . . . . . . . . . :   24300
                                     Message . . . . :   Object LRN400AUT in ASHIBATA2 type *PGM deleted.
RNS9304    Completion              00   26-09-07  17:22:56,334442  QRN4CPP      QDEVTOOLS   *STMT    BUILDVCF    ASHIBATA1   *STMT
                                     From user . . . . . . . . . :   ASHIBATA
                                     From module . . . . . . . . :   GRP4CPP
                                     From procedure  . . . . . . :   cleanup
                                     Statement . . . . . . . . . :   19
                                     To module . . . . . . . . . :   BUILDVCF
                                     To procedure  . . . . . . . :   BUILDVCF
                                     Statement . . . . . . . . . :   24500
                                     Message . . . . :   Program LRN400AUT placed in library ASHIBATA2. 00 highest
                                       severity. Created on 26-09-07 at 17:22:56.
                                     Cause . . . . . :   Program LRN400AUT was successfully created in library
                                       ASHIBATA2. The highest message severity that resulted was 00. The program
                                       creation date and time are 26-09-07 and 17:22:56.
CPC2191    Completion              00   26-09-07  17:22:56,347821  QLIDLOBJ     QSYS        0772     BUILDVCF    ASHIBATA1   *STMT
                                     From user . . . . . . . . . :   ASHIBATA
                                     To module . . . . . . . . . :   BUILDVCF
                                     To procedure  . . . . . . . :   BUILDVCF
                                     Statement . . . . . . . . . :   24800
                                     Message . . . . :   Object EXHBMENU in ASHIBATA2 type *PGM deleted.
RNS9304    Completion              00   26-09-07  17:22:56,526822  QRN4CPP      QDEVTOOLS   *STMT    BUILDVCF    ASHIBATA1   *STMT
                                     From user . . . . . . . . . :   ASHIBATA
                                     From module . . . . . . . . :   GRP4CPP
                                     From procedure  . . . . . . :   cleanup
                                     Statement . . . . . . . . . :   19
                                     To module . . . . . . . . . :   BUILDVCF
                                     To procedure  . . . . . . . :   BUILDVCF
                                     Statement . . . . . . . . . :   25000
                                     Message . . . . :   Program EXHBMENU placed in library ASHIBATA2. 00 highest
                                       severity. Created on 26-09-07 at 17:22:56.
                                     Cause . . . . . :   Program EXHBMENU was successfully created in library
                                       ASHIBATA2. The highest message severity that resulted was 00. The program
                                       creation date and time are 26-09-07 and 17:22:56.
CPC2191    Completion              00   26-09-07  17:22:56,537126  QLIDLOBJ     QSYS        0772     BUILDVCF    ASHIBATA1   *STMT
                                     From user . . . . . . . . . :   ASHIBATA
                                     To module . . . . . . . . . :   BUILDVCF
                                     To procedure  . . . . . . . :   BUILDVCF
                                                   -=* http://pub400.com *=-
 5770SS1 V7R5M0 220415                        Display Job Log                      PUB400    26-09-07  17:22:58 CEST     Page   13
  Job name . . . . . . . . . . :   QP0ZSPWT        User  . . . . . . :   QUSER        Number . . . . . . . . . . . :   556149
  Job description  . . . . . . :   QDFTSVR         Library . . . . . :   QGPL
MSGID      TYPE                    SEV  DATE      TIME             FROM PGM     LIBRARY     INST     TO PGM      LIBRARY     INST
                                     Statement . . . . . . . . . :   25300
                                     Message . . . . :   Object ADMADDSOFR in ASHIBATA2 type *PGM deleted.
RNS9304    Completion              00   26-09-07  17:22:56,694620  QRN4CPP      QDEVTOOLS   *STMT    BUILDVCF    ASHIBATA1   *STMT
                                     From user . . . . . . . . . :   ASHIBATA
                                     From module . . . . . . . . :   GRP4CPP
                                     From procedure  . . . . . . :   cleanup
                                     Statement . . . . . . . . . :   19
                                     To module . . . . . . . . . :   BUILDVCF
                                     To procedure  . . . . . . . :   BUILDVCF
                                     Statement . . . . . . . . . :   25500
                                     Message . . . . :   Program ADMADDSOFR placed in library ASHIBATA2. 00 highest
                                       severity. Created on 26-09-07 at 17:22:56.
                                     Cause . . . . . :   Program ADMADDSOFR was successfully created in library
                                       ASHIBATA2. The highest message severity that resulted was 00. The program
                                       creation date and time are 26-09-07 and 17:22:56.
CPC2191    Completion              00   26-09-07  17:22:56,706672  QLIDLOBJ     QSYS        0772     BUILDVCF    ASHIBATA1   *STMT
                                     From user . . . . . . . . . :   ASHIBATA
                                     To module . . . . . . . . . :   BUILDVCF
                                     To procedure  . . . . . . . :   BUILDVCF
                                     Statement . . . . . . . . . :   25800
                                     Message . . . . :   Object ADMCRTEXHB in ASHIBATA2 type *PGM deleted.
RNS9304    Completion              00   26-09-07  17:22:56,891297  QRN4CPP      QDEVTOOLS   *STMT    BUILDVCF    ASHIBATA1   *STMT
                                     From user . . . . . . . . . :   ASHIBATA
                                     From module . . . . . . . . :   GRP4CPP
                                     From procedure  . . . . . . :   cleanup
                                     Statement . . . . . . . . . :   19
                                     To module . . . . . . . . . :   BUILDVCF
                                     To procedure  . . . . . . . :   BUILDVCF
                                     Statement . . . . . . . . . :   26000
                                     Message . . . . :   Program ADMCRTEXHB placed in library ASHIBATA2. 00 highest
                                       severity. Created on 26-09-07 at 17:22:56.
                                     Cause . . . . . :   Program ADMCRTEXHB was successfully created in library
                                       ASHIBATA2. The highest message severity that resulted was 00. The program
                                       creation date and time are 26-09-07 and 17:22:56.
CPC2191    Completion              00   26-09-07  17:22:56,902541  QLIDLOBJ     QSYS        0772     BUILDVCF    ASHIBATA1   *STMT
                                     From user . . . . . . . . . :   ASHIBATA
                                     To module . . . . . . . . . :   BUILDVCF
                                     To procedure  . . . . . . . :   BUILDVCF
                                     Statement . . . . . . . . . :   26300
                                     Message . . . . :   Object ADMHIDECMT in ASHIBATA2 type *PGM deleted.
RNS9304    Completion              00   26-09-07  17:22:57,086773  QRN4CPP      QDEVTOOLS   *STMT    BUILDVCF    ASHIBATA1   *STMT
                                     From user . . . . . . . . . :   ASHIBATA
                                     From module . . . . . . . . :   GRP4CPP
                                     From procedure  . . . . . . :   cleanup
                                     Statement . . . . . . . . . :   19
                                     To module . . . . . . . . . :   BUILDVCF
                                     To procedure  . . . . . . . :   BUILDVCF
                                     Statement . . . . . . . . . :   26500
                                     Message . . . . :   Program ADMHIDECMT placed in library ASHIBATA2. 00 highest
                                       severity. Created on 26-09-07 at 17:22:57.
                                     Cause . . . . . :   Program ADMHIDECMT was successfully created in library
                                       ASHIBATA2. The highest message severity that resulted was 00. The program
                                                   -=* http://pub400.com *=-
 5770SS1 V7R5M0 220415                        Display Job Log                      PUB400    26-09-07  17:22:58 CEST     Page   14
  Job name . . . . . . . . . . :   QP0ZSPWT        User  . . . . . . :   QUSER        Number . . . . . . . . . . . :   556149
  Job description  . . . . . . :   QDFTSVR         Library . . . . . :   QGPL
MSGID      TYPE                    SEV  DATE      TIME             FROM PGM     LIBRARY     INST     TO PGM      LIBRARY     INST
                                       creation date and time are 26-09-07 and 17:22:57.
CPC2191    Completion              00   26-09-07  17:22:57,100898  QLIDLOBJ     QSYS        0772     BUILDVCF    ASHIBATA1   *STMT
                                     From user . . . . . . . . . :   ASHIBATA
                                     To module . . . . . . . . . :   BUILDVCF
                                     To procedure  . . . . . . . :   BUILDVCF
                                     Statement . . . . . . . . . :   26800
                                     Message . . . . :   Object ADMLRN400 in ASHIBATA2 type *PGM deleted.
RNS9304    Completion              00   26-09-07  17:22:57,279798  QRN4CPP      QDEVTOOLS   *STMT    BUILDVCF    ASHIBATA1   *STMT
                                     From user . . . . . . . . . :   ASHIBATA
                                     From module . . . . . . . . :   GRP4CPP
                                     From procedure  . . . . . . :   cleanup
                                     Statement . . . . . . . . . :   19
                                     To module . . . . . . . . . :   BUILDVCF
                                     To procedure  . . . . . . . :   BUILDVCF
                                     Statement . . . . . . . . . :   27000
                                     Message . . . . :   Program ADMLRN400 placed in library ASHIBATA2. 00 highest
                                       severity. Created on 26-09-07 at 17:22:57.
                                     Cause . . . . . :   Program ADMLRN400 was successfully created in library
                                       ASHIBATA2. The highest message severity that resulted was 00. The program
                                       creation date and time are 26-09-07 and 17:22:57.
CPC2191    Completion              00   26-09-07  17:22:57,291064  QLIDLOBJ     QSYS        0772     BUILDVCF    ASHIBATA1   *STMT
                                     From user . . . . . . . . . :   ASHIBATA
                                     To module . . . . . . . . . :   BUILDVCF
                                     To procedure  . . . . . . . :   BUILDVCF
                                     Statement . . . . . . . . . :   27300
                                     Message . . . . :   Object ADMOFRLIST in ASHIBATA2 type *PGM deleted.
RNS9304    Completion              00   26-09-07  17:22:57,432071  QRN4CPP      QDEVTOOLS   *STMT    BUILDVCF    ASHIBATA1   *STMT
                                     From user . . . . . . . . . :   ASHIBATA
                                     From module . . . . . . . . :   GRP4CPP
                                     From procedure  . . . . . . :   cleanup
                                     Statement . . . . . . . . . :   19
                                     To module . . . . . . . . . :   BUILDVCF
                                     To procedure  . . . . . . . :   BUILDVCF
                                     Statement . . . . . . . . . :   27500
                                     Message . . . . :   Program ADMOFRLIST placed in library ASHIBATA2. 00 highest
                                       severity. Created on 26-09-07 at 17:22:57.
                                     Cause . . . . . :   Program ADMOFRLIST was successfully created in library
                                       ASHIBATA2. The highest message severity that resulted was 00. The program
                                       creation date and time are 26-09-07 and 17:22:57.
CPC2191    Completion              00   26-09-07  17:22:57,443073  QLIDLOBJ     QSYS        0772     BUILDVCF    ASHIBATA1   *STMT
                                     From user . . . . . . . . . :   ASHIBATA
                                     To module . . . . . . . . . :   BUILDVCF
                                     To procedure  . . . . . . . :   BUILDVCF
                                     Statement . . . . . . . . . :   27800
                                     Message . . . . :   Object ADMSETTING in ASHIBATA2 type *PGM deleted.
RNS9304    Completion              00   26-09-07  17:22:57,633980  QRN4CPP      QDEVTOOLS   *STMT    BUILDVCF    ASHIBATA1   *STMT
                                     From user . . . . . . . . . :   ASHIBATA
                                     From module . . . . . . . . :   GRP4CPP
                                     From procedure  . . . . . . :   cleanup
                                     Statement . . . . . . . . . :   19
                                     To module . . . . . . . . . :   BUILDVCF
                                     To procedure  . . . . . . . :   BUILDVCF
                                                   -=* http://pub400.com *=-
 5770SS1 V7R5M0 220415                        Display Job Log                      PUB400    26-09-07  17:22:58 CEST     Page   15
  Job name . . . . . . . . . . :   QP0ZSPWT        User  . . . . . . :   QUSER        Number . . . . . . . . . . . :   556149
  Job description  . . . . . . :   QDFTSVR         Library . . . . . :   QGPL
MSGID      TYPE                    SEV  DATE      TIME             FROM PGM     LIBRARY     INST     TO PGM      LIBRARY     INST
                                     Statement . . . . . . . . . :   28000
                                     Message . . . . :   Program ADMSETTING placed in library ASHIBATA2. 00 highest
                                       severity. Created on 26-09-07 at 17:22:57.
                                     Cause . . . . . :   Program ADMSETTING was successfully created in library
                                       ASHIBATA2. The highest message severity that resulted was 00. The program
                                       creation date and time are 26-09-07 and 17:22:57.
CPC2191    Completion              00   26-09-07  17:22:57,651507  QLIDLOBJ     QSYS        0772     BUILDVCF    ASHIBATA1   *STMT
                                     From user . . . . . . . . . :   ASHIBATA
                                     To module . . . . . . . . . :   BUILDVCF
                                     To procedure  . . . . . . . :   BUILDVCF
                                     Statement . . . . . . . . . :   28300
                                     Message . . . . :   Object ADMVOTERPT in ASHIBATA2 type *PGM deleted.
RNS9304    Completion              00   26-09-07  17:22:57,851454  QRN4CPP      QDEVTOOLS   *STMT    BUILDVCF    ASHIBATA1   *STMT
                                     From user . . . . . . . . . :   ASHIBATA
                                     From module . . . . . . . . :   GRP4CPP
                                     From procedure  . . . . . . :   cleanup
                                     Statement . . . . . . . . . :   19
                                     To module . . . . . . . . . :   BUILDVCF
                                     To procedure  . . . . . . . :   BUILDVCF
                                     Statement . . . . . . . . . :   28500
                                     Message . . . . :   Program ADMVOTERPT placed in library ASHIBATA2. 00 highest
                                       severity. Created on 26-09-07 at 17:22:57.
                                     Cause . . . . . :   Program ADMVOTERPT was successfully created in library
                                       ASHIBATA2. The highest message severity that resulted was 00. The program
                                       creation date and time are 26-09-07 and 17:22:57.
CPC2191    Completion              00   26-09-07  17:22:57,860490  QLIDLOBJ     QSYS        0772     BUILDVCF    ASHIBATA1   *STMT
                                     From user . . . . . . . . . :   ASHIBATA
                                     To module . . . . . . . . . :   BUILDVCF
                                     To procedure  . . . . . . . :   BUILDVCF
                                     Statement . . . . . . . . . :   28800
                                     Message . . . . :   Object VOTESTUB in ASHIBATA2 type *PGM deleted.
CPC0815    Completion              00   26-09-07  17:22:57,896630  QCLENTR      QSYS        03CC     BUILDVCF    ASHIBATA1   *STMT
                                     From user . . . . . . . . . :   ASHIBATA
                                     To module . . . . . . . . . :   BUILDVCF
                                     To procedure  . . . . . . . :   BUILDVCF
                                     Statement . . . . . . . . . :   29000
                                     Message . . . . :   Program VOTESTUB created in library ASHIBATA2.
                                     Cause . . . . . :   See the compiler printout for a list of any messages.
                                       Recovery  . . . :   If necessary, correct the errors.
CPC2191    Completion              00   26-09-07  17:22:57,904142  QLIDLOBJ     QSYS        0772     BUILDVCF    ASHIBATA1   *STMT
                                     From user . . . . . . . . . :   ASHIBATA
                                     To module . . . . . . . . . :   BUILDVCF
                                     To procedure  . . . . . . . :   BUILDVCF
                                     Statement . . . . . . . . . :   29200
                                     Message . . . . :   Object ADDGBSTUB in ASHIBATA2 type *PGM deleted.
CPC0815    Completion              00   26-09-07  17:22:57,943572  QCLENTR      QSYS        03CC     BUILDVCF    ASHIBATA1   *STMT
                                     From user . . . . . . . . . :   ASHIBATA
                                     To module . . . . . . . . . :   BUILDVCF
                                     To procedure  . . . . . . . :   BUILDVCF
                                     Statement . . . . . . . . . :   29400
                                     Message . . . . :   Program ADDGBSTUB created in library ASHIBATA2.
                                     Cause . . . . . :   See the compiler printout for a list of any messages.
                                                   -=* http://pub400.com *=-
 5770SS1 V7R5M0 220415                        Display Job Log                      PUB400    26-09-07  17:22:58 CEST     Page   16
  Job name . . . . . . . . . . :   QP0ZSPWT        User  . . . . . . :   QUSER        Number . . . . . . . . . . . :   556149
  Job description  . . . . . . :   QDFTSVR         Library . . . . . :   QGPL
MSGID      TYPE                    SEV  DATE      TIME             FROM PGM     LIBRARY     INST     TO PGM      LIBRARY     INST
                                       Recovery  . . . :   If necessary, correct the errors.
CPC2191    Completion              00   26-09-07  17:22:57,951180  QLIDLOBJ     QSYS        0772     BUILDVCF    ASHIBATA1   *STMT
                                     From user . . . . . . . . . :   ASHIBATA
                                     To module . . . . . . . . . :   BUILDVCF
                                     To procedure  . . . . . . . :   BUILDVCF
                                     Statement . . . . . . . . . :   29600
                                     Message . . . . :   Object READGBSTUB in ASHIBATA2 type *PGM deleted.
CPC0815    Completion              00   26-09-07  17:22:57,989144  QCLENTR      QSYS        03CC     BUILDVCF    ASHIBATA1   *STMT
                                     From user . . . . . . . . . :   ASHIBATA
                                     To module . . . . . . . . . :   BUILDVCF
                                     To procedure  . . . . . . . :   BUILDVCF
                                     Statement . . . . . . . . . :   29800
                                     Message . . . . :   Program READGBSTUB created in library ASHIBATA2.
                                     Cause . . . . . :   See the compiler printout for a list of any messages.
                                       Recovery  . . . :   If necessary, correct the errors.
CPC2191    Completion              00   26-09-07  17:22:57,996971  QLIDLOBJ     QSYS        0772     BUILDVCF    ASHIBATA1   *STMT
                                     From user . . . . . . . . . :   ASHIBATA
                                     To module . . . . . . . . . :   BUILDVCF
                                     To procedure  . . . . . . . :   BUILDVCF
                                     Statement . . . . . . . . . :   30100
                                     Message . . . . :   Object VCFSTUB in ASHIBATA2 type *PGM deleted.
CPC0815    Completion              00   26-09-07  17:22:58,031459  QCLENTR      QSYS        03CC     BUILDVCF    ASHIBATA1   *STMT
                                     From user . . . . . . . . . :   ASHIBATA
                                     To module . . . . . . . . . :   BUILDVCF
                                     To procedure  . . . . . . . :   BUILDVCF
                                     Statement . . . . . . . . . :   30300
                                     Message . . . . :   Program VCFSTUB created in library ASHIBATA2.
                                     Cause . . . . . :   See the compiler printout for a list of any messages.
                                       Recovery  . . . :   If necessary, correct the errors.
CPC2191    Completion              00   26-09-07  17:22:58,043807  QLIDLOBJ     QSYS        0772     BUILDVCF    ASHIBATA1   *STMT
                                     From user . . . . . . . . . :   ASHIBATA
                                     To module . . . . . . . . . :   BUILDVCF
                                     To procedure  . . . . . . . :   BUILDVCF
                                     Statement . . . . . . . . . :   30500
                                     Message . . . . :   Object LRN400STUB in ASHIBATA2 type *PGM deleted.
CPC0815    Completion              00   26-09-07  17:22:58,083257  QCLENTR      QSYS        03CC     BUILDVCF    ASHIBATA1   *STMT
                                     From user . . . . . . . . . :   ASHIBATA
                                     To module . . . . . . . . . :   BUILDVCF
                                     To procedure  . . . . . . . :   BUILDVCF
                                     Statement . . . . . . . . . :   30700
                                     Message . . . . :   Program LRN400STUB created in library ASHIBATA2.
                                     Cause . . . . . :   See the compiler printout for a list of any messages.
                                       Recovery  . . . :   If necessary, correct the errors.
CPC2191    Completion              00   26-09-07  17:22:58,088516  QLIDLOBJ     QSYS        0772     BUILDVCF    ASHIBATA1   *STMT
                                     From user . . . . . . . . . :   ASHIBATA
                                     To module . . . . . . . . . :   BUILDVCF
                                     To procedure  . . . . . . . :   BUILDVCF
                                     Statement . . . . . . . . . :   31000
                                     Message . . . . :   Object STREXHB in ASHIBATA2 type *CMD deleted.
CPC0202    Completion              00   26-09-07  17:22:58,106175  QCDRCMD      QSYS        01F3     BUILDVCF    ASHIBATA1   *STMT
                                     From user . . . . . . . . . :   ASHIBATA
                                     To module . . . . . . . . . :   BUILDVCF
                                                   -=* http://pub400.com *=-
 5770SS1 V7R5M0 220415                        Display Job Log                      PUB400    26-09-07  17:22:58 CEST     Page   17
  Job name . . . . . . . . . . :   QP0ZSPWT        User  . . . . . . :   QUSER        Number . . . . . . . . . . . :   556149
  Job description  . . . . . . :   QDFTSVR         Library . . . . . :   QGPL
MSGID      TYPE                    SEV  DATE      TIME             FROM PGM     LIBRARY     INST     TO PGM      LIBRARY     INST
                                     To procedure  . . . . . . . :   BUILDVCF
                                     Statement . . . . . . . . . :   31200
                                     Message . . . . :   Command STREXHB created in library ASHIBATA2.
CPC2191    Completion              00   26-09-07  17:22:58,110811  QLIDLOBJ     QSYS        0772     BUILDVCF    ASHIBATA1   *STMT
                                     From user . . . . . . . . . :   ASHIBATA
                                     To module . . . . . . . . . :   BUILDVCF
                                     To procedure  . . . . . . . :   BUILDVCF
                                     Statement . . . . . . . . . :   31500
                                     Message . . . . :   Object STREXHBEDT in ASHIBATA2 type *CMD deleted.
CPC0202    Completion              00   26-09-07  17:22:58,126930  QCDRCMD      QSYS        01F3     BUILDVCF    ASHIBATA1   *STMT
                                     From user . . . . . . . . . :   ASHIBATA
                                     To module . . . . . . . . . :   BUILDVCF
                                     To procedure  . . . . . . . :   BUILDVCF
                                     Statement . . . . . . . . . :   31700
                                     Message . . . . :   Command STREXHBEDT created in library ASHIBATA2.
CPC2191    Completion              00   26-09-07  17:22:58,132710  QLIDLOBJ     QSYS        0772     BUILDVCF    ASHIBATA1   *STMT
                                     From user . . . . . . . . . :   ASHIBATA
                                     To module . . . . . . . . . :   BUILDVCF
                                     To procedure  . . . . . . . :   BUILDVCF
                                     Statement . . . . . . . . . :   32000
                                     Message . . . . :   Object STRVOTERPT in ASHIBATA2 type *CMD deleted.
CPC0202    Completion              00   26-09-07  17:22:58,145798  QCDRCMD      QSYS        01F3     BUILDVCF    ASHIBATA1   *STMT
                                     From user . . . . . . . . . :   ASHIBATA
                                     To module . . . . . . . . . :   BUILDVCF
                                     To procedure  . . . . . . . :   BUILDVCF
                                     Statement . . . . . . . . . :   32200
                                     Message . . . . :   Command STRVOTERPT created in library ASHIBATA2.
CPC2191    Completion              00   26-09-07  17:22:58,151707  QLIDLOBJ     QSYS        0772     BUILDVCF    ASHIBATA1   *STMT
                                     From user . . . . . . . . . :   ASHIBATA
                                     To module . . . . . . . . . :   BUILDVCF
                                     To procedure  . . . . . . . :   BUILDVCF
                                     Statement . . . . . . . . . :   32500
                                     Message . . . . :   Object STRCMTEDT in ASHIBATA2 type *CMD deleted.
CPC0202    Completion              00   26-09-07  17:22:58,165414  QCDRCMD      QSYS        01F3     BUILDVCF    ASHIBATA1   *STMT
                                     From user . . . . . . . . . :   ASHIBATA
                                     To module . . . . . . . . . :   BUILDVCF
                                     To procedure  . . . . . . . :   BUILDVCF
                                     Statement . . . . . . . . . :   32700
                                     Message . . . . :   Command STRCMTEDT created in library ASHIBATA2.
                                                   -=* http://pub400.com *=-
rc=0
=== 2026-09-07T15:23:00Z collecting listings
--- compile results (from listings) ---
ADDGBCMT: Program ADDGBCMT placed in library ASHIBATA2. 00 highest severity;
ADDGBSTUB: Program ADDGBSTUB created in library ASHIBATA2;
ADDVOTE: Program ADDVOTE placed in library ASHIBATA2. 00 highest severity;
ADMADDSOFR: Program ADMADDSOFR placed in library ASHIBATA2. 00 highest severity;
ADMCRTEXHB: Program ADMCRTEXHB placed in library ASHIBATA2. 00 highest severity;
ADMHIDECMT: Program ADMHIDECMT placed in library ASHIBATA2. 00 highest severity;
ADMLRN400: Program ADMLRN400 placed in library ASHIBATA2. 00 highest severity;
ADMMAIN: File ADMMAIN created;
ADMOFRLIST: Program ADMOFRLIST placed in library ASHIBATA2. 00 highest severity;
ADMSCR: File ADMSCR created;
ADMSETTING: Program ADMSETTING placed in library ASHIBATA2. 00 highest severity;
ADMVOTERES: File ADMVOTERES created;
ADMVOTERPT: Program ADMVOTERPT placed in library ASHIBATA2. 00 highest severity;
BEEMOVIE: Compilation stopped.;
BMOVSCR: File BMOVSCR created;
BUILDVCF: Program BUILDVCF created in library ASHIBATA1;
CMTPRTF: File CMTPRTF created;
CMTTST: File CMTTST created;
CREDITS: Program CREDITS placed in library ASHIBATA2. 00 highest severity;
CREDITSSCR: File CREDITSSCR created;
EXHBMENU: Program EXHBMENU placed in library ASHIBATA2. 00 highest severity;
EXHBMENUSC: File EXHBMENUSC created;
GUESTBKSCR: File GUESTBKSCR created;
INTERSCR: File INTERSCR created;
LRN400: Program LRN400 placed in library ASHIBATA2. 00 highest severity;
LRN400AUT: Program LRN400AUT placed in library ASHIBATA2. 00 highest severity;
LRN400SCR: File LRN400SCR created;
LRN400STUB: Program LRN400STUB created in library ASHIBATA2;
LRNAUTO: File LRNAUTO created;
NTRSTIT: Program NTRSTIT placed in library ASHIBATA2. 00 highest severity;
PARAMETER: Program PARAMETER placed in library ASHIBATA2. 00 highest severity;
PASSSCR: File PASSSCR created;
PRINTER: Compilation stopped.;
PRTLSTCMT: Program PRTLSTCMT placed in library ASHIBATA2. 00 highest severity;
PRTLSTVOTE: Program PRTLSTVOTE placed in library ASHIBATA2. 00 highest severity;
READGBCMT: Program READGBCMT placed in library ASHIBATA2. 00 highest severity;
READGBSTUB: Program READGBSTUB created in library ASHIBATA2;
SETUPSCR: File SETUPSCR created;
TESTPRT2: File TESTPRT2 created;
TESTSUITE: File TESTSUITE created;
VCFMAIN: File VCFMAIN created;
VCFSTUB: Program VCFSTUB created in library ASHIBATA2;
VOTEPRTF: File VOTEPRTF created;
VOTESCR: File VOTESCR created;
VOTESTUB: Program VOTESTUB created in library ASHIBATA2;
--- object inventory ASHIBATA2 ---

 ADDGBCMT       *PGM         RPGLE                    167936
 ADDGBSTUB      *PGM         CLP                       40960
 ADDVOTE        *PGM         RPGLE                    217088
 ADMADDSOFR     *PGM         RPGLE                    131072
 ADMCRTEXHB     *PGM         RPGLE                    208896
 ADMHIDECMT     *PGM         RPGLE                    159744
 ADMLRN400      *PGM         RPGLE                    180224
 ADMOFRLIST     *PGM         RPGLE                    131072
 ADMSETTING     *PGM         RPGLE                    143360
 ADMVOTERPT     *PGM         RPGLE                    167936
 CREDITS        *PGM         RPGLE                    114688
 EXHBMENU       *PGM         RPGLE                    172032
 LRN400         *PGM         RPGLE                    172032
 LRN400AUT      *PGM         RPGLE                    151552
 LRN400STUB     *PGM         CLP                       40960
 NTRSTIT        *PGM         RPGLE                    114688
 PARAMETER      *PGM         RPGLE                    114688
 PRTLSTCMT      *PGM         RPGLE                    135168
 PRTLSTVOTE     *PGM         RPGLE                    135168
 READGBCMT      *PGM         RPGLE                    167936
 READGBSTUB     *PGM         CLP                       40960
 VCFSTUB        *PGM         CLP                       40960
 VOTESTUB       *PGM         CLP                       40960
 ADMMAINQQ      *MSGF                                  24576
 MAINQQ         *MSGF                                  24576
 VCFMAINQQ      *MSGF                                  24576
 ADMMAIN        *FILE        DSPF                       8192
 ADMSCR         *FILE        DSPF                       8192
 ADMVOTERES     *FILE        DSPF                       8192
 ASHIBATA       *FILE        PF                       143360
 AWARDDB        *FILE        PF                       131072
 BMOVDB         *FILE        PF                       122880
 BMOVSCR        *FILE        DSPF                       8192
 CMTPRTF        *FILE        PRTF                       8192
 CMTTST         *FILE        PRTF                       8192
 CREDITSSCR     *FILE        DSPF                       8192
 EXHBDB         *FILE        PF                       131072
 EXHBMENUSC     *FILE        DSPF                      16384
 GUESTBKDB      *FILE        PF                       122880
 GUESTBKSCR     *FILE        DSPF                      20480
 INTERSCR       *FILE        DSPF                       8192
 LRNAUTO        *FILE        DSPF                      12288
 LRN400SCR      *FILE        DSPF                      12288
 LRN400STR      *FILE        PF                       131072
 MAIN           *FILE        DSPF                      16384
 PASSSCR        *FILE        DSPF                       8192
 SECOFRS        *FILE        PF                       122880
 SETTINGS       *FILE        PF                       122880
 SETUPSCR       *FILE        DSPF                       8192
 TESTPRT2       *FILE        PRTF                       8192
 TESTSUITE      *FILE        DSPF                       8192
 VCFMAIN        *FILE        DSPF                      45056
 VOTEPRTF       *FILE        PRTF                       8192
 VOTESCR        *FILE        DSPF                      20480
 VOTINGDB       *FILE        PF                       122880
 STRCMTEDT      *CMD                                    8192
 STREXHB        *CMD                                    8192
 STREXHBEDT     *CMD                                    8192
 STRVOTERPT     *CMD                                    8192
 ADMMAIN        *MENU        DSPF                       8192
 MAIN           *MENU        DSPF                       8192
 VCFMAIN        *MENU        DSPF                       8192
=== 2026-09-07T15:23:03Z done
